plasmid_id	pLIN_v41	matched_accession	provisional_from	nearest_database_plasmid	nearest_similarity	L1	L2	L3	L4	L5	L6	study
CP022533	169.371.388.1137.1395.19830	NZ_CP022533.1		NZ_CP022533.1	1.0	169	371	388	1137	1395	19830	Study6_IMP4_IncHI2_Australia
CP104940	154.947.1027.23037.25293.30974	NZ_CP104940.1		NZ_CP104940.1	1.0	154	947	1027	23037	25293	30974	Study1_KPC2_IncN_Germany
CP104944	154.947.1027.23037.25293.30974			NZ_CP077413.1	1.0	154	947	1027	23037	25293	30974	Study1_KPC2_IncN_Germany
CP104949	154.947.1027.23037.25293.30974	NZ_CP104949.1		NZ_CP104949.1	1.0	154	947	1027	23037	25293	30974	Study1_KPC2_IncN_Germany
MN542377	1045.1274.1373.10321.23633.28724	NZ_MN542377.1		NZ_MN542377.1	1.0	1045	1274	1373	10321	23633	28724	Study4_KPC2_Singapore
MN657241	155.1026.1112.5659.6172.7555	MN657241.1		MN657241.1	1.0	155	1026	1112	5659	6172	7555	Study3_NDM1_Germany
MN657242	160.168.172.173.6173.7556	MN657242.1		MN657242.1	1.0	160	168	172	173	6173	7556	Study3_NDM1_Germany
MN657243	155.1026.1112.5659.6174.7557	MN657243.1		MN657243.1	1.0	155	1026	1112	5659	6174	7557	Study3_NDM1_Germany
MN657244	160.168.172.173.6173.7558	MN657244.1		MN657244.1	1.0	160	168	172	173	6173	7558	Study3_NDM1_Germany
MN657245	154.3976.4566.5660.6175.7559	MN657245.1		MN657245.1	1.0	154	3976	4566	5660	6175	7559	Study3_NDM1_Germany
MN657246	154.3976.4566.5660.6175.7560	MN657246.1		MN657246.1	1.0	154	3976	4566	5660	6175	7560	Study3_NDM1_Germany
MN657247	160.168.172.173.6173.7561	MN657247.1		MN657247.1	1.0	160	168	172	173	6173	7561	Study3_NDM1_Germany
MN657248	52.3977.4567.5661.6176.7562	MN657248.1		MN657248.1	1.0	52	3977	4567	5661	6176	7562	Study3_NDM1_Germany
MN657249	160.225.230.236.237.7563	MN657249.1		MN657249.1	1.0	160	225	230	236	237	7563	Study3_NDM1_Germany
MN657250	160.225.230.236.237.7563	MN657250.1		MN657250.1	1.0	160	225	230	236	237	7563	Study3_NDM1_Germany
MN657251	50.281.290.302.303.3529	MN657251.1		MN657251.1	1.0	50	281	290	302	303	3529	Study3_NDM1_Germany
MN657252	160.225.230.236.237.7564	MN657252.1		MN657252.1	1.0	160	225	230	236	237	7564	Study3_NDM1_Germany
AB616660	154.162.166.384.388.93441		L6	NZ_AP040198.1	0.9497	154	162	166	384	388	93441	Tada_2015_IMP_Japan
AY458016	156.182.1348.1496.1559.8014	NC_005327.1		NC_005327.1	1.0	156	182	1348	1496	1559	8014	Karim_2001_CTXM_India
CP004366	154.230.235.1262.8849.10600	NC_021664.2		NC_021664.2	1.0	154	230	235	1262	8849	10600	Conlan_2014_NIH_KPC
CP004367	154.230.235.1262.8849.10600	NC_021660.2		NC_021660.2	1.0	154	230	235	1262	8849	10600	Conlan_2014_NIH_KPC
CP009231	156.376.395.430.435.16454	NZ_CP009231.1		NZ_CP009231.1	1.0	156	376	395	430	435	16454	Sheppard_2016_CTXM_USA
CP009232	156.376.395.430.435.2703	NZ_CP009232.1		NZ_CP009232.1	1.0	156	376	395	430	435	2703	Sheppard_2016_CTXM_USA
CP009233	156.182.187.4000.4313.5190	NZ_CP009233.1		NZ_CP009233.1	1.0	156	182	187	4000	4313	5190	Sheppard_2016_CTXM_USA
CP016405	328.356.371.526.537.14367	NZ_CP016405.1		NZ_CP016405.1	1.0	328	356	371	526	537	14367	McGann_2016_mcr1_USA
CP017672	272.293.11822.14186.15469.18547	NZ_CP017672.1		NZ_CP017672.1	1.0	272	293	11822	14186	15469	18547	Rojas_2017_NDM_Colombia
CP019026	154.162.166.384.388.18896	NZ_CP019026.1		NZ_CP019026.1	1.0	154	162	166	384	388	18896	Li_2018_KPC_IncN
CP081509	159.10604.12497.24622.27082.33249	NZ_MZ867985.1		NZ_MZ867985.1	1.0	159	10604	12497	24622	27082	33249	Arcari_2023_KPC_outbreak
CP081510	159.5800.9907.11976.13077.20655	NZ_MZ867986.1		NZ_MZ867986.1	1.0	159	5800	9907	11976	13077	20655	Arcari_2023_KPC_outbreak
EU935738	156.5005.5762.7006.7569.9113	NC_013121.1		NC_013121.1	1.0	156	5005	5762	7006	7569	9113	Woodford_2009_CTXM_UK
EU935739	282.304.314.7007.7570.9114	NC_013122.1		NC_013122.1	1.0	282	304	314	7007	7570	9114	Woodford_2009_CTXM_UK
EU935740	271.292.302.1952.2045.2367	NC_013120.1		NC_013120.1	1.0	271	292	302	1952	2045	2367	Woodford_2009_CTXM_UK
FN868832	271.377.396.2142.2257.9378	NC_014477.1		NC_014477.1	1.0	271	377	396	2142	2257	9378	Valverde_2009_CTXM_FR
GU595196	50.281.290.302.303.1064	NC_014016.1		NC_014016.1	1.0	50	281	290	302	303	1064	Kitchel_2009_KPC_IncN
JN233704	50.503.543.1321.1377.1475			NZ_CP165848.1	0.9776	50	503	543	1321	1377	1475	Chen_2012_KPC_IncFIA
JN626286	291.313.324.743.764.1213	NC_019154.1		NC_019154.1	1.0	291	313	324	743	764	1213	Potron_2013_OXA48_Turkey
JX104760	159.167.171.172.173.1706	NC_019162.1		NC_019162.1	1.0	159	167	171	172	173	1706	Ho_2012_NDM_China
KP061858	291.313.324.743.764.1213	NZ_KP061858.1		NZ_KP061858.1	1.0	291	313	324	743	764	1213	Jousset_2019_OXA48_FR
KP347127	328.356.371.526.537.571	NZ_KP347127.1		NZ_KP347127.1	1.0	328	356	371	526	537	571	Liu_2016_mcr1_discovery
KU761326	328.356.371.526.546.77118	NZ_KU761326.1		NZ_KU761326.1	1.0	328	356	371	526	546	77118	Zheng_2017_mcr1_China
KU761327	372.420.445.548.562.600	NZ_KU761327.1		NZ_KU761327.1	1.0	372	420	445	548	562	600	Zheng_2017_mcr1_China
KX832926	7816.10569.12457.14982.17116.66599	NZ_KX832926.1		NZ_KX832926.1	1.0	7816	10569	12457	14982	17116	66599	Rojas_2017_NDM_Colombia
KX832927	212.228.233.30691.61111.77233	NZ_KX832927.1		NZ_KX832927.1	1.0	212	228	233	30691	61111	77233	Rojas_2017_NDM_Colombia
KX832928	1753.2339.2628.3166.61112.77234	NZ_KX832928.1		NZ_KX832928.1	1.0	1753	2339	2628	3166	61112	77234	Rojas_2017_NDM_Colombia
KX832929	1226.20361.24332.30079.33147.77235	NZ_KX832929.1		NZ_KX832929.1	1.0	1226	20361	24332	30079	33147	77235	Rojas_2017_NDM_Colombia
KY075653	372.420.445.548.562.600	NZ_KY075653.1		NZ_KY075653.1	1.0	372	420	445	548	562	600	Hasman_2015_mcr1_Europe
KY075654	328.356.371.14517.15838.77300	NZ_KY075654.1		NZ_KY075654.1	1.0	328	356	371	14517	15838	77300	Hasman_2015_mcr1_Europe
LR025097	156.522.564.20627.25610.31364	NZ_LR025097.1		NZ_LR025097.1	1.0	156	522	564	20627	25610	31364	Jousset_2019_OXA48_NL
LR025098	291.313.324.743.764.1213	NZ_OW995945.1		NZ_OW995945.1	1.0	291	313	324	743	764	1213	Jousset_2019_OXA48_NL
LR025100	291.313.324.743.764.1213	NZ_OW995945.1		NZ_OW995945.1	1.0	291	313	324	743	764	1213	Jousset_2019_OXA48_NL
LR025105	291.313.324.743.764.1213	OW968082.1		OW968082.1	1.0	291	313	324	743	764	1213	Jousset_2019_OXA48_NL
MH133192	1793.2402.2699.3272.63427.80490	NZ_MH133192.1		NZ_MH133192.1	1.0	1793	2402	2699	3272	63427	80490	Andrade_2019_KPC_Brazil
MH234497	159.167.171.172.173.1356	NZ_MH234508.1		NZ_MH234508.1	1.0	159	167	171	172	173	1356	Ho_2019_NDM_HK_ICU
MH234498	159.167.171.172.173.1356	NZ_MH234508.1		NZ_MH234508.1	1.0	159	167	171	172	173	1356	Ho_2019_NDM_HK_ICU
MH234499	159.167.171.172.173.1356	NZ_MH234499.1		NZ_MH234499.1	1.0	159	167	171	172	173	1356	Ho_2019_NDM_HK_ICU
MH234500	159.167.171.172.173.1356	NZ_MH234508.1		NZ_MH234508.1	1.0	159	167	171	172	173	1356	Ho_2019_NDM_HK_ICU
MH234501	159.167.171.172.173.1356	NZ_MH234501.1		NZ_MH234501.1	1.0	159	167	171	172	173	1356	Ho_2019_NDM_HK_ICU
MH234502	159.167.171.172.173.1356	NZ_MH234502.1		NZ_MH234502.1	1.0	159	167	171	172	173	1356	Ho_2019_NDM_HK_ICU
MH234503	159.167.171.172.173.1356	NZ_MH234503.1		NZ_MH234503.1	1.0	159	167	171	172	173	1356	Ho_2019_NDM_HK_ICU
MH234504	159.167.171.172.173.1356	NZ_MH234504.1		NZ_MH234504.1	1.0	159	167	171	172	173	1356	Ho_2019_NDM_HK_ICU
MH234505	159.167.171.172.173.1706	NZ_MH234505.1		NZ_MH234505.1	1.0	159	167	171	172	173	1706	Ho_2019_NDM_HK_ICU
MH234506	159.167.171.172.173.1356	NZ_MK848866.1		NZ_MK848866.1	1.0	159	167	171	172	173	1356	Ho_2019_NDM_HK_ICU
MH234507	159.167.171.172.173.1356	NZ_MH234508.1		NZ_MH234508.1	1.0	159	167	171	172	173	1356	Ho_2019_NDM_HK_ICU
MH234508	159.167.171.172.173.1356	NZ_MH234508.1		NZ_MH234508.1	1.0	159	167	171	172	173	1356	Ho_2019_NDM_HK_ICU
MH234509	159.167.171.172.173.1356	NZ_MH234509.1		NZ_MH234509.1	1.0	159	167	171	172	173	1356	Ho_2019_NDM_HK_ICU
MH985166	154.16758.19999.24550.26999.93442		L6	NZ_MH917717.1	0.9188	154	16758	19999	24550	26999	93442	Li_2020_NDM5_China
MH985167	282.304.314.10407.11327.80617	NZ_MH985167.1		NZ_MH985167.1	1.0	282	304	314	10407	11327	80617	Li_2020_NDM5_China
MH985168	154.16758.19999.24550.26999.93442		L6	NZ_MH917717.1	0.9188	154	16758	19999	24550	26999	93442	Li_2020_NDM5_China
MH985169	154.162.166.167.54908.93443		L6	NZ_JBSPEI010000079.1	0.8534	154	162	166	167	54908	93443	Li_2020_NDM5_China
MH985170	154.162.166.1590.72686.93444		L5	NZ_JANSKE010000059.1	0.6876	154	162	166	1590	72686	93444	Li_2020_NDM5_China
MH985171	154.162.166.1590.72686.93444		L5	NZ_JANSKE010000059.1	0.6876	154	162	166	1590	72686	93444	Li_2020_NDM5_China
MN783743	194.3215.3640.4474.4847.5904	NZ_MN783743.1		NZ_MN783743.1	1.0	194	3215	3640	4474	4847	5904	Arcari_2020_VIM_Italy
MN783744	194.3215.3640.4474.4847.5904	NZ_MN783744.1		NZ_MN783744.1	1.0	194	3215	3640	4474	4847	5904	Arcari_2020_VIM_Italy
MN783745	4208.6978.8172.9780.10642.81184	NZ_MN783745.1		NZ_MN783745.1	1.0	4208	6978	8172	9780	10642	81184	Arcari_2020_VIM_Italy
