plasmid_id	pLIN_v41	matched_accession	provisional_from	nearest_database_plasmid	nearest_similarity	L1	L2	L3	L4	L5	L6	pLIN_single_linkage_v3.2.3	pLIN_v3_founder	pLIN_v4	key_genes	length_bp	topology
NARACHVIM11_contig_3	169.178.183.208.209.93441		L6	NZ_PV686675.1	0.9137	169	178	183	208	209	93441	1.1.2.4.7.13	3.4.8.11.13.15	143.165.169.205.206.208	blaCTX-M-9;blaSHV-12;blaVIM-1	249474	linear
NARACHVIM11_contig_4	882.3993.4584.62736.72686.93442		L4	CP066261.1	0.7746	882	3993	4584	62736	72686	93442	1.1.2.4.7.NEW	4.5.6.8.452.82478	132.882.918.2811.24227.89809	qnrB19	53411	circular
NARACHVIM12_contig_5	158.15885.18893.23038.38221.47863			NZ_CP154357.1	0.9954	158	15885	18893	23038	38221	47863	1.1.2.4.NEW.NEW	4.5.667.11640.18631.82479	6.1192.1254.40392.73409.89810	qnrA1	5356	linear
NARACHVIM12_contig_6	169.178.183.208.209.2438			NZ_KP975077.1	0.9645	169	178	183	208	209	2438	1.1.2.4.7.13	3.4.8.11.13.47	133.218.224.253.256.1794	blaCTX-M-9;blaSHV-12;blaVIM-1	299362	linear
NARACHVIM20_contig_5	169.178.183.208.209.13150			NZ_CP099761.1	0.9704	169	178	183	208	209	13150	1.1.2.4.7.13	3.4.8.11.13.17	133.218.224.253.256.259	blaCTX-M-9;blaSHV-12;blaVIM-1	284079	circular
NARACHVIM31_contig_4	169.178.183.208.209.13150			NZ_AP023448.1	0.9508	169	178	183	208	209	13150	1.1.2.4.7.13	3.4.8.11.13.47	143.165.169.205.206.208	blaCTX-M-9;blaSHV-12;blaVIM-1;qnrA1	271025	circular
NARACHVIM31_contig_6	179.189.194.197.11253.13555			NZ_AP025893.1	1.0	179	189	194	197	11253	13555	1.1.2.4.618.4803	4.5.209.4827.7166.15501	150.173.177.9883.11473.13542		9520	circular
NARACHVIM36_contig_2	13838.19975.23849.62737.72687.93443		L4	NZ_CP115126.1	0.3816	13838	19975	23849	62737	72687	93443	1.1.2.4.7.NEW	3.6.7.9.14.82480	7478.14494.16375.28041.73410.89811		39259	linear
NARACHVIM36_contig_3	169.178.183.208.17250.93444		L6	NZ_CP026661.1	0.853	169	178	183	208	17250	93444	1.1.2.4.7.13	3.6.7.10.70.125	133.218.224.253.256.1794	blaVIM-1;qnrB2	325037	linear
NARACHVIM36_contig_5	50.248.254.62738.72688.93445		L4	NZ_JBLLJW010000023.1	0.5207	50	248	254	62738	72688	93445	1.1.2.4.7.NEW	4.5.6.7.592.82481	46.50.50.1221.1289.89812		47271	linear
NARACHVIM48_contig_2	169.178.183.208.17250.93444		L6	NZ_CP048697.1	0.8725	169	178	183	208	17250	93444	1.1.2.4.7.13	3.6.7.10.70.125	133.218.224.253.256.1794	blaVIM-1;qnrB2	342211	circular
NARACHVIM48_contig_3	6644.8829.10412.44740.50486.93446		L6	NZ_JBNRLR010000018.1	0.9173	6644	8829	10412	44740	50486	93446	1.1.2.4.7.3842	3.4.8.11.11789.59739	3873.6715.7332.11903.13806.16265		56685	circular
NARACHVIM52_contig_4	169.178.183.208.209.2438			OW849303.1	0.9639	169	178	183	208	209	2438	1.1.2.4.7.13	3.4.8.11.13.47	133.218.224.253.256.1794	blaCTX-M-9;blaSHV-12;blaVIM-1;qnrA1	310079	circular
NARACHVIM52_contig_5	158.15885.18893.23038.38221.47863			NZ_CP154357.1	1.0	158	15885	18893	23038	38221	47863	1.1.2.NEW.NEW.NEW	4.5.23.12216.19502.42894	134.154.158.32806.38419.46860	qnrA1	5356	circular
NARACHVIM52_contig_6	435.490.527.580.594.632			NZ_AP025850.1	0.9873	435	490	527	580	594	632	NA.NEW.NEW.NEW.NEW.NEW	4.5.211.567.1060.4391	158.426.442.574.599.628		5022	circular
NARACHVIM56_contig_1	169.371.388.62739.72689.93447		L4	NZ_CP048697.1	0.7607	169	371	388	62739	72689	93447	1.1.2.4.7.13	3.6.7.10.70.125	26.824.855.57951.73411.89813	blaVIM-1;qnrB4	335344	circular
NARACHVIM56_contig_2	205.217.1204.62740.72690.93448		L4	NZ_JBRAVI010000003.1	0.7402	205	217	1204	62740	72690	93448	1.1.2.4.7.208	4.5.6.7.7.235	332.978.1024.57952.73412.89814		167394	circular
NARACHVIM56_contig_4	159.167.171.1605.72691.93449		L5	NZ_CP092451.1	0.3669	159	167	171	1605	72691	93449	1.1.2.4.7.NEW	4.5.6.8.7402.82482	135.155.159.1384.73413.89815	blaSHV-12;qnrS1	108584	circular
NARACHVIM56_contig_5	291.313.324.12707.13847.93450		L6	NZ_CP010365.1	0.8822	291	313	324	12707	13847	93450	1.1.2.4.7.NEW	4.5.6.7.21.82483	227.283.291.13854.28365.89816		87410	circular
