contig_shorter	contig_longer	AF_shorter	AF_longer	AF_min	ANI_aln	same_lineage_by_alignment	levels_shared_single_linkage	levels_shared_v3_founder	levels_shared_v4	levels_shared_v41
NARACHVIM11_contig_3	NARACHVIM12_contig_6	0.979	0.82	0.82	99.997	True	6	5	0	5
NARACHVIM11_contig_3	NARACHVIM20_contig_5	0.962	0.845	0.845	99.997	True	6	5	0	5
NARACHVIM11_contig_3	NARACHVIM31_contig_4	0.979	0.901	0.901	99.996	True	6	5	6	5
NARACHVIM11_contig_3	NARACHVIM36_contig_3	0.821	0.63	0.63	99.628	False	6	1	0	4
NARACHVIM11_contig_3	NARACHVIM48_contig_2	0.821	0.598	0.598	99.626	False	6	1	0	4
NARACHVIM11_contig_3	NARACHVIM52_contig_4	0.979	0.792	0.792	99.997	False	6	5	0	5
NARACHVIM11_contig_3	NARACHVIM56_contig_1	0.871	0.648	0.648	99.502	False	6	1	0	1
NARACHVIM20_contig_5	NARACHVIM12_contig_6	1.0	0.949	0.949	99.999	True	6	5	5	5
NARACHVIM31_contig_4	NARACHVIM12_contig_6	0.984	0.896	0.896	99.998	True	6	6	0	5
NARACHVIM12_contig_6	NARACHVIM36_contig_3	0.82	0.755	0.755	99.18	False	6	1	6	4
NARACHVIM12_contig_6	NARACHVIM48_contig_2	0.82	0.717	0.717	99.179	False	6	1	6	4
NARACHVIM12_contig_6	NARACHVIM52_contig_4	1.0	0.965	0.965	99.999	True	6	6	6	6
NARACHVIM12_contig_6	NARACHVIM56_contig_1	0.808	0.721	0.721	99.101	False	6	1	0	1
NARACHVIM31_contig_4	NARACHVIM20_contig_5	0.969	0.925	0.925	99.998	True	6	5	0	6
NARACHVIM20_contig_5	NARACHVIM36_contig_3	0.846	0.739	0.739	99.352	False	6	1	5	4
NARACHVIM20_contig_5	NARACHVIM48_contig_2	0.846	0.702	0.702	99.351	False	6	1	5	4
NARACHVIM20_contig_5	NARACHVIM52_contig_4	1.0	0.916	0.916	99.999	True	6	5	5	5
NARACHVIM20_contig_5	NARACHVIM56_contig_1	0.845	0.716	0.716	99.106	False	6	1	0	1
NARACHVIM31_contig_4	NARACHVIM36_contig_3	0.847	0.706	0.706	99.638	False	6	1	0	4
NARACHVIM31_contig_4	NARACHVIM48_contig_2	0.847	0.671	0.671	99.637	False	6	1	0	4
NARACHVIM31_contig_4	NARACHVIM52_contig_4	1.0	0.878	0.878	99.997	True	6	6	0	5
NARACHVIM31_contig_4	NARACHVIM56_contig_1	0.857	0.693	0.693	99.358	False	6	1	0	1
NARACHVIM36_contig_3	NARACHVIM48_contig_2	1.0	0.95	0.95	99.999	True	6	6	6	6
NARACHVIM52_contig_4	NARACHVIM36_contig_3	0.805	0.768	0.768	99.195	False	6	1	6	4
NARACHVIM36_contig_3	NARACHVIM56_contig_1	0.77	0.749	0.749	99.374	False	6	6	0	1
NARACHVIM52_contig_4	NARACHVIM48_contig_2	0.805	0.73	0.73	99.194	False	6	1	6	4
NARACHVIM56_contig_1	NARACHVIM48_contig_2	0.776	0.757	0.757	99.381	False	6	6	0	1
NARACHVIM52_contig_4	NARACHVIM56_contig_1	0.791	0.732	0.732	99.114	False	6	1	0	1
