uid	accession	title	length	biosample	topology	fasta
2575713619	CP133740.1	Klebsiella pneumoniae strain KP27 plasmid unnamed2, complete sequence	3478	SAMN37272498	circular	/Users/basilxavier/Desktop/PLASMID_TOOL/output/backbone_v41/external/E3/fasta/CP133740.1.fasta
2575713625	CP133741.1	Klebsiella pneumoniae strain KP27 plasmid pKP27_KPC2, complete sequence	52317	SAMN37272498	circular	/Users/basilxavier/Desktop/PLASMID_TOOL/output/backbone_v41/external/E3/fasta/CP133741.1.fasta
2575713679	CP133742.1	Klebsiella pneumoniae strain KP27 plasmid unnamed1, complete sequence	246730	SAMN37272498	circular	/Users/basilxavier/Desktop/PLASMID_TOOL/output/backbone_v41/external/E3/fasta/CP133742.1.fasta
2575719532	CP133743.1	Klebsiella pneumoniae strain KP26 plasmid unnamed, complete sequence	197993	SAMN37272497	circular	/Users/basilxavier/Desktop/PLASMID_TOOL/output/backbone_v41/external/E3/fasta/CP133743.1.fasta
2575724826	CP133745.1	Klebsiella pneumoniae strain KP26 plasmid pKPC2_KP26, complete sequence	113624	SAMN37272497	circular	/Users/basilxavier/Desktop/PLASMID_TOOL/output/backbone_v41/external/E3/fasta/CP133745.1.fasta
2575738009	CP133746.1	Klebsiella pneumoniae strain KP17 plasmid unnamed1, complete sequence	18556	SAMN37272496	circular	/Users/basilxavier/Desktop/PLASMID_TOOL/output/backbone_v41/external/E3/fasta/CP133746.1.fasta
2575738032	CP133747.1	Klebsiella pneumoniae strain KP17 plasmid pKP17_OXA48, complete sequence	78141	SAMN37272496	circular	/Users/basilxavier/Desktop/PLASMID_TOOL/output/backbone_v41/external/E3/fasta/CP133747.1.fasta
2575738119	CP133748.1	Klebsiella pneumoniae strain KP17 plasmid unnamed3, complete sequence	312066	SAMN37272496	circular	/Users/basilxavier/Desktop/PLASMID_TOOL/output/backbone_v41/external/E3/fasta/CP133748.1.fasta
2575743637	CP133750.1	Klebsiella pneumoniae strain KP17 plasmid unnamed2, complete sequence	10022	SAMN37272496	circular	/Users/basilxavier/Desktop/PLASMID_TOOL/output/backbone_v41/external/E3/fasta/CP133750.1.fasta
2576790705	CP133845.1	Klebsiella pneumoniae strain KP6 plasmid unnamed, complete sequence	229024	SAMN37200066	circular	/Users/basilxavier/Desktop/PLASMID_TOOL/output/backbone_v41/external/E3/fasta/CP133845.1.fasta
2576790906	CP133846.1	Klebsiella pneumoniae strain KP6 plasmid pKP6_OXA48, complete sequence	63590	SAMN37200066	circular	/Users/basilxavier/Desktop/PLASMID_TOOL/output/backbone_v41/external/E3/fasta/CP133846.1.fasta
2576814849	CP133848.1	Citrobacter freundii strain CF2 plasmid unnamed2, complete sequence	302783	SAMN37200065	circular	/Users/basilxavier/Desktop/PLASMID_TOOL/output/backbone_v41/external/E3/fasta/CP133848.1.fasta
2576815174	CP133849.1	Citrobacter freundii strain CF2 plasmid pCF2_OXA48, complete sequence	63586	SAMN37200065	circular	/Users/basilxavier/Desktop/PLASMID_TOOL/output/backbone_v41/external/E3/fasta/CP133849.1.fasta
2576815258	CP133850.1	Citrobacter freundii strain CF2 plasmid unnamed3, complete sequence	4448	SAMN37200065	circular	/Users/basilxavier/Desktop/PLASMID_TOOL/output/backbone_v41/external/E3/fasta/CP133850.1.fasta
2576815263	CP133851.1	Citrobacter freundii strain CF2 plasmid unnamed1, complete sequence	30566	SAMN37200065	circular	/Users/basilxavier/Desktop/PLASMID_TOOL/output/backbone_v41/external/E3/fasta/CP133851.1.fasta
2576805186	CP133853.1	Escherichia coli strain ES4 plasmid pES4_NDM5, complete sequence	141901	SAMN37200063	circular	/Users/basilxavier/Desktop/PLASMID_TOOL/output/backbone_v41/external/E3/fasta/CP133853.1.fasta
2576809817	CP133855.1	Escherichia coli strain ES4 plasmid unnamed, complete sequence	95679	SAMN37200063	circular	/Users/basilxavier/Desktop/PLASMID_TOOL/output/backbone_v41/external/E3/fasta/CP133855.1.fasta
2576820004	CP133857.1	Enterobacter hormaechei strain EB6 plasmid pEB6_KPC2, complete sequence	299734	SAMN37200061	circular	/Users/basilxavier/Desktop/PLASMID_TOOL/output/backbone_v41/external/E3/fasta/CP133857.1.fasta
2576820309	CP133858.1	Enterobacter hormaechei strain EB6 plasmid unnamed, complete sequence	119102	SAMN37200061	circular	/Users/basilxavier/Desktop/PLASMID_TOOL/output/backbone_v41/external/E3/fasta/CP133858.1.fasta
2576804823	CP133861.1	Enterobacter cloacae complex sp. EB5 plasmid unnamed5, complete sequence	56375	SAMN37200060	circular	/Users/basilxavier/Desktop/PLASMID_TOOL/output/backbone_v41/external/E3/fasta/CP133861.1.fasta
2576804892	CP133862.1	Enterobacter cloacae complex sp. EB5 plasmid unnamed4, complete sequence	50461	SAMN37200060	circular	/Users/basilxavier/Desktop/PLASMID_TOOL/output/backbone_v41/external/E3/fasta/CP133862.1.fasta
2576804950	CP133863.1	Enterobacter cloacae complex sp. EB5 plasmid pEB5_OXA48, complete sequence	130200	SAMN37200060	circular	/Users/basilxavier/Desktop/PLASMID_TOOL/output/backbone_v41/external/E3/fasta/CP133863.1.fasta
2576805080	CP133864.1	Enterobacter cloacae complex sp. EB5 plasmid unnamed2, complete sequence	63588	SAMN37200060	circular	/Users/basilxavier/Desktop/PLASMID_TOOL/output/backbone_v41/external/E3/fasta/CP133864.1.fasta
2576805163	CP133865.1	Enterobacter cloacae complex sp. EB5 plasmid unnamed1, complete sequence	9873	SAMN37200060	circular	/Users/basilxavier/Desktop/PLASMID_TOOL/output/backbone_v41/external/E3/fasta/CP133865.1.fasta
2576805173	CP133866.1	Enterobacter cloacae complex sp. EB5 plasmid unnamed3, complete sequence	9552	SAMN37200060	circular	/Users/basilxavier/Desktop/PLASMID_TOOL/output/backbone_v41/external/E3/fasta/CP133866.1.fasta
2576824991	CP133867.1	Klebsiella pneumoniae strain KP5 plasmid pKP5_KPC2, complete sequence	99318	SAMN37200059	circular	/Users/basilxavier/Desktop/PLASMID_TOOL/output/backbone_v41/external/E3/fasta/CP133867.1.fasta
2576809912	CP133869.1	Escherichia coli strain ES5 plasmid unnamed4, complete sequence	24355	SAMN37200064	circular	/Users/basilxavier/Desktop/PLASMID_TOOL/output/backbone_v41/external/E3/fasta/CP133869.1.fasta
2576809925	CP133870.1	Escherichia coli strain ES5 plasmid unnamed1, complete sequence	94876	SAMN37200064	circular	/Users/basilxavier/Desktop/PLASMID_TOOL/output/backbone_v41/external/E3/fasta/CP133870.1.fasta
2576814725	CP133872.1	Escherichia coli strain ES5 plasmid unnamed3, complete sequence	17158	SAMN37200064	circular	/Users/basilxavier/Desktop/PLASMID_TOOL/output/backbone_v41/external/E3/fasta/CP133872.1.fasta
2576814742	CP133873.1	Escherichia coli strain ES5 plasmid pES5_OXA48, complete sequence	63588	SAMN37200064	circular	/Users/basilxavier/Desktop/PLASMID_TOOL/output/backbone_v41/external/E3/fasta/CP133873.1.fasta
2576814824	CP133874.1	Escherichia coli strain ES5 plasmid unnamed2, complete sequence	14409	SAMN37200064	circular	/Users/basilxavier/Desktop/PLASMID_TOOL/output/backbone_v41/external/E3/fasta/CP133874.1.fasta
2615059871	CP137352.1	Klebsiella pneumoniae strain KP99_L14_14.23_ST147_NDM5_OXA48 plasmid pKP99_virNDM5, complete sequence	349289	SAMN37951971	circular	/Users/basilxavier/Desktop/PLASMID_TOOL/output/backbone_v41/external/E3/fasta/CP137352.1.fasta
2615060231	CP137353.1	Klebsiella pneumoniae strain KP99_L14_14.23_ST147_NDM5_OXA48 plasmid unnamed2, complete sequence	129715	SAMN37951971	circular	/Users/basilxavier/Desktop/PLASMID_TOOL/output/backbone_v41/external/E3/fasta/CP137353.1.fasta
2615060365	CP137354.1	Klebsiella pneumoniae strain KP99_L14_14.23_ST147_NDM5_OXA48 plasmid unnamed3, complete sequence	4167	SAMN37951971	circular	/Users/basilxavier/Desktop/PLASMID_TOOL/output/backbone_v41/external/E3/fasta/CP137354.1.fasta
2615060390	CP137355.1	Klebsiella pneumoniae strain KP99_L14_14.23_ST147_NDM5_OXA48 plasmid unnamed1, complete sequence	167269	SAMN37951971	circular	/Users/basilxavier/Desktop/PLASMID_TOOL/output/backbone_v41/external/E3/fasta/CP137355.1.fasta
2615060567	CP137356.1	Klebsiella pneumoniae strain KP99_L14_14.23_ST147_NDM5_OXA48 plasmid pKP99_OXA48, complete sequence	72224	SAMN37951971	circular	/Users/basilxavier/Desktop/PLASMID_TOOL/output/backbone_v41/external/E3/fasta/CP137356.1.fasta
2615083111	CP137357.1	Klebsiella pneumoniae strain KP97_L17_12.23_ST147_NDM5 plasmid unnamed1, complete sequence	36664	SAMN37951970	circular	/Users/basilxavier/Desktop/PLASMID_TOOL/output/backbone_v41/external/E3/fasta/CP137357.1.fasta
2615083140	CP137358.1	Klebsiella pneumoniae strain KP97_L17_12.23_ST147_NDM5 plasmid unnamed2, complete sequence	112868	SAMN37951970	circular	/Users/basilxavier/Desktop/PLASMID_TOOL/output/backbone_v41/external/E3/fasta/CP137358.1.fasta
2615088320	CP137360.1	Klebsiella pneumoniae strain KP97_L17_12.23_ST147_NDM5 plasmid pKP97_virNDM5, complete sequence	344177	SAMN37951970	circular	/Users/basilxavier/Desktop/PLASMID_TOOL/output/backbone_v41/external/E3/fasta/CP137360.1.fasta
2615088647	CP137361.1	Klebsiella pneumoniae strain KP97_L17_12.23_ST147_NDM5 plasmid unnamed3, complete sequence	4167	SAMN37951970	circular	/Users/basilxavier/Desktop/PLASMID_TOOL/output/backbone_v41/external/E3/fasta/CP137361.1.fasta
2615070968	CP137362.1	Klebsiella pneumoniae strain KP86_L3_06.23_ST147_NDM14 plasmid unnamed3, complete sequence	39712	SAMN37951968	circular	/Users/basilxavier/Desktop/PLASMID_TOOL/output/backbone_v41/external/E3/fasta/CP137362.1.fasta
2615071035	CP137363.1	Klebsiella pneumoniae strain KP86_L3_06.23_ST147_NDM14 plasmid pKP86_vir, complete sequence	328539	SAMN37951968	circular	/Users/basilxavier/Desktop/PLASMID_TOOL/output/backbone_v41/external/E3/fasta/CP137363.1.fasta
2615071372	CP137364.1	Klebsiella pneumoniae strain KP86_L3_06.23_ST147_NDM14 plasmid unnamed2, complete sequence	112871	SAMN37951968	circular	/Users/basilxavier/Desktop/PLASMID_TOOL/output/backbone_v41/external/E3/fasta/CP137364.1.fasta
2615071495	CP137365.1	Klebsiella pneumoniae strain KP86_L3_06.23_ST147_NDM14 plasmid pKP86_NDM14, complete sequence	54063	SAMN37951968	circular	/Users/basilxavier/Desktop/PLASMID_TOOL/output/backbone_v41/external/E3/fasta/CP137365.1.fasta
2615077165	CP137367.1	Klebsiella pneumoniae strain KP86_L3_06.23_ST147_NDM14 plasmid unnamed4, complete sequence	18588	SAMN37951968	circular	/Users/basilxavier/Desktop/PLASMID_TOOL/output/backbone_v41/external/E3/fasta/CP137367.1.fasta
2615077191	CP137368.1	Klebsiella pneumoniae strain KP86_L3_06.23_ST147_NDM14 plasmid unnamed1, complete sequence	12500	SAMN37951968	circular	/Users/basilxavier/Desktop/PLASMID_TOOL/output/backbone_v41/external/E3/fasta/CP137368.1.fasta
2615088653	CP137369.1	Klebsiella pneumoniae strain KP81_L15_03.23_ST147_NDM5 plasmid unnamed1, complete sequence	8334	SAMN37951966	circular	/Users/basilxavier/Desktop/PLASMID_TOOL/output/backbone_v41/external/E3/fasta/CP137369.1.fasta
2615088664	CP137370.1	Klebsiella pneumoniae strain KP81_L15_03.23_ST147_NDM5 plasmid unnamed3, complete sequence	161532	SAMN37951966	circular	/Users/basilxavier/Desktop/PLASMID_TOOL/output/backbone_v41/external/E3/fasta/CP137370.1.fasta
2615088845	CP137371.1	Klebsiella pneumoniae strain KP81_L15_03.23_ST147_NDM5 plasmid unnamed4, complete sequence	112869	SAMN37951966	circular	/Users/basilxavier/Desktop/PLASMID_TOOL/output/backbone_v41/external/E3/fasta/CP137371.1.fasta
2615088958	CP137372.1	Klebsiella pneumoniae strain KP81_L15_03.23_ST147_NDM5 plasmid pKP81_virNDM5, complete sequence	352773	SAMN37951966	circular	/Users/basilxavier/Desktop/PLASMID_TOOL/output/backbone_v41/external/E3/fasta/CP137372.1.fasta
2615094374	CP137374.1	Klebsiella pneumoniae strain KP81_L15_03.23_ST147_NDM5 plasmid unnamed2, complete sequence	39710	SAMN37951966	circular	/Users/basilxavier/Desktop/PLASMID_TOOL/output/backbone_v41/external/E3/fasta/CP137374.1.fasta
2615077443	CP137375.1	Klebsiella pneumoniae strain KP58_WM2_48.22_ST147_NDM5_OXA48 plasmid pKP58_virNDM5, complete sequence	459868	SAMN37951965	circular	/Users/basilxavier/Desktop/PLASMID_TOOL/output/backbone_v41/external/E3/fasta/CP137375.1.fasta
2615077882	CP137376.1	Klebsiella pneumoniae strain KP58_WM2_48.22_ST147_NDM5_OXA48 plasmid unnamed, complete sequence	154737	SAMN37951965	circular	/Users/basilxavier/Desktop/PLASMID_TOOL/output/backbone_v41/external/E3/fasta/CP137376.1.fasta
2615078035	CP137377.1	Klebsiella pneumoniae strain KP58_WM2_48.22_ST147_NDM5_OXA48 plasmid pKP58_OXA48, complete sequence	68942	SAMN37951965	circular	/Users/basilxavier/Desktop/PLASMID_TOOL/output/backbone_v41/external/E3/fasta/CP137377.1.fasta
2615120104	CP137380.1	Klebsiella pneumoniae strain KP51_L9_46.22_ST147_NDM1_OXA48 plasmid unnamed2, complete sequence	112870	SAMN37951964	circular	/Users/basilxavier/Desktop/PLASMID_TOOL/output/backbone_v41/external/E3/fasta/CP137380.1.fasta
2615120216	CP137381.1	Klebsiella pneumoniae strain KP51_L9_46.22_ST147_NDM1_OXA48 plasmid pKP51_NDM1, complete sequence	54064	SAMN37951964	circular	/Users/basilxavier/Desktop/PLASMID_TOOL/output/backbone_v41/external/E3/fasta/CP137381.1.fasta
2615120269	CP137382.1	Klebsiella pneumoniae strain KP51_L9_46.22_ST147_NDM1_OXA48 plasmid pKP51_vir, complete sequence	332962	SAMN37951964	circular	/Users/basilxavier/Desktop/PLASMID_TOOL/output/backbone_v41/external/E3/fasta/CP137382.1.fasta
2615120587	CP137383.1	Klebsiella pneumoniae strain KP51_L9_46.22_ST147_NDM1_OXA48 plasmid pKP51_OXA48, complete sequence	64455	SAMN37951964	circular	/Users/basilxavier/Desktop/PLASMID_TOOL/output/backbone_v41/external/E3/fasta/CP137383.1.fasta
2615120670	CP137384.1	Klebsiella pneumoniae strain KP51_L9_46.22_ST147_NDM1_OXA48 plasmid unnamed1, complete sequence	8334	SAMN37951964	circular	/Users/basilxavier/Desktop/PLASMID_TOOL/output/backbone_v41/external/E3/fasta/CP137384.1.fasta
2615120681	CP137385.1	Klebsiella pneumoniae strain KP51_L9_46.22_ST147_NDM1_OXA48 plasmid unnamed3, complete sequence	39711	SAMN37951964	circular	/Users/basilxavier/Desktop/PLASMID_TOOL/output/backbone_v41/external/E3/fasta/CP137385.1.fasta
2615128679	CP137386.1	Klebsiella pneumoniae strain KP39_L11_43.22_ST147_NDM5 plasmid pKP39_virNDM5, complete sequence	325820	SAMN37951963	circular	/Users/basilxavier/Desktop/PLASMID_TOOL/output/backbone_v41/external/E3/fasta/CP137386.1.fasta
2615128987	CP137387.1	Klebsiella pneumoniae strain KP39_L11_43.22_ST147_NDM5 plasmid unnamed3, complete sequence	36664	SAMN37951963	circular	/Users/basilxavier/Desktop/PLASMID_TOOL/output/backbone_v41/external/E3/fasta/CP137387.1.fasta
2615134102	CP137389.1	Klebsiella pneumoniae strain KP39_L11_43.22_ST147_NDM5 plasmid unnamed1, complete sequence	112868	SAMN37951963	circular	/Users/basilxavier/Desktop/PLASMID_TOOL/output/backbone_v41/external/E3/fasta/CP137389.1.fasta
2615134215	CP137390.1	Klebsiella pneumoniae strain KP39_L11_43.22_ST147_NDM5 plasmid unnamed2, complete sequence	4167	SAMN37951963	circular	/Users/basilxavier/Desktop/PLASMID_TOOL/output/backbone_v41/external/E3/fasta/CP137390.1.fasta
2615128199	CP137392.1	Klebsiella pneumoniae strain KP124_L5_21.23_ST147_NDM5 plasmid pKP124_virNDM5, complete sequence	343106	SAMN37951962	circular	/Users/basilxavier/Desktop/PLASMID_TOOL/output/backbone_v41/external/E3/fasta/CP137392.1.fasta
2615128526	CP137393.1	Klebsiella pneumoniae strain KP124_L5_21.23_ST147_NDM5 plasmid unnamed1, complete sequence	36665	SAMN37951962	circular	/Users/basilxavier/Desktop/PLASMID_TOOL/output/backbone_v41/external/E3/fasta/CP137393.1.fasta
2615128555	CP137394.1	Klebsiella pneumoniae strain KP124_L5_21.23_ST147_NDM5 plasmid unnamed3, complete sequence	112869	SAMN37951962	circular	/Users/basilxavier/Desktop/PLASMID_TOOL/output/backbone_v41/external/E3/fasta/CP137394.1.fasta
2615128667	CP137395.1	Klebsiella pneumoniae strain KP124_L5_21.23_ST147_NDM5 plasmid unnamed2, complete sequence	8334	SAMN37951962	circular	/Users/basilxavier/Desktop/PLASMID_TOOL/output/backbone_v41/external/E3/fasta/CP137395.1.fasta
2615155702	CP137397.1	Klebsiella pneumoniae strain KP119_WM3_21.23_ST147_NDM1 plasmid unnamed2, complete sequence	4915	SAMN37951961	circular	/Users/basilxavier/Desktop/PLASMID_TOOL/output/backbone_v41/external/E3/fasta/CP137397.1.fasta
2615155709	CP137398.1	Klebsiella pneumoniae strain KP119_WM3_21.23_ST147_NDM1 plasmid unnamed3, complete sequence	2058	SAMN37951961	circular	/Users/basilxavier/Desktop/PLASMID_TOOL/output/backbone_v41/external/E3/fasta/CP137398.1.fasta
2615155712	CP137399.1	Klebsiella pneumoniae strain KP119_WM3_21.23_ST147_NDM1 plasmid unnamed6, complete sequence	109649	SAMN37951961	circular	/Users/basilxavier/Desktop/PLASMID_TOOL/output/backbone_v41/external/E3/fasta/CP137399.1.fasta
2615155820	CP137400.1	Klebsiella pneumoniae strain KP119_WM3_21.23_ST147_NDM1 plasmid pKP119_virNDM1, complete sequence	352310	SAMN37951961	circular	/Users/basilxavier/Desktop/PLASMID_TOOL/output/backbone_v41/external/E3/fasta/CP137400.1.fasta
2615156156	CP137401.1	Klebsiella pneumoniae strain KP119_WM3_21.23_ST147_NDM1 plasmid unnamed1, complete sequence	46984	SAMN37951961	circular	/Users/basilxavier/Desktop/PLASMID_TOOL/output/backbone_v41/external/E3/fasta/CP137401.1.fasta
2615156204	CP137402.1	Klebsiella pneumoniae strain KP119_WM3_21.23_ST147_NDM1 plasmid unnamed5, complete sequence	8104	SAMN37951961	circular	/Users/basilxavier/Desktop/PLASMID_TOOL/output/backbone_v41/external/E3/fasta/CP137402.1.fasta
2615139431	CP137404.1	Klebsiella pneumoniae strain KP11_L3_11.22_ST147 plasmid unnamed1, complete sequence	91282	SAMN37951960	circular	/Users/basilxavier/Desktop/PLASMID_TOOL/output/backbone_v41/external/E3/fasta/CP137404.1.fasta
2615139514	CP137405.1	Klebsiella pneumoniae strain KP11_L3_11.22_ST147 plasmid unnamed2, complete sequence	8334	SAMN37951960	circular	/Users/basilxavier/Desktop/PLASMID_TOOL/output/backbone_v41/external/E3/fasta/CP137405.1.fasta
2615150127	CP137407.1	Klebsiella pneumoniae strain KP102_WM3_17.23_ST147_OXA181 plasmid unnamed1, complete sequence	133282	SAMN37951959	circular	/Users/basilxavier/Desktop/PLASMID_TOOL/output/backbone_v41/external/E3/fasta/CP137407.1.fasta
2615150259	CP137408.1	Klebsiella pneumoniae strain KP102_WM3_17.23_ST147_OXA181 plasmid unnamed2, complete sequence	4261	SAMN37951959	circular	/Users/basilxavier/Desktop/PLASMID_TOOL/output/backbone_v41/external/E3/fasta/CP137408.1.fasta
2615150264	CP137409.1	Klebsiella pneumoniae strain KP102_WM3_17.23_ST147_OXA181 plasmid pKP102_OXA181, complete sequence	12206	SAMN37951959	circular	/Users/basilxavier/Desktop/PLASMID_TOOL/output/backbone_v41/external/E3/fasta/CP137409.1.fasta
2615150277	CP137410.1	Klebsiella pneumoniae strain KP102_WM3_17.23_ST147_OXA181 plasmid unnamed3, complete sequence	112136	SAMN37951959	circular	/Users/basilxavier/Desktop/PLASMID_TOOL/output/backbone_v41/external/E3/fasta/CP137410.1.fasta
2615150395	CP137411.1	Klebsiella pneumoniae strain KP102_WM3_17.23_ST147_OXA181 plasmid unnamed6, complete sequence	200428	SAMN37951959	circular	/Users/basilxavier/Desktop/PLASMID_TOOL/output/backbone_v41/external/E3/fasta/CP137411.1.fasta
2615150599	CP137412.1	Klebsiella pneumoniae strain KP102_WM3_17.23_ST147_OXA181 plasmid unnamed5, complete sequence	4167	SAMN37951959	circular	/Users/basilxavier/Desktop/PLASMID_TOOL/output/backbone_v41/external/E3/fasta/CP137412.1.fasta
2615139525	CP137413.1	Klebsiella pneumoniae strain KP101_SE2_14.23_ST147_NDM5_OXA232 plasmid unnamed2, complete sequence	112869	SAMN37951958	circular	/Users/basilxavier/Desktop/PLASMID_TOOL/output/backbone_v41/external/E3/fasta/CP137413.1.fasta
2615139637	CP137414.1	Klebsiella pneumoniae strain KP101_SE2_14.23_ST147_NDM5_OXA232 plasmid pKP101_NDM5, complete sequence	53404	SAMN37951958	circular	/Users/basilxavier/Desktop/PLASMID_TOOL/output/backbone_v41/external/E3/fasta/CP137414.1.fasta
2615139688	CP137415.1	Klebsiella pneumoniae strain KP101_SE2_14.23_ST147_NDM5_OXA232 plasmid unnamed3, complete sequence	39449	SAMN37951958	circular	/Users/basilxavier/Desktop/PLASMID_TOOL/output/backbone_v41/external/E3/fasta/CP137415.1.fasta
2615139720	CP137416.1	Klebsiella pneumoniae strain KP101_SE2_14.23_ST147_NDM5_OXA232 plasmid unnamed4, complete sequence	12502	SAMN37951958	circular	/Users/basilxavier/Desktop/PLASMID_TOOL/output/backbone_v41/external/E3/fasta/CP137416.1.fasta
2615144803	CP137418.1	Klebsiella pneumoniae strain KP101_SE2_14.23_ST147_NDM5_OXA232 plasmid pKP101_vir, complete sequence	334323	SAMN37951958	circular	/Users/basilxavier/Desktop/PLASMID_TOOL/output/backbone_v41/external/E3/fasta/CP137418.1.fasta
2615145128	CP137419.1	Klebsiella pneumoniae strain KP101_SE2_14.23_ST147_NDM5_OXA232 plasmid pKP101_OXA232, complete sequence	12282	SAMN37951958	circular	/Users/basilxavier/Desktop/PLASMID_TOOL/output/backbone_v41/external/E3/fasta/CP137419.1.fasta
2615161788	CP137420.1	Klebsiella pneumoniae strain KP10_L3_11.22_ST147 plasmid unnamed2, complete sequence	143654	SAMN37951957	circular	/Users/basilxavier/Desktop/PLASMID_TOOL/output/backbone_v41/external/E3/fasta/CP137420.1.fasta
2615161904	CP137421.1	Klebsiella pneumoniae strain KP10_L3_11.22_ST147 plasmid unnamed3, complete sequence	12500	SAMN37951957	circular	/Users/basilxavier/Desktop/PLASMID_TOOL/output/backbone_v41/external/E3/fasta/CP137421.1.fasta
2615161920	CP137422.1	Klebsiella pneumoniae strain KP10_L3_11.22_ST147 plasmid unnamed1, complete sequence	91287	SAMN37951957	circular	/Users/basilxavier/Desktop/PLASMID_TOOL/output/backbone_v41/external/E3/fasta/CP137422.1.fasta
2615094406	CP137424.1	Klebsiella pneumoniae strain KP88_L3_06.23_ST147_NDM14 plasmid pKP88_vir, complete sequence	328537	SAMN37951969	circular	/Users/basilxavier/Desktop/PLASMID_TOOL/output/backbone_v41/external/E3/fasta/CP137424.1.fasta
2615094722	CP137425.1	Klebsiella pneumoniae strain KP88_L3_06.23_ST147_NDM14 plasmid pKP88_NDM14, complete sequence	54064	SAMN37951969	circular	/Users/basilxavier/Desktop/PLASMID_TOOL/output/backbone_v41/external/E3/fasta/CP137425.1.fasta
2615099768	CP137427.1	Klebsiella pneumoniae strain KP88_L3_06.23_ST147_NDM14 plasmid unnamed2, complete sequence	39711	SAMN37951969	circular	/Users/basilxavier/Desktop/PLASMID_TOOL/output/backbone_v41/external/E3/fasta/CP137427.1.fasta
2615099800	CP137428.1	Klebsiella pneumoniae strain KP88_L3_06.23_ST147_NDM14 plasmid unnamed4, complete sequence	112872	SAMN37951969	circular	/Users/basilxavier/Desktop/PLASMID_TOOL/output/backbone_v41/external/E3/fasta/CP137428.1.fasta
2615099911	CP137429.1	Klebsiella pneumoniae strain KP88_L3_06.23_ST147_NDM14 plasmid unnamed1, complete sequence	18588	SAMN37951969	circular	/Users/basilxavier/Desktop/PLASMID_TOOL/output/backbone_v41/external/E3/fasta/CP137429.1.fasta
2615099933	CP137430.1	Klebsiella pneumoniae strain KP88_L3_06.23_ST147_NDM14 plasmid unnamed3, complete sequence	4167	SAMN37951969	circular	/Users/basilxavier/Desktop/PLASMID_TOOL/output/backbone_v41/external/E3/fasta/CP137430.1.fasta
2615099952	CP137431.1	Klebsiella pneumoniae strain KP82_L15_04.23_ST147_NDM5 plasmid unnamed3, complete sequence	36664	SAMN37951967	circular	/Users/basilxavier/Desktop/PLASMID_TOOL/output/backbone_v41/external/E3/fasta/CP137431.1.fasta
2615099982	CP137432.1	Klebsiella pneumoniae strain KP82_L15_04.23_ST147_NDM5 plasmid unnamed2, complete sequence	8334	SAMN37951967	circular	/Users/basilxavier/Desktop/PLASMID_TOOL/output/backbone_v41/external/E3/fasta/CP137432.1.fasta
2615099993	CP137433.1	Klebsiella pneumoniae strain KP82_L15_04.23_ST147_NDM5 plasmid unnamed1, complete sequence	112870	SAMN37951967	circular	/Users/basilxavier/Desktop/PLASMID_TOOL/output/backbone_v41/external/E3/fasta/CP137433.1.fasta
2615105165	CP137435.1	Klebsiella pneumoniae strain KP82_L15_04.23_ST147_NDM5 plasmid pKP82_virNDM5, complete sequence	325816	SAMN37951967	circular	/Users/basilxavier/Desktop/PLASMID_TOOL/output/backbone_v41/external/E3/fasta/CP137435.1.fasta
2621952188	CP138473.1	Klebsiella pneumoniae subsp. pneumoniae strain KP96_L17_12.23_ST6796_NDM5 plasmid unnamed3, complete sequence	8334	SAMN38201183	circular	/Users/basilxavier/Desktop/PLASMID_TOOL/output/backbone_v41/external/E3/fasta/CP138473.1.fasta
2621952199	CP138474.1	Klebsiella pneumoniae subsp. pneumoniae strain KP96_L17_12.23_ST6796_NDM5 plasmid unnamed4, complete sequence	112869	SAMN38201183	circular	/Users/basilxavier/Desktop/PLASMID_TOOL/output/backbone_v41/external/E3/fasta/CP138474.1.fasta
2621952313	CP138475.1	Klebsiella pneumoniae subsp. pneumoniae strain KP96_L17_12.23_ST6796_NDM5 plasmid pKP96_virNDM5, complete sequence	335444	SAMN38201183	circular	/Users/basilxavier/Desktop/PLASMID_TOOL/output/backbone_v41/external/E3/fasta/CP138475.1.fasta
2621952631	CP138476.1	Klebsiella pneumoniae subsp. pneumoniae strain KP96_L17_12.23_ST6796_NDM5 plasmid unnamed1, complete sequence	36664	SAMN38201183	circular	/Users/basilxavier/Desktop/PLASMID_TOOL/output/backbone_v41/external/E3/fasta/CP138476.1.fasta
2621952661	CP138477.1	Klebsiella pneumoniae subsp. pneumoniae strain KP96_L17_12.23_ST6796_NDM5 plasmid unnamed2, complete sequence	65420	SAMN38201183	circular	/Users/basilxavier/Desktop/PLASMID_TOOL/output/backbone_v41/external/E3/fasta/CP138477.1.fasta
2637145202	CP140290.1	Klebsiella pneumoniae strain KP83_W1_04.23_ST1788 plasmid unnamed1, complete sequence	246468	SAMN38792443	circular	/Users/basilxavier/Desktop/PLASMID_TOOL/output/backbone_v41/external/E3/fasta/CP140290.1.fasta
2637145427	CP140291.1	Klebsiella pneumoniae strain KP83_W1_04.23_ST1788 plasmid unnamed2, complete sequence	113119	SAMN38792443	circular	/Users/basilxavier/Desktop/PLASMID_TOOL/output/backbone_v41/external/E3/fasta/CP140291.1.fasta
2637144796	CP140294.1	Klebsiella pneumoniae strain KP33_NE2_41.22_ST2096_OXA232 plasmid pKP33_unnamed, complete sequence	104393	SAMN38792442	circular	/Users/basilxavier/Desktop/PLASMID_TOOL/output/backbone_v41/external/E3/fasta/CP140294.1.fasta
2637144894	CP140295.1	Klebsiella pneumoniae strain KP33_NE2_41.22_ST2096_OXA232 plasmid pKP33_vir, complete sequence	310375	SAMN38792442	circular	/Users/basilxavier/Desktop/PLASMID_TOOL/output/backbone_v41/external/E3/fasta/CP140295.1.fasta
2637145189	CP140296.1	Klebsiella pneumoniae strain KP33_NE2_41.22_ST2096_OXA232 plasmid pKP33_OXA232, complete sequence	12282	SAMN38792442	circular	/Users/basilxavier/Desktop/PLASMID_TOOL/output/backbone_v41/external/E3/fasta/CP140296.1.fasta
2647203166	CP141538.1	Enterobacter hormaechei strain EB3_SW1_43.22_ST134 plasmid pEB3_IMP1, complete sequence	360600	SAMN38771721	circular	/Users/basilxavier/Desktop/PLASMID_TOOL/output/backbone_v41/external/E3/fasta/CP141538.1.fasta
2647148885	CP141540.1	Klebsiella pneumoniae strain KP108_NW3_19.23_ST1662_OXA48 plasmid unnamed, complete sequence	213832	SAMN38771720	circular	/Users/basilxavier/Desktop/PLASMID_TOOL/output/backbone_v41/external/E3/fasta/CP141540.1.fasta
2647149048	CP141541.1	Klebsiella pneumoniae strain KP108_NW3_19.23_ST1662_OXA48 plasmid pKP108_OXA48, complete sequence	63723	SAMN38771720	circular	/Users/basilxavier/Desktop/PLASMID_TOOL/output/backbone_v41/external/E3/fasta/CP141541.1.fasta
2647149288	CP141542.1	Klebsiella pneumoniae strain KP89_L16_06.23_ST307_OXA181 plasmid unnamed, complete sequence	202151	SAMN38771719	circular	/Users/basilxavier/Desktop/PLASMID_TOOL/output/backbone_v41/external/E3/fasta/CP141542.1.fasta
2647154645	CP141544.1	Klebsiella pneumoniae strain KP89_L16_06.23_ST307_OXA181 plasmid pKP89_OXA181, complete sequence	51479	SAMN38771719	circular	/Users/basilxavier/Desktop/PLASMID_TOOL/output/backbone_v41/external/E3/fasta/CP141544.1.fasta
2647171628	CP141545.1	Klebsiella pneumoniae strain KP77_WM1_02.23_ST1558_NDM5 plasmid pKP77_pco_sil, complete sequence	204880	SAMN38771718	circular	/Users/basilxavier/Desktop/PLASMID_TOOL/output/backbone_v41/external/E3/fasta/CP141545.1.fasta
2647171820	CP141546.1	Klebsiella pneumoniae strain KP77_WM1_02.23_ST1558_NDM5 plasmid pKP77_virNDM5, complete sequence	348041	SAMN38771718	circular	/Users/basilxavier/Desktop/PLASMID_TOOL/output/backbone_v41/external/E3/fasta/CP141546.1.fasta
2647187872	CP141548.1	Klebsiella pneumoniae strain KP75_L14_02.23_ST20_OXA181 plasmid pK75_unnamed, complete sequence	195469	SAMN38771717	circular	/Users/basilxavier/Desktop/PLASMID_TOOL/output/backbone_v41/external/E3/fasta/CP141548.1.fasta
2647188043	CP141549.1	Klebsiella pneumoniae strain KP75_L14_02.23_ST20_OXA181 plasmid pK75_OXA181, complete sequence	51479	SAMN38771717	circular	/Users/basilxavier/Desktop/PLASMID_TOOL/output/backbone_v41/external/E3/fasta/CP141549.1.fasta
2647138873	CP141551.1	Klebsiella pneumoniae strain KP67_L13_49.22_ST437_NDM5_OXA232 plasmid pKP67_NDM5, complete sequence	106717	SAMN38771715	circular	/Users/basilxavier/Desktop/PLASMID_TOOL/output/backbone_v41/external/E3/fasta/CP141551.1.fasta
2647138974	CP141552.1	Klebsiella pneumoniae strain KP67_L13_49.22_ST437_NDM5_OXA232 plasmid pKP67_OXA232, complete sequence	6141	SAMN38771715	circular	/Users/basilxavier/Desktop/PLASMID_TOOL/output/backbone_v41/external/E3/fasta/CP141552.1.fasta
2647138982	CP141553.1	Klebsiella pneumoniae strain KP67_L13_49.22_ST437_NDM5_OXA232 plasmid unnamed, complete sequence	10415	SAMN38771715	circular	/Users/basilxavier/Desktop/PLASMID_TOOL/output/backbone_v41/external/E3/fasta/CP141553.1.fasta
2647165924	CP141555.1	Klebsiella pneumoniae strain KP64_WM3_49.22_ST307_KPC2 plasmid unnamed1, complete sequence	246730	SAMN38771714	circular	/Users/basilxavier/Desktop/PLASMID_TOOL/output/backbone_v41/external/E3/fasta/CP141555.1.fasta
2647166140	CP141556.1	Klebsiella pneumoniae strain KP64_WM3_49.22_ST307_KPC2 plasmid unnamed2, complete sequence	7026	SAMN38771714	circular	/Users/basilxavier/Desktop/PLASMID_TOOL/output/backbone_v41/external/E3/fasta/CP141556.1.fasta
2647171166	CP141558.1	Klebsiella pneumoniae strain KP64_WM3_49.22_ST307_KPC2 plasmid pKP64_KPC2, complete sequence	221046	SAMN38771714	circular	/Users/basilxavier/Desktop/PLASMID_TOOL/output/backbone_v41/external/E3/fasta/CP141558.1.fasta
2647154820	CP141559.1	Klebsiella pneumoniae strain KP52_L5_46.22_ST3096_NDM5_OXA48 plasmid unnamed1, complete sequence	10334	SAMN38771713	circular	/Users/basilxavier/Desktop/PLASMID_TOOL/output/backbone_v41/external/E3/fasta/CP141559.1.fasta
2647159582	CP141561.1	Klebsiella pneumoniae strain KP52_L5_46.22_ST3096_NDM5_OXA48 plasmid pKP52_NDM5, complete sequence	143019	SAMN38771713	circular	/Users/basilxavier/Desktop/PLASMID_TOOL/output/backbone_v41/external/E3/fasta/CP141561.1.fasta
2647159752	CP141562.1	Klebsiella pneumoniae strain KP52_L5_46.22_ST3096_NDM5_OXA48 plasmid unnamed2, complete sequence	362938	SAMN38771713	circular	/Users/basilxavier/Desktop/PLASMID_TOOL/output/backbone_v41/external/E3/fasta/CP141562.1.fasta
2647160099	CP141563.1	Klebsiella pneumoniae strain KP52_L5_46.22_ST3096_NDM5_OXA48 plasmid pKP52_OXA48, complete sequence	78884	SAMN38771713	circular	/Users/basilxavier/Desktop/PLASMID_TOOL/output/backbone_v41/external/E3/fasta/CP141563.1.fasta
2647177296	CP141564.1	Klebsiella pneumoniae strain KP44_NW4_44.22_ST307_OXA48 plasmid pKP44_OXA48, complete sequence	61500	SAMN38771712	circular	/Users/basilxavier/Desktop/PLASMID_TOOL/output/backbone_v41/external/E3/fasta/CP141564.1.fasta
2647182415	CP141566.1	Klebsiella pneumoniae strain KP44_NW4_44.22_ST307_OXA48 plasmid unnamed1, complete sequence	246729	SAMN38771712	circular	/Users/basilxavier/Desktop/PLASMID_TOOL/output/backbone_v41/external/E3/fasta/CP141566.1.fasta
2647182631	CP141567.1	Klebsiella pneumoniae strain KP44_NW4_44.22_ST307_OXA48 plasmid unnamed2, complete sequence	18587	SAMN38771712	circular	/Users/basilxavier/Desktop/PLASMID_TOOL/output/backbone_v41/external/E3/fasta/CP141567.1.fasta
2647160363	CP141568.1	Klebsiella pneumoniae strain KP40_L1_43.22_ST20_IMP1 plasmid pKP40_IMP1, complete sequence	57006	SAMN38771711	circular	/Users/basilxavier/Desktop/PLASMID_TOOL/output/backbone_v41/external/E3/fasta/CP141568.1.fasta
2647160435	CP141569.1	Klebsiella pneumoniae strain KP40_L1_43.22_ST20_IMP1 plasmid unnamed, complete sequence	194326	SAMN38771711	circular	/Users/basilxavier/Desktop/PLASMID_TOOL/output/backbone_v41/external/E3/fasta/CP141569.1.fasta
2647182755	CP141571.1	Klebsiella pneumoniae strain KP35_L8_42.22_ST2096_OXA232 plasmid pK35_unnamed2, complete sequence	98843	SAMN38771710	circular	/Users/basilxavier/Desktop/PLASMID_TOOL/output/backbone_v41/external/E3/fasta/CP141571.1.fasta
2647182830	CP141572.1	Klebsiella pneumoniae strain KP35_L8_42.22_ST2096_OXA232 plasmid pK35_unnamed1, complete sequence	19463	SAMN38771710	circular	/Users/basilxavier/Desktop/PLASMID_TOOL/output/backbone_v41/external/E3/fasta/CP141572.1.fasta
2647182848	CP141573.1	Klebsiella pneumoniae strain KP35_L8_42.22_ST2096_OXA232 plasmid pK35_OXA232, complete sequence	12283	SAMN38771710	circular	/Users/basilxavier/Desktop/PLASMID_TOOL/output/backbone_v41/external/E3/fasta/CP141573.1.fasta
2647198183	CP141576.1	Klebsiella pneumoniae strain KP32_L7_41.22_ST86 plasmid pKP32_vir, complete sequence	226789	SAMN38771709	circular	/Users/basilxavier/Desktop/PLASMID_TOOL/output/backbone_v41/external/E3/fasta/CP141576.1.fasta
2647198387	CP141577.1	Klebsiella pneumoniae strain KP32_L7_41.22_ST86 plasmid unnamed, complete sequence	9310	SAMN38771709	circular	/Users/basilxavier/Desktop/PLASMID_TOOL/output/backbone_v41/external/E3/fasta/CP141577.1.fasta
2647061713	CP141579.1	Klebsiella pneumoniae strain KP72_WM4_01.23_ST307_KPC2 plasmid pKP72_KPC2, complete sequence	52318	SAMN38771716	circular	/Users/basilxavier/Desktop/PLASMID_TOOL/output/backbone_v41/external/E3/fasta/CP141579.1.fasta
2647061768	CP141580.1	Klebsiella pneumoniae strain KP72_WM4_01.23_ST307_KPC2 plasmid unnamed, complete sequence	246732	SAMN38771716	circular	/Users/basilxavier/Desktop/PLASMID_TOOL/output/backbone_v41/external/E3/fasta/CP141580.1.fasta
2648060900	CP141849.1	Klebsiella pneumoniae strain KP111_WM3_19.23_ST846_KPC2 plasmid pKP111_KPC2, complete sequence	62849	SAMN39181636	circular	/Users/basilxavier/Desktop/PLASMID_TOOL/output/backbone_v41/external/E3/fasta/CP141849.1.fasta
2648060966	CP141850.1	Klebsiella pneumoniae strain KP111_WM3_19.23_ST846_KPC2 plasmid pKP111_unnamed1, complete sequence	145831	SAMN39181636	circular	/Users/basilxavier/Desktop/PLASMID_TOOL/output/backbone_v41/external/E3/fasta/CP141850.1.fasta
2648061080	CP141851.1	Klebsiella pneumoniae strain KP111_WM3_19.23_ST846_KPC2 plasmid pKP111_unnamed2, complete sequence	3223	SAMN39181636	circular	/Users/basilxavier/Desktop/PLASMID_TOOL/output/backbone_v41/external/E3/fasta/CP141851.1.fasta
2648065949	CP141853.1	Klebsiella pneumoniae strain KP111_WM3_19.23_ST846_KPC2 plasmid pKP111_unnamed3, complete sequence	109832	SAMN39181636	circular	/Users/basilxavier/Desktop/PLASMID_TOOL/output/backbone_v41/external/E3/fasta/CP141853.1.fasta
2648066060	CP141854.1	Klebsiella pneumoniae strain KP34_L5_41.22_ST20_NDM1 plasmid pKP34_NDM1, complete sequence	344527	SAMN39181635	circular	/Users/basilxavier/Desktop/PLASMID_TOOL/output/backbone_v41/external/E3/fasta/CP141854.1.fasta
2648066397	CP141855.1	Klebsiella pneumoniae strain KP34_L5_41.22_ST20_NDM1 plasmid pKP34_unnamed1, complete sequence	9048	SAMN39181635	circular	/Users/basilxavier/Desktop/PLASMID_TOOL/output/backbone_v41/external/E3/fasta/CP141855.1.fasta
2648066414	CP141856.1	Klebsiella pneumoniae strain KP34_L5_41.22_ST20_NDM1 plasmid pKP34_unnamed2, complete sequence	184511	SAMN39181635	circular	/Users/basilxavier/Desktop/PLASMID_TOOL/output/backbone_v41/external/E3/fasta/CP141856.1.fasta
2648066577	CP141857.1	Klebsiella pneumoniae strain KP34_L5_41.22_ST20_NDM1 plasmid pKP34_unnamed3, complete sequence	71861	SAMN39181635	circular	/Users/basilxavier/Desktop/PLASMID_TOOL/output/backbone_v41/external/E3/fasta/CP141857.1.fasta
2648066642	CP141858.1	Klebsiella pneumoniae strain KP34_L5_41.22_ST20_NDM1 plasmid pKP34_unnamed4, complete sequence	165917	SAMN39181635	circular	/Users/basilxavier/Desktop/PLASMID_TOOL/output/backbone_v41/external/E3/fasta/CP141858.1.fasta
2648066799	CP141859.1	Klebsiella pneumoniae strain KP34_L5_41.22_ST20_NDM1 plasmid pKP34_unnamed5, complete sequence	12569	SAMN39181635	circular	/Users/basilxavier/Desktop/PLASMID_TOOL/output/backbone_v41/external/E3/fasta/CP141859.1.fasta
2648066815	CP141860.1	Klebsiella pneumoniae strain KP34_L5_41.22_ST20_NDM1 plasmid pKP34_unnamed6, complete sequence	12132	SAMN39181635	circular	/Users/basilxavier/Desktop/PLASMID_TOOL/output/backbone_v41/external/E3/fasta/CP141860.1.fasta
2576911466	NZ_CP133740.1	Klebsiella pneumoniae strain KP27 plasmid unnamed2, complete sequence	3478	SAMN37272498	circular	/Users/basilxavier/Desktop/PLASMID_TOOL/output/backbone_v41/external/E3/fasta/NZ_CP133740.1.fasta
2576911467	NZ_CP133741.1	Klebsiella pneumoniae strain KP27 plasmid pKP27_KPC2, complete sequence	52317	SAMN37272498	circular	/Users/basilxavier/Desktop/PLASMID_TOOL/output/backbone_v41/external/E3/fasta/NZ_CP133741.1.fasta
2576911468	NZ_CP133742.1	Klebsiella pneumoniae strain KP27 plasmid unnamed1, complete sequence	246730	SAMN37272498	circular	/Users/basilxavier/Desktop/PLASMID_TOOL/output/backbone_v41/external/E3/fasta/NZ_CP133742.1.fasta
2576946520	NZ_CP133743.1	Klebsiella pneumoniae strain KP26 plasmid unnamed, complete sequence	197993	SAMN37272497	circular	/Users/basilxavier/Desktop/PLASMID_TOOL/output/backbone_v41/external/E3/fasta/NZ_CP133743.1.fasta
2576946522	NZ_CP133745.1	Klebsiella pneumoniae strain KP26 plasmid pKPC2_KP26, complete sequence	113624	SAMN37272497	circular	/Users/basilxavier/Desktop/PLASMID_TOOL/output/backbone_v41/external/E3/fasta/NZ_CP133745.1.fasta
2576923200	NZ_CP133746.1	Klebsiella pneumoniae strain KP17 plasmid unnamed1, complete sequence	18556	SAMN37272496	circular	/Users/basilxavier/Desktop/PLASMID_TOOL/output/backbone_v41/external/E3/fasta/NZ_CP133746.1.fasta
2576923201	NZ_CP133747.1	Klebsiella pneumoniae strain KP17 plasmid pKP17_OXA48, complete sequence	78141	SAMN37272496	circular	/Users/basilxavier/Desktop/PLASMID_TOOL/output/backbone_v41/external/E3/fasta/NZ_CP133747.1.fasta
2576923202	NZ_CP133748.1	Klebsiella pneumoniae strain KP17 plasmid unnamed3, complete sequence	312066	SAMN37272496	circular	/Users/basilxavier/Desktop/PLASMID_TOOL/output/backbone_v41/external/E3/fasta/NZ_CP133748.1.fasta
2576923205	NZ_CP133750.1	Klebsiella pneumoniae strain KP17 plasmid unnamed2, complete sequence	10022	SAMN37272496	circular	/Users/basilxavier/Desktop/PLASMID_TOOL/output/backbone_v41/external/E3/fasta/NZ_CP133750.1.fasta
2577740022	NZ_CP133845.1	Klebsiella pneumoniae strain KP6 plasmid unnamed, complete sequence	229024	SAMN37200066	circular	/Users/basilxavier/Desktop/PLASMID_TOOL/output/backbone_v41/external/E3/fasta/NZ_CP133845.1.fasta
2577740040	NZ_CP133846.1	Klebsiella pneumoniae strain KP6 plasmid pKP6_OXA48, complete sequence	63590	SAMN37200066	circular	/Users/basilxavier/Desktop/PLASMID_TOOL/output/backbone_v41/external/E3/fasta/NZ_CP133846.1.fasta
2660326359	NZ_CP133848.1	Citrobacter freundii strain CF2 plasmid unnamed2, complete sequence	302783	SAMN37200065	circular	/Users/basilxavier/Desktop/PLASMID_TOOL/output/backbone_v41/external/E3/fasta/NZ_CP133848.1.fasta
2660326360	NZ_CP133849.1	Citrobacter freundii strain CF2 plasmid pCF2_OXA48, complete sequence	63586	SAMN37200065	circular	/Users/basilxavier/Desktop/PLASMID_TOOL/output/backbone_v41/external/E3/fasta/NZ_CP133849.1.fasta
2660326361	NZ_CP133850.1	Citrobacter freundii strain CF2 plasmid unnamed3, complete sequence	4448	SAMN37200065	circular	/Users/basilxavier/Desktop/PLASMID_TOOL/output/backbone_v41/external/E3/fasta/NZ_CP133850.1.fasta
2660326362	NZ_CP133851.1	Citrobacter freundii strain CF2 plasmid unnamed1, complete sequence	30566	SAMN37200065	circular	/Users/basilxavier/Desktop/PLASMID_TOOL/output/backbone_v41/external/E3/fasta/NZ_CP133851.1.fasta
2577744226	NZ_CP133853.1	Escherichia coli strain ES4 plasmid pES4_NDM5, complete sequence	141901	SAMN37200063	circular	/Users/basilxavier/Desktop/PLASMID_TOOL/output/backbone_v41/external/E3/fasta/NZ_CP133853.1.fasta
2577744282	NZ_CP133855.1	Escherichia coli strain ES4 plasmid unnamed, complete sequence	95679	SAMN37200063	circular	/Users/basilxavier/Desktop/PLASMID_TOOL/output/backbone_v41/external/E3/fasta/NZ_CP133855.1.fasta
2577884638	NZ_CP133857.1	Enterobacter hormaechei strain EB6 plasmid pEB6_KPC2, complete sequence	299734	SAMN37200061	circular	/Users/basilxavier/Desktop/PLASMID_TOOL/output/backbone_v41/external/E3/fasta/NZ_CP133857.1.fasta
2577884715	NZ_CP133858.1	Enterobacter hormaechei strain EB6 plasmid unnamed, complete sequence	119102	SAMN37200061	circular	/Users/basilxavier/Desktop/PLASMID_TOOL/output/backbone_v41/external/E3/fasta/NZ_CP133858.1.fasta
2578406567	NZ_CP133861.1	Enterobacter cloacae complex sp. EB5 plasmid unnamed5, complete sequence	56375	SAMN37200060	circular	/Users/basilxavier/Desktop/PLASMID_TOOL/output/backbone_v41/external/E3/fasta/NZ_CP133861.1.fasta
2578406594	NZ_CP133862.1	Enterobacter cloacae complex sp. EB5 plasmid unnamed4, complete sequence	50461	SAMN37200060	circular	/Users/basilxavier/Desktop/PLASMID_TOOL/output/backbone_v41/external/E3/fasta/NZ_CP133862.1.fasta
2578406634	NZ_CP133863.1	Enterobacter cloacae complex sp. EB5 plasmid pEB5_OXA48, complete sequence	130200	SAMN37200060	circular	/Users/basilxavier/Desktop/PLASMID_TOOL/output/backbone_v41/external/E3/fasta/NZ_CP133863.1.fasta
2578406693	NZ_CP133864.1	Enterobacter cloacae complex sp. EB5 plasmid unnamed2, complete sequence	63588	SAMN37200060	circular	/Users/basilxavier/Desktop/PLASMID_TOOL/output/backbone_v41/external/E3/fasta/NZ_CP133864.1.fasta
2578406698	NZ_CP133865.1	Enterobacter cloacae complex sp. EB5 plasmid unnamed1, complete sequence	9873	SAMN37200060	circular	/Users/basilxavier/Desktop/PLASMID_TOOL/output/backbone_v41/external/E3/fasta/NZ_CP133865.1.fasta
2578406702	NZ_CP133866.1	Enterobacter cloacae complex sp. EB5 plasmid unnamed3, complete sequence	9552	SAMN37200060	circular	/Users/basilxavier/Desktop/PLASMID_TOOL/output/backbone_v41/external/E3/fasta/NZ_CP133866.1.fasta
2577711537	NZ_CP133867.1	Klebsiella pneumoniae strain KP5 plasmid pKP5_KPC2, complete sequence	99318	SAMN37200059	circular	/Users/basilxavier/Desktop/PLASMID_TOOL/output/backbone_v41/external/E3/fasta/NZ_CP133867.1.fasta
2578083307	NZ_CP133869.1	Escherichia coli strain ES5 plasmid unnamed4, complete sequence	24355	SAMN37200064	circular	/Users/basilxavier/Desktop/PLASMID_TOOL/output/backbone_v41/external/E3/fasta/NZ_CP133869.1.fasta
2578083313	NZ_CP133870.1	Escherichia coli strain ES5 plasmid unnamed1, complete sequence	94876	SAMN37200064	circular	/Users/basilxavier/Desktop/PLASMID_TOOL/output/backbone_v41/external/E3/fasta/NZ_CP133870.1.fasta
2578084203	NZ_CP133872.1	Escherichia coli strain ES5 plasmid unnamed3, complete sequence	17158	SAMN37200064	circular	/Users/basilxavier/Desktop/PLASMID_TOOL/output/backbone_v41/external/E3/fasta/NZ_CP133872.1.fasta
2578084223	NZ_CP133873.1	Escherichia coli strain ES5 plasmid pES5_OXA48, complete sequence	63588	SAMN37200064	circular	/Users/basilxavier/Desktop/PLASMID_TOOL/output/backbone_v41/external/E3/fasta/NZ_CP133873.1.fasta
2578084237	NZ_CP133874.1	Escherichia coli strain ES5 plasmid unnamed2, complete sequence	14409	SAMN37200064	circular	/Users/basilxavier/Desktop/PLASMID_TOOL/output/backbone_v41/external/E3/fasta/NZ_CP133874.1.fasta
2617327709	NZ_CP137352.1	Klebsiella pneumoniae strain KP99_L14_14.23_ST147_NDM5_OXA48 plasmid pKP99_virNDM5, complete sequence	349289	SAMN37951971	circular	/Users/basilxavier/Desktop/PLASMID_TOOL/output/backbone_v41/external/E3/fasta/NZ_CP137352.1.fasta
2617327744	NZ_CP137353.1	Klebsiella pneumoniae strain KP99_L14_14.23_ST147_NDM5_OXA48 plasmid unnamed2, complete sequence	129715	SAMN37951971	circular	/Users/basilxavier/Desktop/PLASMID_TOOL/output/backbone_v41/external/E3/fasta/NZ_CP137353.1.fasta
2617327751	NZ_CP137354.1	Klebsiella pneumoniae strain KP99_L14_14.23_ST147_NDM5_OXA48 plasmid unnamed3, complete sequence	4167	SAMN37951971	circular	/Users/basilxavier/Desktop/PLASMID_TOOL/output/backbone_v41/external/E3/fasta/NZ_CP137354.1.fasta
2617327778	NZ_CP137355.1	Klebsiella pneumoniae strain KP99_L14_14.23_ST147_NDM5_OXA48 plasmid unnamed1, complete sequence	167269	SAMN37951971	circular	/Users/basilxavier/Desktop/PLASMID_TOOL/output/backbone_v41/external/E3/fasta/NZ_CP137355.1.fasta
2617327805	NZ_CP137356.1	Klebsiella pneumoniae strain KP99_L14_14.23_ST147_NDM5_OXA48 plasmid pKP99_OXA48, complete sequence	72224	SAMN37951971	circular	/Users/basilxavier/Desktop/PLASMID_TOOL/output/backbone_v41/external/E3/fasta/NZ_CP137356.1.fasta
2617446635	NZ_CP137357.1	Klebsiella pneumoniae strain KP97_L17_12.23_ST147_NDM5 plasmid unnamed1, complete sequence	36664	SAMN37951970	circular	/Users/basilxavier/Desktop/PLASMID_TOOL/output/backbone_v41/external/E3/fasta/NZ_CP137357.1.fasta
2617446636	NZ_CP137358.1	Klebsiella pneumoniae strain KP97_L17_12.23_ST147_NDM5 plasmid unnamed2, complete sequence	112868	SAMN37951970	circular	/Users/basilxavier/Desktop/PLASMID_TOOL/output/backbone_v41/external/E3/fasta/NZ_CP137358.1.fasta
2617446640	NZ_CP137360.1	Klebsiella pneumoniae strain KP97_L17_12.23_ST147_NDM5 plasmid pKP97_virNDM5, complete sequence	344177	SAMN37951970	circular	/Users/basilxavier/Desktop/PLASMID_TOOL/output/backbone_v41/external/E3/fasta/NZ_CP137360.1.fasta
2617446641	NZ_CP137361.1	Klebsiella pneumoniae strain KP97_L17_12.23_ST147_NDM5 plasmid unnamed3, complete sequence	4167	SAMN37951970	circular	/Users/basilxavier/Desktop/PLASMID_TOOL/output/backbone_v41/external/E3/fasta/NZ_CP137361.1.fasta
2617446488	NZ_CP137362.1	Klebsiella pneumoniae strain KP86_L3_06.23_ST147_NDM14 plasmid unnamed3, complete sequence	39712	SAMN37951968	circular	/Users/basilxavier/Desktop/PLASMID_TOOL/output/backbone_v41/external/E3/fasta/NZ_CP137362.1.fasta
2617446489	NZ_CP137363.1	Klebsiella pneumoniae strain KP86_L3_06.23_ST147_NDM14 plasmid pKP86_vir, complete sequence	328539	SAMN37951968	circular	/Users/basilxavier/Desktop/PLASMID_TOOL/output/backbone_v41/external/E3/fasta/NZ_CP137363.1.fasta
2617446490	NZ_CP137364.1	Klebsiella pneumoniae strain KP86_L3_06.23_ST147_NDM14 plasmid unnamed2, complete sequence	112871	SAMN37951968	circular	/Users/basilxavier/Desktop/PLASMID_TOOL/output/backbone_v41/external/E3/fasta/NZ_CP137364.1.fasta
2617446491	NZ_CP137365.1	Klebsiella pneumoniae strain KP86_L3_06.23_ST147_NDM14 plasmid pKP86_NDM14, complete sequence	54063	SAMN37951968	circular	/Users/basilxavier/Desktop/PLASMID_TOOL/output/backbone_v41/external/E3/fasta/NZ_CP137365.1.fasta
2617446500	NZ_CP137367.1	Klebsiella pneumoniae strain KP86_L3_06.23_ST147_NDM14 plasmid unnamed4, complete sequence	18588	SAMN37951968	circular	/Users/basilxavier/Desktop/PLASMID_TOOL/output/backbone_v41/external/E3/fasta/NZ_CP137367.1.fasta
2617446501	NZ_CP137368.1	Klebsiella pneumoniae strain KP86_L3_06.23_ST147_NDM14 plasmid unnamed1, complete sequence	12500	SAMN37951968	circular	/Users/basilxavier/Desktop/PLASMID_TOOL/output/backbone_v41/external/E3/fasta/NZ_CP137368.1.fasta
2617441953	NZ_CP137369.1	Klebsiella pneumoniae strain KP81_L15_03.23_ST147_NDM5 plasmid unnamed1, complete sequence	8334	SAMN37951966	circular	/Users/basilxavier/Desktop/PLASMID_TOOL/output/backbone_v41/external/E3/fasta/NZ_CP137369.1.fasta
2617441954	NZ_CP137370.1	Klebsiella pneumoniae strain KP81_L15_03.23_ST147_NDM5 plasmid unnamed3, complete sequence	161532	SAMN37951966	circular	/Users/basilxavier/Desktop/PLASMID_TOOL/output/backbone_v41/external/E3/fasta/NZ_CP137370.1.fasta
2617441955	NZ_CP137371.1	Klebsiella pneumoniae strain KP81_L15_03.23_ST147_NDM5 plasmid unnamed4, complete sequence	112869	SAMN37951966	circular	/Users/basilxavier/Desktop/PLASMID_TOOL/output/backbone_v41/external/E3/fasta/NZ_CP137371.1.fasta
2617441956	NZ_CP137372.1	Klebsiella pneumoniae strain KP81_L15_03.23_ST147_NDM5 plasmid pKP81_virNDM5, complete sequence	352773	SAMN37951966	circular	/Users/basilxavier/Desktop/PLASMID_TOOL/output/backbone_v41/external/E3/fasta/NZ_CP137372.1.fasta
2617441958	NZ_CP137374.1	Klebsiella pneumoniae strain KP81_L15_03.23_ST147_NDM5 plasmid unnamed2, complete sequence	39710	SAMN37951966	circular	/Users/basilxavier/Desktop/PLASMID_TOOL/output/backbone_v41/external/E3/fasta/NZ_CP137374.1.fasta
2617441980	NZ_CP137375.1	Klebsiella pneumoniae strain KP58_WM2_48.22_ST147_NDM5_OXA48 plasmid pKP58_virNDM5, complete sequence	459868	SAMN37951965	circular	/Users/basilxavier/Desktop/PLASMID_TOOL/output/backbone_v41/external/E3/fasta/NZ_CP137375.1.fasta
2617441981	NZ_CP137376.1	Klebsiella pneumoniae strain KP58_WM2_48.22_ST147_NDM5_OXA48 plasmid unnamed, complete sequence	154737	SAMN37951965	circular	/Users/basilxavier/Desktop/PLASMID_TOOL/output/backbone_v41/external/E3/fasta/NZ_CP137376.1.fasta
2617441982	NZ_CP137377.1	Klebsiella pneumoniae strain KP58_WM2_48.22_ST147_NDM5_OXA48 plasmid pKP58_OXA48, complete sequence	68942	SAMN37951965	circular	/Users/basilxavier/Desktop/PLASMID_TOOL/output/backbone_v41/external/E3/fasta/NZ_CP137377.1.fasta
2617446734	NZ_CP137380.1	Klebsiella pneumoniae strain KP51_L9_46.22_ST147_NDM1_OXA48 plasmid unnamed2, complete sequence	112870	SAMN37951964	circular	/Users/basilxavier/Desktop/PLASMID_TOOL/output/backbone_v41/external/E3/fasta/NZ_CP137380.1.fasta
2617446735	NZ_CP137381.1	Klebsiella pneumoniae strain KP51_L9_46.22_ST147_NDM1_OXA48 plasmid pKP51_NDM1, complete sequence	54064	SAMN37951964	circular	/Users/basilxavier/Desktop/PLASMID_TOOL/output/backbone_v41/external/E3/fasta/NZ_CP137381.1.fasta
2617446737	NZ_CP137382.1	Klebsiella pneumoniae strain KP51_L9_46.22_ST147_NDM1_OXA48 plasmid pKP51_vir, complete sequence	332962	SAMN37951964	circular	/Users/basilxavier/Desktop/PLASMID_TOOL/output/backbone_v41/external/E3/fasta/NZ_CP137382.1.fasta
2617446738	NZ_CP137383.1	Klebsiella pneumoniae strain KP51_L9_46.22_ST147_NDM1_OXA48 plasmid pKP51_OXA48, complete sequence	64455	SAMN37951964	circular	/Users/basilxavier/Desktop/PLASMID_TOOL/output/backbone_v41/external/E3/fasta/NZ_CP137383.1.fasta
2617446739	NZ_CP137384.1	Klebsiella pneumoniae strain KP51_L9_46.22_ST147_NDM1_OXA48 plasmid unnamed1, complete sequence	8334	SAMN37951964	circular	/Users/basilxavier/Desktop/PLASMID_TOOL/output/backbone_v41/external/E3/fasta/NZ_CP137384.1.fasta
2617446740	NZ_CP137385.1	Klebsiella pneumoniae strain KP51_L9_46.22_ST147_NDM1_OXA48 plasmid unnamed3, complete sequence	39711	SAMN37951964	circular	/Users/basilxavier/Desktop/PLASMID_TOOL/output/backbone_v41/external/E3/fasta/NZ_CP137385.1.fasta
2617446744	NZ_CP137386.1	Klebsiella pneumoniae strain KP39_L11_43.22_ST147_NDM5 plasmid pKP39_virNDM5, complete sequence	325820	SAMN37951963	circular	/Users/basilxavier/Desktop/PLASMID_TOOL/output/backbone_v41/external/E3/fasta/NZ_CP137386.1.fasta
2617446745	NZ_CP137387.1	Klebsiella pneumoniae strain KP39_L11_43.22_ST147_NDM5 plasmid unnamed3, complete sequence	36664	SAMN37951963	circular	/Users/basilxavier/Desktop/PLASMID_TOOL/output/backbone_v41/external/E3/fasta/NZ_CP137387.1.fasta
2617446748	NZ_CP137389.1	Klebsiella pneumoniae strain KP39_L11_43.22_ST147_NDM5 plasmid unnamed1, complete sequence	112868	SAMN37951963	circular	/Users/basilxavier/Desktop/PLASMID_TOOL/output/backbone_v41/external/E3/fasta/NZ_CP137389.1.fasta
2617446750	NZ_CP137390.1	Klebsiella pneumoniae strain KP39_L11_43.22_ST147_NDM5 plasmid unnamed2, complete sequence	4167	SAMN37951963	circular	/Users/basilxavier/Desktop/PLASMID_TOOL/output/backbone_v41/external/E3/fasta/NZ_CP137390.1.fasta
2617446538	NZ_CP137392.1	Klebsiella pneumoniae strain KP124_L5_21.23_ST147_NDM5 plasmid pKP124_virNDM5, complete sequence	343106	SAMN37951962	circular	/Users/basilxavier/Desktop/PLASMID_TOOL/output/backbone_v41/external/E3/fasta/NZ_CP137392.1.fasta
2617446539	NZ_CP137393.1	Klebsiella pneumoniae strain KP124_L5_21.23_ST147_NDM5 plasmid unnamed1, complete sequence	36665	SAMN37951962	circular	/Users/basilxavier/Desktop/PLASMID_TOOL/output/backbone_v41/external/E3/fasta/NZ_CP137393.1.fasta
2617446540	NZ_CP137394.1	Klebsiella pneumoniae strain KP124_L5_21.23_ST147_NDM5 plasmid unnamed3, complete sequence	112869	SAMN37951962	circular	/Users/basilxavier/Desktop/PLASMID_TOOL/output/backbone_v41/external/E3/fasta/NZ_CP137394.1.fasta
2617446542	NZ_CP137395.1	Klebsiella pneumoniae strain KP124_L5_21.23_ST147_NDM5 plasmid unnamed2, complete sequence	8334	SAMN37951962	circular	/Users/basilxavier/Desktop/PLASMID_TOOL/output/backbone_v41/external/E3/fasta/NZ_CP137395.1.fasta
2617447271	NZ_CP137397.1	Klebsiella pneumoniae strain KP119_WM3_21.23_ST147_NDM1 plasmid unnamed2, complete sequence	4915	SAMN37951961	circular	/Users/basilxavier/Desktop/PLASMID_TOOL/output/backbone_v41/external/E3/fasta/NZ_CP137397.1.fasta
2617447274	NZ_CP137398.1	Klebsiella pneumoniae strain KP119_WM3_21.23_ST147_NDM1 plasmid unnamed3, complete sequence	2058	SAMN37951961	circular	/Users/basilxavier/Desktop/PLASMID_TOOL/output/backbone_v41/external/E3/fasta/NZ_CP137398.1.fasta
2617447282	NZ_CP137399.1	Klebsiella pneumoniae strain KP119_WM3_21.23_ST147_NDM1 plasmid unnamed6, complete sequence	109649	SAMN37951961	circular	/Users/basilxavier/Desktop/PLASMID_TOOL/output/backbone_v41/external/E3/fasta/NZ_CP137399.1.fasta
2617447316	NZ_CP137400.1	Klebsiella pneumoniae strain KP119_WM3_21.23_ST147_NDM1 plasmid pKP119_virNDM1, complete sequence	352310	SAMN37951961	circular	/Users/basilxavier/Desktop/PLASMID_TOOL/output/backbone_v41/external/E3/fasta/NZ_CP137400.1.fasta
2617447329	NZ_CP137401.1	Klebsiella pneumoniae strain KP119_WM3_21.23_ST147_NDM1 plasmid unnamed1, complete sequence	46984	SAMN37951961	circular	/Users/basilxavier/Desktop/PLASMID_TOOL/output/backbone_v41/external/E3/fasta/NZ_CP137401.1.fasta
2617447333	NZ_CP137402.1	Klebsiella pneumoniae strain KP119_WM3_21.23_ST147_NDM1 plasmid unnamed5, complete sequence	8104	SAMN37951961	circular	/Users/basilxavier/Desktop/PLASMID_TOOL/output/backbone_v41/external/E3/fasta/NZ_CP137402.1.fasta
2617446556	NZ_CP137404.1	Klebsiella pneumoniae strain KP11_L3_11.22_ST147 plasmid unnamed1, complete sequence	91282	SAMN37951960	circular	/Users/basilxavier/Desktop/PLASMID_TOOL/output/backbone_v41/external/E3/fasta/NZ_CP137404.1.fasta
2617446557	NZ_CP137405.1	Klebsiella pneumoniae strain KP11_L3_11.22_ST147 plasmid unnamed2, complete sequence	8334	SAMN37951960	circular	/Users/basilxavier/Desktop/PLASMID_TOOL/output/backbone_v41/external/E3/fasta/NZ_CP137405.1.fasta
2617446614	NZ_CP137407.1	Klebsiella pneumoniae strain KP102_WM3_17.23_ST147_OXA181 plasmid unnamed1, complete sequence	133282	SAMN37951959	circular	/Users/basilxavier/Desktop/PLASMID_TOOL/output/backbone_v41/external/E3/fasta/NZ_CP137407.1.fasta
2617446615	NZ_CP137408.1	Klebsiella pneumoniae strain KP102_WM3_17.23_ST147_OXA181 plasmid unnamed2, complete sequence	4261	SAMN37951959	circular	/Users/basilxavier/Desktop/PLASMID_TOOL/output/backbone_v41/external/E3/fasta/NZ_CP137408.1.fasta
2617446616	NZ_CP137409.1	Klebsiella pneumoniae strain KP102_WM3_17.23_ST147_OXA181 plasmid pKP102_OXA181, complete sequence	12206	SAMN37951959	circular	/Users/basilxavier/Desktop/PLASMID_TOOL/output/backbone_v41/external/E3/fasta/NZ_CP137409.1.fasta
2617446617	NZ_CP137410.1	Klebsiella pneumoniae strain KP102_WM3_17.23_ST147_OXA181 plasmid unnamed3, complete sequence	112136	SAMN37951959	circular	/Users/basilxavier/Desktop/PLASMID_TOOL/output/backbone_v41/external/E3/fasta/NZ_CP137410.1.fasta
2617446618	NZ_CP137411.1	Klebsiella pneumoniae strain KP102_WM3_17.23_ST147_OXA181 plasmid unnamed6, complete sequence	200428	SAMN37951959	circular	/Users/basilxavier/Desktop/PLASMID_TOOL/output/backbone_v41/external/E3/fasta/NZ_CP137411.1.fasta
2617446619	NZ_CP137412.1	Klebsiella pneumoniae strain KP102_WM3_17.23_ST147_OXA181 plasmid unnamed5, complete sequence	4167	SAMN37951959	circular	/Users/basilxavier/Desktop/PLASMID_TOOL/output/backbone_v41/external/E3/fasta/NZ_CP137412.1.fasta
2617447403	NZ_CP137413.1	Klebsiella pneumoniae strain KP101_SE2_14.23_ST147_NDM5_OXA232 plasmid unnamed2, complete sequence	112869	SAMN37951958	circular	/Users/basilxavier/Desktop/PLASMID_TOOL/output/backbone_v41/external/E3/fasta/NZ_CP137413.1.fasta
2617447405	NZ_CP137414.1	Klebsiella pneumoniae strain KP101_SE2_14.23_ST147_NDM5_OXA232 plasmid pKP101_virNDM5, complete sequence	53404	SAMN37951958	circular	/Users/basilxavier/Desktop/PLASMID_TOOL/output/backbone_v41/external/E3/fasta/NZ_CP137414.1.fasta
2617447406	NZ_CP137415.1	Klebsiella pneumoniae strain KP101_SE2_14.23_ST147_NDM5_OXA232 plasmid unnamed3, complete sequence	39449	SAMN37951958	circular	/Users/basilxavier/Desktop/PLASMID_TOOL/output/backbone_v41/external/E3/fasta/NZ_CP137415.1.fasta
2617447407	NZ_CP137416.1	Klebsiella pneumoniae strain KP101_SE2_14.23_ST147_NDM5_OXA232 plasmid unnamed4, complete sequence	12502	SAMN37951958	circular	/Users/basilxavier/Desktop/PLASMID_TOOL/output/backbone_v41/external/E3/fasta/NZ_CP137416.1.fasta
2617447425	NZ_CP137418.1	Klebsiella pneumoniae strain KP101_SE2_14.23_ST147_NDM5_OXA232 plasmid unnamed1, complete sequence	334323	SAMN37951958	circular	/Users/basilxavier/Desktop/PLASMID_TOOL/output/backbone_v41/external/E3/fasta/NZ_CP137418.1.fasta
2617447427	NZ_CP137419.1	Klebsiella pneumoniae strain KP101_SE2_14.23_ST147_NDM5_OXA232 plasmid pKP101_OXA232, complete sequence	12282	SAMN37951958	circular	/Users/basilxavier/Desktop/PLASMID_TOOL/output/backbone_v41/external/E3/fasta/NZ_CP137419.1.fasta
2617442033	NZ_CP137420.1	Klebsiella pneumoniae strain KP10_L3_11.22_ST147 plasmid unnamed2, complete sequence	143654	SAMN37951957	circular	/Users/basilxavier/Desktop/PLASMID_TOOL/output/backbone_v41/external/E3/fasta/NZ_CP137420.1.fasta
2617442034	NZ_CP137421.1	Klebsiella pneumoniae strain KP10_L3_11.22_ST147 plasmid unnamed3, complete sequence	12500	SAMN37951957	circular	/Users/basilxavier/Desktop/PLASMID_TOOL/output/backbone_v41/external/E3/fasta/NZ_CP137421.1.fasta
2617442035	NZ_CP137422.1	Klebsiella pneumoniae strain KP10_L3_11.22_ST147 plasmid unnamed1, complete sequence	91287	SAMN37951957	circular	/Users/basilxavier/Desktop/PLASMID_TOOL/output/backbone_v41/external/E3/fasta/NZ_CP137422.1.fasta
2617446650	NZ_CP137424.1	Klebsiella pneumoniae strain KP88_L3_06.23_ST147_NDM14 plasmid pKP88_vir, complete sequence	328537	SAMN37951969	circular	/Users/basilxavier/Desktop/PLASMID_TOOL/output/backbone_v41/external/E3/fasta/NZ_CP137424.1.fasta
2617446653	NZ_CP137425.1	Klebsiella pneumoniae strain KP88_L3_06.23_ST147_NDM14 plasmid pKP88_NDM14, complete sequence	54064	SAMN37951969	circular	/Users/basilxavier/Desktop/PLASMID_TOOL/output/backbone_v41/external/E3/fasta/NZ_CP137425.1.fasta
2617446655	NZ_CP137427.1	Klebsiella pneumoniae strain KP88_L3_06.23_ST147_NDM14 plasmid unnamed2, complete sequence	39711	SAMN37951969	circular	/Users/basilxavier/Desktop/PLASMID_TOOL/output/backbone_v41/external/E3/fasta/NZ_CP137427.1.fasta
2617446656	NZ_CP137428.1	Klebsiella pneumoniae strain KP88_L3_06.23_ST147_NDM14 plasmid unnamed4, complete sequence	112872	SAMN37951969	circular	/Users/basilxavier/Desktop/PLASMID_TOOL/output/backbone_v41/external/E3/fasta/NZ_CP137428.1.fasta
2617446657	NZ_CP137429.1	Klebsiella pneumoniae strain KP88_L3_06.23_ST147_NDM14 plasmid unnamed1, complete sequence	18588	SAMN37951969	circular	/Users/basilxavier/Desktop/PLASMID_TOOL/output/backbone_v41/external/E3/fasta/NZ_CP137429.1.fasta
2617446658	NZ_CP137430.1	Klebsiella pneumoniae strain KP88_L3_06.23_ST147_NDM14 plasmid unnamed3, complete sequence	4167	SAMN37951969	circular	/Users/basilxavier/Desktop/PLASMID_TOOL/output/backbone_v41/external/E3/fasta/NZ_CP137430.1.fasta
2617446679	NZ_CP137431.1	Klebsiella pneumoniae strain KP82_L15_04.23_ST147_NDM5 plasmid unnamed3, complete sequence	36664	SAMN37951967	circular	/Users/basilxavier/Desktop/PLASMID_TOOL/output/backbone_v41/external/E3/fasta/NZ_CP137431.1.fasta
2617446680	NZ_CP137432.1	Klebsiella pneumoniae strain KP82_L15_04.23_ST147_NDM5 plasmid unnamed2, complete sequence	8334	SAMN37951967	circular	/Users/basilxavier/Desktop/PLASMID_TOOL/output/backbone_v41/external/E3/fasta/NZ_CP137432.1.fasta
2617446681	NZ_CP137433.1	Klebsiella pneumoniae strain KP82_L15_04.23_ST147_NDM5 plasmid unnamed1, complete sequence	112870	SAMN37951967	circular	/Users/basilxavier/Desktop/PLASMID_TOOL/output/backbone_v41/external/E3/fasta/NZ_CP137433.1.fasta
2617446686	NZ_CP137435.1	Klebsiella pneumoniae strain KP82_L15_04.23_ST147_NDM5 plasmid pKP82_virNDM5, complete sequence	325816	SAMN37951967	circular	/Users/basilxavier/Desktop/PLASMID_TOOL/output/backbone_v41/external/E3/fasta/NZ_CP137435.1.fasta
2623835024	NZ_CP138473.1	Klebsiella pneumoniae subsp. pneumoniae strain KP96_L17_12.23_ST6796_NDM5 plasmid unnamed3, complete sequence	8334	SAMN38201183	circular	/Users/basilxavier/Desktop/PLASMID_TOOL/output/backbone_v41/external/E3/fasta/NZ_CP138473.1.fasta
2623835027	NZ_CP138474.1	Klebsiella pneumoniae subsp. pneumoniae strain KP96_L17_12.23_ST6796_NDM5 plasmid unnamed4, complete sequence	112869	SAMN38201183	circular	/Users/basilxavier/Desktop/PLASMID_TOOL/output/backbone_v41/external/E3/fasta/NZ_CP138474.1.fasta
2623835029	NZ_CP138475.1	Klebsiella pneumoniae subsp. pneumoniae strain KP96_L17_12.23_ST6796_NDM5 plasmid pKP96_virNDM5, complete sequence	335444	SAMN38201183	circular	/Users/basilxavier/Desktop/PLASMID_TOOL/output/backbone_v41/external/E3/fasta/NZ_CP138475.1.fasta
2623835030	NZ_CP138476.1	Klebsiella pneumoniae subsp. pneumoniae strain KP96_L17_12.23_ST6796_NDM5 plasmid unnamed1, complete sequence	36664	SAMN38201183	circular	/Users/basilxavier/Desktop/PLASMID_TOOL/output/backbone_v41/external/E3/fasta/NZ_CP138476.1.fasta
2623835031	NZ_CP138477.1	Klebsiella pneumoniae subsp. pneumoniae strain KP96_L17_12.23_ST6796_NDM5 plasmid unnamed2, complete sequence	65420	SAMN38201183	circular	/Users/basilxavier/Desktop/PLASMID_TOOL/output/backbone_v41/external/E3/fasta/NZ_CP138477.1.fasta
2638599686	NZ_CP140290.1	Klebsiella pneumoniae strain KP83_W1_04.23_ST1788 plasmid unnamed1, complete sequence	246468	SAMN38792443	circular	/Users/basilxavier/Desktop/PLASMID_TOOL/output/backbone_v41/external/E3/fasta/NZ_CP140290.1.fasta
2638599687	NZ_CP140291.1	Klebsiella pneumoniae strain KP83_W1_04.23_ST1788 plasmid unnamed2, complete sequence	113119	SAMN38792443	circular	/Users/basilxavier/Desktop/PLASMID_TOOL/output/backbone_v41/external/E3/fasta/NZ_CP140291.1.fasta
2638605087	NZ_CP140294.1	Klebsiella pneumoniae strain KP33_NE2_41.22_ST2096_OXA232 plasmid pKP33_unnamed, complete sequence	104393	SAMN38792442	circular	/Users/basilxavier/Desktop/PLASMID_TOOL/output/backbone_v41/external/E3/fasta/NZ_CP140294.1.fasta
2638605092	NZ_CP140295.1	Klebsiella pneumoniae strain KP33_NE2_41.22_ST2096_OXA232 plasmid pKP33_vir, complete sequence	310375	SAMN38792442	circular	/Users/basilxavier/Desktop/PLASMID_TOOL/output/backbone_v41/external/E3/fasta/NZ_CP140295.1.fasta
2638605099	NZ_CP140296.1	Klebsiella pneumoniae strain KP33_NE2_41.22_ST2096_OXA232 plasmid pKP33_OXA232, complete sequence	12282	SAMN38792442	circular	/Users/basilxavier/Desktop/PLASMID_TOOL/output/backbone_v41/external/E3/fasta/NZ_CP140296.1.fasta
2648767543	NZ_CP141538.1	Enterobacter hormaechei strain EB3_SW1_43.22_ST134 plasmid pEB3_IMP1, complete sequence	360600	SAMN38771721	circular	/Users/basilxavier/Desktop/PLASMID_TOOL/output/backbone_v41/external/E3/fasta/NZ_CP141538.1.fasta
2648840929	NZ_CP141540.1	Klebsiella pneumoniae strain KP108_NW3_19.23_ST1662_OXA48 plasmid unnamed, complete sequence	213832	SAMN38771720	circular	/Users/basilxavier/Desktop/PLASMID_TOOL/output/backbone_v41/external/E3/fasta/NZ_CP141540.1.fasta
2648840958	NZ_CP141541.1	Klebsiella pneumoniae strain KP108_NW3_19.23_ST1662_OXA48 plasmid pKP108_OXA48, complete sequence	63723	SAMN38771720	circular	/Users/basilxavier/Desktop/PLASMID_TOOL/output/backbone_v41/external/E3/fasta/NZ_CP141541.1.fasta
2648814667	NZ_CP141542.1	Klebsiella pneumoniae strain KP89_L16_06.23_ST307_OXA181 plasmid unnamed, complete sequence	202151	SAMN38771719	circular	/Users/basilxavier/Desktop/PLASMID_TOOL/output/backbone_v41/external/E3/fasta/NZ_CP141542.1.fasta
2648814938	NZ_CP141544.1	Klebsiella pneumoniae strain KP89_L16_06.23_ST307_OXA181 plasmid pKP89_OXA181, complete sequence	51479	SAMN38771719	circular	/Users/basilxavier/Desktop/PLASMID_TOOL/output/backbone_v41/external/E3/fasta/NZ_CP141544.1.fasta
2648886317	NZ_CP141545.1	Klebsiella pneumoniae strain KP77_WM1_02.23_ST1558_NDM5 plasmid pKP77_pco_sil, complete sequence	204880	SAMN38771718	circular	/Users/basilxavier/Desktop/PLASMID_TOOL/output/backbone_v41/external/E3/fasta/NZ_CP141545.1.fasta
2648886318	NZ_CP141546.1	Klebsiella pneumoniae strain KP77_WM1_02.23_ST1558_NDM5 plasmid pKP77_virNDM5, complete sequence	348041	SAMN38771718	circular	/Users/basilxavier/Desktop/PLASMID_TOOL/output/backbone_v41/external/E3/fasta/NZ_CP141546.1.fasta
2648769744	NZ_CP141548.1	Klebsiella pneumoniae strain KP75_L14_02.23_ST20_OXA181 plasmid pK75_unnamed, complete sequence	195469	SAMN38771717	circular	/Users/basilxavier/Desktop/PLASMID_TOOL/output/backbone_v41/external/E3/fasta/NZ_CP141548.1.fasta
2648769745	NZ_CP141549.1	Klebsiella pneumoniae strain KP75_L14_02.23_ST20_OXA181 plasmid pK75_OXA181, complete sequence	51479	SAMN38771717	circular	/Users/basilxavier/Desktop/PLASMID_TOOL/output/backbone_v41/external/E3/fasta/NZ_CP141549.1.fasta
2648815452	NZ_CP141551.1	Klebsiella pneumoniae strain KP67_L13_49.22_ST437_NDM5_OXA232 plasmid pKP67_NDM5, complete sequence	106717	SAMN38771715	circular	/Users/basilxavier/Desktop/PLASMID_TOOL/output/backbone_v41/external/E3/fasta/NZ_CP141551.1.fasta
2648815507	NZ_CP141552.1	Klebsiella pneumoniae strain KP67_L13_49.22_ST437_NDM5_OXA232 plasmid pKP67_OXA232, complete sequence	6141	SAMN38771715	circular	/Users/basilxavier/Desktop/PLASMID_TOOL/output/backbone_v41/external/E3/fasta/NZ_CP141552.1.fasta
2648815511	NZ_CP141553.1	Klebsiella pneumoniae strain KP67_L13_49.22_ST437_NDM5_OXA232 plasmid unnamed, complete sequence	10415	SAMN38771715	circular	/Users/basilxavier/Desktop/PLASMID_TOOL/output/backbone_v41/external/E3/fasta/NZ_CP141553.1.fasta
2648886376	NZ_CP141555.1	Klebsiella pneumoniae strain KP64_WM3_49.22_ST307_KPC2 plasmid unnamed1, complete sequence	246730	SAMN38771714	circular	/Users/basilxavier/Desktop/PLASMID_TOOL/output/backbone_v41/external/E3/fasta/NZ_CP141555.1.fasta
2648886377	NZ_CP141556.1	Klebsiella pneumoniae strain KP64_WM3_49.22_ST307_KPC2 plasmid unnamed2, complete sequence	7026	SAMN38771714	circular	/Users/basilxavier/Desktop/PLASMID_TOOL/output/backbone_v41/external/E3/fasta/NZ_CP141556.1.fasta
2648886380	NZ_CP141558.1	Klebsiella pneumoniae strain KP64_WM3_49.22_ST307_KPC2 plasmid pKP64_KPC2, complete sequence	221046	SAMN38771714	circular	/Users/basilxavier/Desktop/PLASMID_TOOL/output/backbone_v41/external/E3/fasta/NZ_CP141558.1.fasta
2648770067	NZ_CP141559.1	Klebsiella pneumoniae strain KP52_L5_46.22_ST3096_NDM5_OXA48 plasmid unnamed1, complete sequence	10334	SAMN38771713	circular	/Users/basilxavier/Desktop/PLASMID_TOOL/output/backbone_v41/external/E3/fasta/NZ_CP141559.1.fasta
2648770108	NZ_CP141561.1	Klebsiella pneumoniae strain KP52_L5_46.22_ST3096_NDM5_OXA48 plasmid pKP52_NDM5, complete sequence	143019	SAMN38771713	circular	/Users/basilxavier/Desktop/PLASMID_TOOL/output/backbone_v41/external/E3/fasta/NZ_CP141561.1.fasta
2648770112	NZ_CP141562.1	Klebsiella pneumoniae strain KP52_L5_46.22_ST3096_NDM5_OXA48 plasmid unnamed2, complete sequence	362938	SAMN38771713	circular	/Users/basilxavier/Desktop/PLASMID_TOOL/output/backbone_v41/external/E3/fasta/NZ_CP141562.1.fasta
2648770114	NZ_CP141563.1	Klebsiella pneumoniae strain KP52_L5_46.22_ST3096_NDM5_OXA48 plasmid pKP52_OXA48, complete sequence	78884	SAMN38771713	circular	/Users/basilxavier/Desktop/PLASMID_TOOL/output/backbone_v41/external/E3/fasta/NZ_CP141563.1.fasta
2648815980	NZ_CP141564.1	Klebsiella pneumoniae strain KP44_NW4_44.22_ST307_OXA48 plasmid pKP44_OXA48, complete sequence	61500	SAMN38771712	circular	/Users/basilxavier/Desktop/PLASMID_TOOL/output/backbone_v41/external/E3/fasta/NZ_CP141564.1.fasta
2648815985	NZ_CP141566.1	Klebsiella pneumoniae strain KP44_NW4_44.22_ST307_OXA48 plasmid unnamed1, complete sequence	246729	SAMN38771712	circular	/Users/basilxavier/Desktop/PLASMID_TOOL/output/backbone_v41/external/E3/fasta/NZ_CP141566.1.fasta
2648815986	NZ_CP141567.1	Klebsiella pneumoniae strain KP44_NW4_44.22_ST307_OXA48 plasmid unnamed2, complete sequence	18587	SAMN38771712	circular	/Users/basilxavier/Desktop/PLASMID_TOOL/output/backbone_v41/external/E3/fasta/NZ_CP141567.1.fasta
2648770263	NZ_CP141568.1	Klebsiella pneumoniae strain KP40_L1_43.22_ST20_IMP1 plasmid pKP40_IMP1, complete sequence	57006	SAMN38771711	circular	/Users/basilxavier/Desktop/PLASMID_TOOL/output/backbone_v41/external/E3/fasta/NZ_CP141568.1.fasta
2648770266	NZ_CP141569.1	Klebsiella pneumoniae strain KP40_L1_43.22_ST20_IMP1 plasmid unnamed, complete sequence	194326	SAMN38771711	circular	/Users/basilxavier/Desktop/PLASMID_TOOL/output/backbone_v41/external/E3/fasta/NZ_CP141569.1.fasta
2648770480	NZ_CP141571.1	Klebsiella pneumoniae strain KP35_L8_42.22_ST2096_OXA232 plasmid pK35_unnamed2, complete sequence	98843	SAMN38771710	circular	/Users/basilxavier/Desktop/PLASMID_TOOL/output/backbone_v41/external/E3/fasta/NZ_CP141571.1.fasta
2648770481	NZ_CP141572.1	Klebsiella pneumoniae strain KP35_L8_42.22_ST2096_OXA232 plasmid pK35_unnamed1, complete sequence	19463	SAMN38771710	circular	/Users/basilxavier/Desktop/PLASMID_TOOL/output/backbone_v41/external/E3/fasta/NZ_CP141572.1.fasta
2648770482	NZ_CP141573.1	Klebsiella pneumoniae strain KP35_L8_42.22_ST2096_OXA232 plasmid pK35_OXA232, complete sequence	12283	SAMN38771710	circular	/Users/basilxavier/Desktop/PLASMID_TOOL/output/backbone_v41/external/E3/fasta/NZ_CP141573.1.fasta
2648843529	NZ_CP141576.1	Klebsiella pneumoniae strain KP32_L7_41.22_ST86 plasmid pKP32_vir, complete sequence	226789	SAMN38771709	circular	/Users/basilxavier/Desktop/PLASMID_TOOL/output/backbone_v41/external/E3/fasta/NZ_CP141576.1.fasta
2648843546	NZ_CP141577.1	Klebsiella pneumoniae strain KP32_L7_41.22_ST86 plasmid unnamed, complete sequence	9310	SAMN38771709	circular	/Users/basilxavier/Desktop/PLASMID_TOOL/output/backbone_v41/external/E3/fasta/NZ_CP141577.1.fasta
2648814071	NZ_CP141579.1	Klebsiella pneumoniae strain KP72_WM4_01.23_ST307_KPC2 plasmid pKP72_KPC2, complete sequence	52318	SAMN38771716	circular	/Users/basilxavier/Desktop/PLASMID_TOOL/output/backbone_v41/external/E3/fasta/NZ_CP141579.1.fasta
2648814091	NZ_CP141580.1	Klebsiella pneumoniae strain KP72_WM4_01.23_ST307_KPC2 plasmid unnamed, complete sequence	246732	SAMN38771716	circular	/Users/basilxavier/Desktop/PLASMID_TOOL/output/backbone_v41/external/E3/fasta/NZ_CP141580.1.fasta
2648812725	NZ_CP141849.1	Klebsiella pneumoniae strain KP111_WM3_19.23_ST846_KPC2 plasmid pKP111_KPC2, complete sequence	62849	SAMN39181636	circular	/Users/basilxavier/Desktop/PLASMID_TOOL/output/backbone_v41/external/E3/fasta/NZ_CP141849.1.fasta
2648812729	NZ_CP141850.1	Klebsiella pneumoniae strain KP111_WM3_19.23_ST846_KPC2 plasmid pKP111_unnamed1, complete sequence	145831	SAMN39181636	circular	/Users/basilxavier/Desktop/PLASMID_TOOL/output/backbone_v41/external/E3/fasta/NZ_CP141850.1.fasta
2648812732	NZ_CP141851.1	Klebsiella pneumoniae strain KP111_WM3_19.23_ST846_KPC2 plasmid pKP111_unnamed2, complete sequence	3223	SAMN39181636	circular	/Users/basilxavier/Desktop/PLASMID_TOOL/output/backbone_v41/external/E3/fasta/NZ_CP141851.1.fasta
2648812803	NZ_CP141853.1	Klebsiella pneumoniae strain KP111_WM3_19.23_ST846_KPC2 plasmid pKP111_unnamed3, complete sequence	109832	SAMN39181636	circular	/Users/basilxavier/Desktop/PLASMID_TOOL/output/backbone_v41/external/E3/fasta/NZ_CP141853.1.fasta
2648812560	NZ_CP141854.1	Klebsiella pneumoniae strain KP34_L5_41.22_ST20_NDM1 plasmid pKP34_NDM1, complete sequence	344527	SAMN39181635	circular	/Users/basilxavier/Desktop/PLASMID_TOOL/output/backbone_v41/external/E3/fasta/NZ_CP141854.1.fasta
2648812562	NZ_CP141855.1	Klebsiella pneumoniae strain KP34_L5_41.22_ST20_NDM1 plasmid pKP34_unnamed1, complete sequence	9048	SAMN39181635	circular	/Users/basilxavier/Desktop/PLASMID_TOOL/output/backbone_v41/external/E3/fasta/NZ_CP141855.1.fasta
2648812584	NZ_CP141856.1	Klebsiella pneumoniae strain KP34_L5_41.22_ST20_NDM1 plasmid pKP34_unnamed2, complete sequence	184511	SAMN39181635	circular	/Users/basilxavier/Desktop/PLASMID_TOOL/output/backbone_v41/external/E3/fasta/NZ_CP141856.1.fasta
2648812586	NZ_CP141857.1	Klebsiella pneumoniae strain KP34_L5_41.22_ST20_NDM1 plasmid pKP34_unnamed3, complete sequence	71861	SAMN39181635	circular	/Users/basilxavier/Desktop/PLASMID_TOOL/output/backbone_v41/external/E3/fasta/NZ_CP141857.1.fasta
2648812587	NZ_CP141858.1	Klebsiella pneumoniae strain KP34_L5_41.22_ST20_NDM1 plasmid pKP34_unnamed4, complete sequence	165917	SAMN39181635	circular	/Users/basilxavier/Desktop/PLASMID_TOOL/output/backbone_v41/external/E3/fasta/NZ_CP141858.1.fasta
2648812590	NZ_CP141859.1	Klebsiella pneumoniae strain KP34_L5_41.22_ST20_NDM1 plasmid pKP34_unnamed5, complete sequence	12569	SAMN39181635	circular	/Users/basilxavier/Desktop/PLASMID_TOOL/output/backbone_v41/external/E3/fasta/NZ_CP141859.1.fasta
2648812591	NZ_CP141860.1	Klebsiella pneumoniae strain KP34_L5_41.22_ST20_NDM1 plasmid pKP34_unnamed6, complete sequence	12132	SAMN39181635	circular	/Users/basilxavier/Desktop/PLASMID_TOOL/output/backbone_v41/external/E3/fasta/NZ_CP141860.1.fasta
