inc_group	n_training	is_incx_like	level	level_name	uniform_threshold	adaptive_threshold	pct_difference	abs_pct_difference
ColE	19	False	A	L1 (Family)	0.15	0.142886	-4.7	4.7
ColE	19	False	B	L2 (Subfamily)	0.1	0.108749	8.7	8.7
ColE	19	False	C	L3 (Cluster)	0.05	0.073543	47.1	47.1
ColE	19	False	D	L4 (Subcluster)	0.02	0.054063	170.3	170.3
ColE	19	False	E	L5 (Clone)	0.01	0.03713	271.3	271.3
ColE	19	False	F	L6 (Strain)	0.001	0.0005	-50.0	50.0
ColRNAI	91	False	A	L1 (Family)	0.15	0.179726	19.8	19.8
ColRNAI	91	False	B	L2 (Subfamily)	0.1	0.148149	48.1	48.1
ColRNAI	91	False	C	L3 (Cluster)	0.05	0.093275	86.5	86.5
ColRNAI	91	False	D	L4 (Subcluster)	0.02	0.065935	229.7	229.7
ColRNAI	91	False	E	L5 (Clone)	0.01	0.027382	173.8	173.8
ColRNAI	91	False	F	L6 (Strain)	0.001	0.0005	-50.0	50.0
IncA	14	False	A	L1 (Family)	0.15	0.027855	-81.4	81.4
IncA	14	False	B	L2 (Subfamily)	0.1	0.023797	-76.2	76.2
IncA	14	False	C	L3 (Cluster)	0.05	0.020673	-58.7	58.7
IncA	14	False	D	L4 (Subcluster)	0.02	0.007337	-63.3	63.3
IncA	14	False	E	L5 (Clone)	0.01	0.002907	-70.9	70.9
IncA	14	False	F	L6 (Strain)	0.001	0.00099	-1.0	1.0
IncAC2	14	False	A	L1 (Family)	0.15	0.027707	-81.5	81.5
IncAC2	14	False	B	L2 (Subfamily)	0.1	0.026833	-73.2	73.2
IncAC2	14	False	C	L3 (Cluster)	0.05	0.017061	-65.9	65.9
IncAC2	14	False	D	L4 (Subcluster)	0.02	0.006245	-68.8	68.8
IncAC2	14	False	E	L5 (Clone)	0.01	0.001715	-82.8	82.8
IncAC2	14	False	F	L6 (Strain)	0.001	0.0005	-50.0	50.0
IncC	16	False	A	L1 (Family)	0.15	0.032889	-78.1	78.1
IncC	16	False	B	L2 (Subfamily)	0.1	0.030562	-69.4	69.4
IncC	16	False	C	L3 (Cluster)	0.05	0.01781	-64.4	64.4
IncC	16	False	D	L4 (Subcluster)	0.02	0.012242	-38.8	38.8
IncC	16	False	E	L5 (Clone)	0.01	0.004923	-50.8	50.8
IncC	16	False	F	L6 (Strain)	0.001	0.001042	4.2	4.2
IncF	75	False	A	L1 (Family)	0.15	0.046932	-68.7	68.7
IncF	75	False	B	L2 (Subfamily)	0.1	0.035523	-64.5	64.5
IncF	75	False	C	L3 (Cluster)	0.05	0.020655	-58.7	58.7
IncF	75	False	D	L4 (Subcluster)	0.02	0.01144	-42.8	42.8
IncF	75	False	E	L5 (Clone)	0.01	0.005202	-48.0	48.0
IncF	75	False	F	L6 (Strain)	0.001	0.002015	101.5	101.5
IncFIB	97	False	A	L1 (Family)	0.15	0.065801	-56.1	56.1
IncFIB	97	False	B	L2 (Subfamily)	0.1	0.050929	-49.1	49.1
IncFIB	97	False	C	L3 (Cluster)	0.05	0.028265	-43.5	43.5
IncFIB	97	False	D	L4 (Subcluster)	0.02	0.011172	-44.1	44.1
IncFIB	97	False	E	L5 (Clone)	0.01	0.004934	-50.7	50.7
IncFIB	97	False	F	L6 (Strain)	0.001	0.000693	-30.7	30.7
IncFIBK	11	False	A	L1 (Family)	0.15	0.018794	-87.5	87.5
IncFIBK	11	False	B	L2 (Subfamily)	0.1	0.014651	-85.3	85.3
IncFIBK	11	False	C	L3 (Cluster)	0.05	0.006853	-86.3	86.3
IncFIBK	11	False	D	L4 (Subcluster)	0.02	0.004796	-76.0	76.0
IncFIBK	11	False	E	L5 (Clone)	0.01	0.003141	-68.6	68.6
IncFIBK	11	False	F	L6 (Strain)	0.001	0.000576	-42.4	42.4
IncFIC	14	False	A	L1 (Family)	0.15	0.016142	-89.2	89.2
IncFIC	14	False	B	L2 (Subfamily)	0.1	0.016124	-83.9	83.9
IncFIC	14	False	C	L3 (Cluster)	0.05	0.006504	-87.0	87.0
IncFIC	14	False	D	L4 (Subcluster)	0.02	0.000529	-97.4	97.4
IncFIC	14	False	E	L5 (Clone)	0.01	0.0005	-95.0	95.0
IncFIC	14	False	F	L6 (Strain)	0.001	0.00035	-65.0	65.0
IncFII	4629	False	A	L1 (Family)	0.15	0.084649	-43.6	43.6
IncFII	4629	False	B	L2 (Subfamily)	0.1	0.056413	-43.6	43.6
IncFII	4629	False	C	L3 (Cluster)	0.05	0.022644	-54.7	54.7
IncFII	4629	False	D	L4 (Subcluster)	0.02	0.012949	-35.3	35.3
IncFII	4629	False	E	L5 (Clone)	0.01	0.007601	-24.0	24.0
IncFII	4629	False	F	L6 (Strain)	0.001	0.003321	232.1	232.1
IncHI1	16	False	A	L1 (Family)	0.15	0.076542	-49.0	49.0
IncHI1	16	False	B	L2 (Subfamily)	0.1	0.056656	-43.3	43.3
IncHI1	16	False	C	L3 (Cluster)	0.05	0.020985	-58.0	58.0
IncHI1	16	False	D	L4 (Subcluster)	0.02	0.009641	-51.8	51.8
IncHI1	16	False	E	L5 (Clone)	0.01	0.006012	-39.9	39.9
IncHI1	16	False	F	L6 (Strain)	0.001	0.000815	-18.5	18.5
IncHI2	36	False	A	L1 (Family)	0.15	0.016812	-88.8	88.8
IncHI2	36	False	B	L2 (Subfamily)	0.1	0.010496	-89.5	89.5
IncHI2	36	False	C	L3 (Cluster)	0.05	0.003418	-93.2	93.2
IncHI2	36	False	D	L4 (Subcluster)	0.02	0.002074	-89.6	89.6
IncHI2	36	False	E	L5 (Clone)	0.01	0.001132	-88.7	88.7
IncHI2	36	False	F	L6 (Strain)	0.001	0.0005	-50.0	50.0
IncI	11	False	A	L1 (Family)	0.15	0.088538	-41.0	41.0
IncI	11	False	B	L2 (Subfamily)	0.1	0.062802	-37.2	37.2
IncI	11	False	C	L3 (Cluster)	0.05	0.020386	-59.2	59.2
IncI	11	False	D	L4 (Subcluster)	0.02	0.009489	-52.6	52.6
IncI	11	False	E	L5 (Clone)	0.01	0.004165	-58.4	58.4
IncI	11	False	F	L6 (Strain)	0.001	0.001516	51.6	51.6
IncI1	27	False	A	L1 (Family)	0.15	0.209875	39.9	39.9
IncI1	27	False	B	L2 (Subfamily)	0.1	0.196293	96.3	96.3
IncI1	27	False	C	L3 (Cluster)	0.05	0.017109	-65.8	65.8
IncI1	27	False	D	L4 (Subcluster)	0.02	0.006914	-65.4	65.4
IncI1	27	False	E	L5 (Clone)	0.01	0.001228	-87.7	87.7
IncI1	27	False	F	L6 (Strain)	0.001	0.0005	-50.0	50.0
IncI2	25	False	A	L1 (Family)	0.15	0.05551	-63.0	63.0
IncI2	25	False	B	L2 (Subfamily)	0.1	0.050575	-49.4	49.4
IncI2	25	False	C	L3 (Cluster)	0.05	0.023794	-52.4	52.4
IncI2	25	False	D	L4 (Subcluster)	0.02	0.001029	-94.9	94.9
IncI2	25	False	E	L5 (Clone)	0.01	0.000768	-92.3	92.3
IncI2	25	False	F	L6 (Strain)	0.001	0.0005	-50.0	50.0
IncN	1097	False	A	L1 (Family)	0.15	0.069994	-53.3	53.3
IncN	1097	False	B	L2 (Subfamily)	0.1	0.045516	-54.5	54.5
IncN	1097	False	C	L3 (Cluster)	0.05	0.024909	-50.2	50.2
IncN	1097	False	D	L4 (Subcluster)	0.02	0.012845	-35.8	35.8
IncN	1097	False	E	L5 (Clone)	0.01	0.008091	-19.1	19.1
IncN	1097	False	F	L6 (Strain)	0.001	0.002922	192.2	192.2
IncR	21	False	A	L1 (Family)	0.15	0.029216	-80.5	80.5
IncR	21	False	B	L2 (Subfamily)	0.1	0.02398	-76.0	76.0
IncR	21	False	C	L3 (Cluster)	0.05	0.016203	-67.6	67.6
IncR	21	False	D	L4 (Subcluster)	0.02	0.010278	-48.6	48.6
IncR	21	False	E	L5 (Clone)	0.01	0.007213	-27.9	27.9
IncR	21	False	F	L6 (Strain)	0.001	0.004272	327.2	327.2
IncX1	705	True	A	L1 (Family)	0.15	0.126559	-15.6	15.6
IncX1	705	True	B	L2 (Subfamily)	0.1	0.100304	0.3	0.3
IncX1	705	True	C	L3 (Cluster)	0.05	0.056941	13.9	13.9
IncX1	705	True	D	L4 (Subcluster)	0.02	0.033391	67.0	67.0
IncX1	705	True	E	L5 (Clone)	0.01	0.018216	82.2	82.2
IncX1	705	True	F	L6 (Strain)	0.001	0.006079	507.9	507.9
IncX3	56	True	A	L1 (Family)	0.15	0.055166	-63.2	63.2
IncX3	56	True	B	L2 (Subfamily)	0.1	0.044595	-55.4	55.4
IncX3	56	True	C	L3 (Cluster)	0.05	0.03771	-24.6	24.6
IncX3	56	True	D	L4 (Subcluster)	0.02	0.010208	-49.0	49.0
IncX3	56	True	E	L5 (Clone)	0.01	0.003008	-69.9	69.9
IncX3	56	True	F	L6 (Strain)	0.001	0.0005	-50.0	50.0
IncX4	24	True	A	L1 (Family)	0.15	0.063823	-57.5	57.5
IncX4	24	True	B	L2 (Subfamily)	0.1	0.061115	-38.9	38.9
IncX4	24	True	C	L3 (Cluster)	0.05	0.057245	14.5	14.5
IncX4	24	True	D	L4 (Subcluster)	0.02	0.052587	162.9	162.9
IncX4	24	True	E	L5 (Clone)	0.01	0.002451	-75.5	75.5
IncX4	24	True	F	L6 (Strain)	0.001	0.0005	-50.0	50.0
repAci1	120	False	A	L1 (Family)	0.15	0.100503	-33.0	33.0
repAci1	120	False	B	L2 (Subfamily)	0.1	0.080362	-19.6	19.6
repAci1	120	False	C	L3 (Cluster)	0.05	0.047834	-4.3	4.3
repAci1	120	False	D	L4 (Subcluster)	0.02	0.036681	83.4	83.4
repAci1	120	False	E	L5 (Clone)	0.01	0.023783	137.8	137.8
repAci1	120	False	F	L6 (Strain)	0.001	0.010075	907.5	907.5
repAci_large	203	False	A	L1 (Family)	0.15	0.108824	-27.5	27.5
repAci_large	203	False	B	L2 (Subfamily)	0.1	0.076993	-23.0	23.0
repAci_large	203	False	C	L3 (Cluster)	0.05	0.049424	-1.2	1.2
repAci_large	203	False	D	L4 (Subcluster)	0.02	0.031575	57.9	57.9
repAci_large	203	False	E	L5 (Clone)	0.01	0.018424	84.2	84.2
repAci_large	203	False	F	L6 (Strain)	0.001	0.002927	192.7	192.7
repEF_conj	92	False	A	L1 (Family)	0.15	0.151425	1.0	1.0
repEF_conj	92	False	B	L2 (Subfamily)	0.1	0.134623	34.6	34.6
repEF_conj	92	False	C	L3 (Cluster)	0.05	0.08979	79.6	79.6
repEF_conj	92	False	D	L4 (Subcluster)	0.02	0.033276	66.4	66.4
repEF_conj	92	False	E	L5 (Clone)	0.01	0.011116	11.2	11.2
repEF_conj	92	False	F	L6 (Strain)	0.001	0.002663	166.3	166.3
repEF_res	121	False	A	L1 (Family)	0.15	0.323994	116.0	116.0
repEF_res	121	False	B	L2 (Subfamily)	0.1	0.172734	72.7	72.7
repEF_res	121	False	C	L3 (Cluster)	0.05	0.090425	80.8	80.8
repEF_res	121	False	D	L4 (Subcluster)	0.02	0.054353	171.8	171.8
repEF_res	121	False	E	L5 (Clone)	0.01	0.025293	152.9	152.9
repEF_res	121	False	F	L6 (Strain)	0.001	0.006624	562.4	562.4
repPae_large	199	False	A	L1 (Family)	0.15	0.114138	-23.9	23.9
repPae_large	199	False	B	L2 (Subfamily)	0.1	0.084942	-15.1	15.1
repPae_large	199	False	C	L3 (Cluster)	0.05	0.031993	-36.0	36.0
repPae_large	199	False	D	L4 (Subcluster)	0.02	0.018882	-5.6	5.6
repPae_large	199	False	E	L5 (Clone)	0.01	0.009838	-1.6	1.6
repPae_large	199	False	F	L6 (Strain)	0.001	0.001474	47.4	47.4
repPae_small	150	False	A	L1 (Family)	0.15	0.508772	239.2	239.2
repPae_small	150	False	B	L2 (Subfamily)	0.1	0.279354	179.4	179.4
repPae_small	150	False	C	L3 (Cluster)	0.05	0.066036	32.1	32.1
repPae_small	150	False	D	L4 (Subcluster)	0.02	0.044266	121.3	121.3
repPae_small	150	False	E	L5 (Clone)	0.01	0.026973	169.7	169.7
repPae_small	150	False	F	L6 (Strain)	0.001	0.008777	777.7	777.7
repSA_large	121	False	A	L1 (Family)	0.15	0.146821	-2.1	2.1
repSA_large	121	False	B	L2 (Subfamily)	0.1	0.087285	-12.7	12.7
repSA_large	121	False	C	L3 (Cluster)	0.05	0.032626	-34.7	34.7
repSA_large	121	False	D	L4 (Subcluster)	0.02	0.011968	-40.2	40.2
repSA_large	121	False	E	L5 (Clone)	0.01	0.007054	-29.5	29.5
repSA_large	121	False	F	L6 (Strain)	0.001	0.0032	220.0	220.0
repSA_small	73	False	A	L1 (Family)	0.15	0.595062	296.7	296.7
repSA_small	73	False	B	L2 (Subfamily)	0.1	0.398374	298.4	298.4
repSA_small	73	False	C	L3 (Cluster)	0.05	0.110108	120.2	120.2
repSA_small	73	False	D	L4 (Subcluster)	0.02	0.073298	266.5	266.5
repSA_small	73	False	E	L5 (Clone)	0.01	0.049189	391.9	391.9
repSA_small	73	False	F	L6 (Strain)	0.001	0.017898	1689.8	1689.8
