tool	setting	truth	precision_w	recall_w	F1_w	assigned
pling subcommunity	dcj 1, containment 0.5	related_backbone	0.9532298688901907	0.04387319769237834	0.08388549566382474	0.9551724137931035
pling subcommunity	dcj 1, containment 0.5	same_lineage	0.338036713125552	0.5558402440932563	0.42040329514880875	0.9551724137931035
pling community	dcj 1, containment 0.5	related_backbone	0.054098451310788755	0.930024744070162	0.10224918703482541	1.0
pling community	dcj 1, containment 0.5	same_lineage	0.0015995320251052136	0.9823971209513378	0.0031938638237836436	1.0
pling subcommunity	dcj 2, containment 0.5	related_backbone	0.7409068853031564	0.07084504168059853	0.12932418741716148	0.9151724137931034
pling subcommunity	dcj 2, containment 0.5	same_lineage	0.21761926505046283	0.743408699734001	0.33668126380592267	0.9151724137931034
pling community	dcj 2, containment 0.5	related_backbone	0.054098451310788755	0.930024744070162	0.10224918703482541	1.0
pling community	dcj 2, containment 0.5	same_lineage	0.0015995320251052136	0.9823971209513378	0.0031938638237836436	1.0
pling subcommunity	dcj 3, containment 0.5	related_backbone	0.8007286950679103	0.08220645552110022	0.14910510202625085	0.8882758620689655
pling subcommunity	dcj 3, containment 0.5	same_lineage	0.21068432812341692	0.7727468314817713	0.3310971905051225	0.8882758620689655
pling community	dcj 3, containment 0.5	related_backbone	0.054098451310788755	0.930024744070162	0.10224918703482541	1.0
pling community	dcj 3, containment 0.5	same_lineage	0.0015995320251052136	0.9823971209513378	0.0031938638237836436	1.0
pling subcommunity	dcj 4, containment 0.5 (default)	related_backbone	0.855198484773895	0.09034904618514433	0.16343201133407484	0.8751724137931034
pling subcommunity	dcj 4, containment 0.5 (default)	same_lineage	0.21141653430893714	0.7979580660303551	0.33426941551192624	0.8751724137931034
pling community	dcj 4, containment 0.5 (default)	related_backbone	0.054098451310788755	0.930024744070162	0.10224918703482541	1.0
pling community	dcj 4, containment 0.5 (default)	same_lineage	0.0015995320251052136	0.9823971209513378	0.0031938638237836436	1.0
pling subcommunity	dcj 6, containment 0.5	related_backbone	0.8637875453623429	0.12017852301209475	0.21100059185859218	0.8593103448275862
pling subcommunity	dcj 6, containment 0.5	same_lineage	0.16961114056842003	0.8430605539039275	0.2824063571568381	0.8593103448275862
pling community	dcj 6, containment 0.5	related_backbone	0.054098451310788755	0.930024744070162	0.10224918703482541	1.0
pling community	dcj 6, containment 0.5	same_lineage	0.0015995320251052136	0.9823971209513378	0.0031938638237836436	1.0
pling subcommunity	dcj 8, containment 0.5	related_backbone	0.838174993995768	0.1308773667787283	0.22640290773610708	0.8648275862068966
pling subcommunity	dcj 8, containment 0.5	same_lineage	0.15911477461778895	0.8876153966515412	0.26985507375644235	0.8648275862068966
pling community	dcj 8, containment 0.5	related_backbone	0.054098451310788755	0.930024744070162	0.10224918703482541	1.0
pling community	dcj 8, containment 0.5	same_lineage	0.0015995320251052136	0.9823971209513378	0.0031938638237836436	1.0
pling subcommunity	dcj 10, containment 0.5	related_backbone	0.7898811969265349	0.1592006292568006	0.26499207996535373	0.8813793103448276
pling subcommunity	dcj 10, containment 0.5	same_lineage	0.12367742877417907	0.8905492098263182	0.21719176420011246	0.8813793103448276
pling community	dcj 10, containment 0.5	related_backbone	0.054098451310788755	0.930024744070162	0.10224918703482541	1.0
pling community	dcj 10, containment 0.5	same_lineage	0.0015995320251052136	0.9823971209513378	0.0031938638237836436	1.0
pling subcommunity	dcj 4, containment 0.4	related_backbone	0.8831825466730634	0.08138074073992968	0.14902920481164325	0.9006896551724138
pling subcommunity	dcj 4, containment 0.4	same_lineage	0.24417784260457154	0.8038256923799092	0.3745720636302219	0.9006896551724138
pling community	dcj 4, containment 0.4	related_backbone	0.05937697755770009	0.9237186262941912	0.11158145744564399	1.0
pling community	dcj 4, containment 0.4	same_lineage	0.0017675878052664617	0.9823971209513378	0.003528826334600699	1.0
pling subcommunity	dcj 4, containment 0.3	related_backbone	0.8763118068050803	0.07718920830609123	0.14188094931116138	0.9131034482758621
pling subcommunity	dcj 4, containment 0.3	same_lineage	0.25691990714412233	0.808500234705054	0.38993031399969336	0.9131034482758621
pling community	dcj 4, containment 0.3	related_backbone	0.060480926757096806	0.9060003172562345	0.11339224463858288	1.0
pling community	dcj 4, containment 0.3	same_lineage	0.0018356619173281869	0.9823971209513378	0.0036644765628861572	1.0
mge-cluster	perplexity 10, min cluster 5	related_backbone	0.005815447548576686	0.24223676868366173	0.011358215169483762	0.9124137931034483
mge-cluster	perplexity 10, min cluster 5	same_lineage	0.0005791533568483966	0.8618565169769989	0.0011575288733956866	0.9124137931034483
mge-cluster	perplexity 10, min cluster 10	related_backbone	0.008469916452913288	0.3583963477484182	0.016548739519927448	0.8455172413793104
mge-cluster	perplexity 10, min cluster 10	same_lineage	0.0005103842520116176	0.771553747457362	0.0010200937101194575	0.8455172413793104
mge-cluster	perplexity 10, min cluster 30	related_backbone	0.01315013861183745	0.9669538898584351	0.02594740418063591	0.976551724137931
mge-cluster	perplexity 10, min cluster 30	same_lineage	0.0003688319429860373	0.9689211391018621	0.0007373831918429066	0.976551724137931
mge-cluster	perplexity 30, min cluster 5	related_backbone	0.005975438408015673	0.2499846367505078	0.011671881241070093	0.8648275862068966
mge-cluster	perplexity 30, min cluster 5	same_lineage	0.000570754122346567	0.8530550774526678	0.0011407450056810846	0.8648275862068966
mge-cluster	perplexity 30, min cluster 10	related_backbone	0.008169133839652057	0.34451508725846675	0.015959828590181482	0.829655172413793
mge-cluster	perplexity 30, min cluster 10	same_lineage	0.0005319294701713241	0.8014395243310906	0.0010631533068443594	0.829655172413793
mge-cluster	perplexity 30, min cluster 30 (default)	related_backbone	0.009897783008680817	0.4590730561178102	0.019377774119386043	0.8393103448275862
mge-cluster	perplexity 30, min cluster 30 (default)	same_lineage	0.0004354685761774285	0.7215811297136598	0.0008704118655919568	0.8393103448275862
mge-cluster	perplexity 50, min cluster 5	related_backbone	0.006948228605519889	0.2882626005676943	0.013569383296510458	0.8379310344827586
mge-cluster	perplexity 50, min cluster 5	same_lineage	0.0005490726379361827	0.8138202159286497	0.0010974048727997966	0.8379310344827586
mge-cluster	perplexity 50, min cluster 10	related_backbone	0.009043673857819115	0.390234749083577	0.017677668493585173	0.8337931034482758
mge-cluster	perplexity 50, min cluster 10	same_lineage	0.0005114961178979838	0.7885111876075732	0.0010223290653091838	0.8337931034482758
mge-cluster	perplexity 50, min cluster 30	related_backbone	0.011411651193184413	0.5419649383957647	0.02235264357858789	0.8620689655172413
mge-cluster	perplexity 50, min cluster 30	same_lineage	0.00045986538352432054	0.7802573932092005	0.0009191890186278488	0.8620689655172413
