plasmid_id	fasta
AP026629.1	/Users/basilxavier/Desktop/PLASMID_TOOL/reference/AP026629.1.fasta
CP052570.1	/Users/basilxavier/Desktop/PLASMID_TOOL/reference/CP052570.1.fasta
CP056814.1	/Users/basilxavier/Desktop/PLASMID_TOOL/reference/CP056814.1.fasta
CP057261.1	/Users/basilxavier/Desktop/PLASMID_TOOL/reference/CP057261.1.fasta
CP124771.1	/Users/basilxavier/Desktop/PLASMID_TOOL/reference/CP124771.1.fasta
LR962081.1	/Users/basilxavier/Desktop/PLASMID_TOOL/reference/LR962081.1.fasta
NC_002523.5	/Users/basilxavier/Desktop/PLASMID_TOOL/reference/NC_002523.5.fasta
NC_017222.1	/Users/basilxavier/Desktop/PLASMID_TOOL/reference/NC_017222.1.fasta
NC_019083.1	/Users/basilxavier/Desktop/PLASMID_TOOL/reference/NC_019083.1.fasta
NZ_ABQL01000045.1	/Users/basilxavier/Desktop/PLASMID_TOOL/reference/NZ_ABQL01000045.1.fasta
NZ_AEYF01000091.1	/Users/basilxavier/Desktop/PLASMID_TOOL/reference/NZ_AEYF01000091.1.fasta
NZ_AP021921.1	/Users/basilxavier/Desktop/PLASMID_TOOL/reference/NZ_AP021921.1.fasta
NZ_AP023308.1	/Users/basilxavier/Desktop/PLASMID_TOOL/reference/NZ_AP023308.1.fasta
NZ_AP027909.1	/Users/basilxavier/Desktop/PLASMID_TOOL/reference/NZ_AP027909.1.fasta
NZ_CM017127.1	/Users/basilxavier/Desktop/PLASMID_TOOL/reference/NZ_CM017127.1.fasta
NZ_CP004283.1	/Users/basilxavier/Desktop/PLASMID_TOOL/reference/NZ_CP004283.1.fasta
NZ_CP010680.1	/Users/basilxavier/Desktop/PLASMID_TOOL/reference/NZ_CP010680.1.fasta
NZ_CP010949.1	/Users/basilxavier/Desktop/PLASMID_TOOL/reference/NZ_CP010949.1.fasta
NZ_CP011350.1	/Users/basilxavier/Desktop/PLASMID_TOOL/reference/NZ_CP011350.1.fasta
NZ_CP011585.1	/Users/basilxavier/Desktop/PLASMID_TOOL/reference/NZ_CP011585.1.fasta
NZ_CP013044.1	/Users/basilxavier/Desktop/PLASMID_TOOL/reference/NZ_CP013044.1.fasta
NZ_CP015788.1	/Users/basilxavier/Desktop/PLASMID_TOOL/reference/NZ_CP015788.1.fasta
NZ_CP017854.1	/Users/basilxavier/Desktop/PLASMID_TOOL/reference/NZ_CP017854.1.fasta
NZ_CP032461.1	/Users/basilxavier/Desktop/PLASMID_TOOL/reference/NZ_CP032461.1.fasta
NZ_CP034342.1	/Users/basilxavier/Desktop/PLASMID_TOOL/reference/NZ_CP034342.1.fasta
NZ_CP036060.1	/Users/basilxavier/Desktop/PLASMID_TOOL/reference/NZ_CP036060.1.fasta
NZ_CP038100.1	/Users/basilxavier/Desktop/PLASMID_TOOL/reference/NZ_CP038100.1.fasta
NZ_CP044752.1	/Users/basilxavier/Desktop/PLASMID_TOOL/reference/NZ_CP044752.1.fasta
NZ_CP048923.1	/Users/basilxavier/Desktop/PLASMID_TOOL/reference/NZ_CP048923.1.fasta
NZ_CP051740.1	/Users/basilxavier/Desktop/PLASMID_TOOL/reference/NZ_CP051740.1.fasta
NZ_CP053235.1	/Users/basilxavier/Desktop/PLASMID_TOOL/reference/NZ_CP053235.1.fasta
NZ_CP054266.1	/Users/basilxavier/Desktop/PLASMID_TOOL/reference/NZ_CP054266.1.fasta
NZ_CP055381.1	/Users/basilxavier/Desktop/PLASMID_TOOL/reference/NZ_CP055381.1.fasta
NZ_CP065942.1	/Users/basilxavier/Desktop/PLASMID_TOOL/reference/NZ_CP065942.1.fasta
NZ_CP069995.1	/Users/basilxavier/Desktop/PLASMID_TOOL/reference/NZ_CP069995.1.fasta
NZ_CP070448.1	/Users/basilxavier/Desktop/PLASMID_TOOL/reference/NZ_CP070448.1.fasta
NZ_CP070492.1	/Users/basilxavier/Desktop/PLASMID_TOOL/reference/NZ_CP070492.1.fasta
NZ_CP076174.1	/Users/basilxavier/Desktop/PLASMID_TOOL/reference/NZ_CP076174.1.fasta
NZ_CP076223.1	/Users/basilxavier/Desktop/PLASMID_TOOL/reference/NZ_CP076223.1.fasta
NZ_CP076392.1	/Users/basilxavier/Desktop/PLASMID_TOOL/reference/NZ_CP076392.1.fasta
NZ_CP080345.1	/Users/basilxavier/Desktop/PLASMID_TOOL/reference/NZ_CP080345.1.fasta
NZ_CP084393.1	/Users/basilxavier/Desktop/PLASMID_TOOL/reference/NZ_CP084393.1.fasta
NZ_CP092908.1	/Users/basilxavier/Desktop/PLASMID_TOOL/reference/NZ_CP092908.1.fasta
NZ_CP093367.1	/Users/basilxavier/Desktop/PLASMID_TOOL/reference/NZ_CP093367.1.fasta
NZ_CP097677.1	/Users/basilxavier/Desktop/PLASMID_TOOL/reference/NZ_CP097677.1.fasta
NZ_CP099736.1	/Users/basilxavier/Desktop/PLASMID_TOOL/reference/NZ_CP099736.1.fasta
NZ_CP102763.1	/Users/basilxavier/Desktop/PLASMID_TOOL/plasmid_sequences_for_training/repAci_large/fastas/NZ_CP102763.1.fasta
NZ_CP108044.1	/Users/basilxavier/Desktop/PLASMID_TOOL/reference/NZ_CP108044.1.fasta
NZ_CP108328.1	/Users/basilxavier/Desktop/PLASMID_TOOL/reference/NZ_CP108328.1.fasta
NZ_CP115938.1	/Users/basilxavier/Desktop/PLASMID_TOOL/reference/NZ_CP115938.1.fasta
NZ_CP119129.1	/Users/basilxavier/Desktop/PLASMID_TOOL/reference/NZ_CP119129.1.fasta
NZ_CP121309.1	/Users/basilxavier/Desktop/PLASMID_TOOL/reference/NZ_CP121309.1.fasta
NZ_CP121825.1	/Users/basilxavier/Desktop/PLASMID_TOOL/reference/NZ_CP121825.1.fasta
NZ_CP130175.1	/Users/basilxavier/Desktop/PLASMID_TOOL/reference/NZ_CP130175.1.fasta
NZ_CP131850.1	/Users/basilxavier/Desktop/PLASMID_TOOL/reference/NZ_CP131850.1.fasta
NZ_CP133000.1	/Users/basilxavier/Desktop/PLASMID_TOOL/reference/NZ_CP133000.1.fasta
NZ_CP134792.1	/Users/basilxavier/Desktop/PLASMID_TOOL/reference/NZ_CP134792.1.fasta
NZ_CP135500.1	/Users/basilxavier/Desktop/PLASMID_TOOL/reference/NZ_CP135500.1.fasta
NZ_CP136689.1	/Users/basilxavier/Desktop/PLASMID_TOOL/reference/NZ_CP136689.1.fasta
NZ_CP138724.1	/Users/basilxavier/Desktop/PLASMID_TOOL/reference/NZ_CP138724.1.fasta
NZ_CP142847.1	/Users/basilxavier/Desktop/PLASMID_TOOL/reference/NZ_CP142847.1.fasta
NZ_CP143291.1	/Users/basilxavier/Desktop/PLASMID_TOOL/reference/NZ_CP143291.1.fasta
NZ_CP147859.1	/Users/basilxavier/Desktop/PLASMID_TOOL/reference/NZ_CP147859.1.fasta
NZ_CP151371.1	/Users/basilxavier/Desktop/PLASMID_TOOL/reference/NZ_CP151371.1.fasta
NZ_CP152083.1	/Users/basilxavier/Desktop/PLASMID_TOOL/reference/NZ_CP152083.1.fasta
NZ_CP175782.1	/Users/basilxavier/Desktop/PLASMID_TOOL/reference/NZ_CP175782.1.fasta
NZ_CP186738.1	/Users/basilxavier/Desktop/PLASMID_TOOL/reference/NZ_CP186738.1.fasta
NZ_CP194424.1	/Users/basilxavier/Desktop/PLASMID_TOOL/reference/NZ_CP194424.1.fasta
NZ_CP196736.1	/Users/basilxavier/Desktop/PLASMID_TOOL/reference/NZ_CP196736.1.fasta
NZ_JAQFKI010000154.1	/Users/basilxavier/Desktop/PLASMID_TOOL/reference/NZ_JAQFKI010000154.1.fasta
NZ_JARGDG010000109.1	/Users/basilxavier/Desktop/PLASMID_TOOL/reference/NZ_JARGDG010000109.1.fasta
NZ_JAUAMW010000023.1	/Users/basilxavier/Desktop/PLASMID_TOOL/reference/NZ_JAUAMW010000023.1.fasta
NZ_JBAIVJ010000067.1	/Users/basilxavier/Desktop/PLASMID_TOOL/reference/NZ_JBAIVJ010000067.1.fasta
NZ_JBDYDP010000025.1	/Users/basilxavier/Desktop/PLASMID_TOOL/reference/NZ_JBDYDP010000025.1.fasta
NZ_JBDYGY010000142.1	/Users/basilxavier/Desktop/PLASMID_TOOL/reference/NZ_JBDYGY010000142.1.fasta
NZ_JBQGLF010000005.1	/Users/basilxavier/Desktop/PLASMID_TOOL/reference/NZ_JBQGLF010000005.1.fasta
NZ_JBQWEI010000002.1	/Users/basilxavier/Desktop/PLASMID_TOOL/reference/NZ_JBQWEI010000002.1.fasta
NZ_JBRFNJ010000004.1	/Users/basilxavier/Desktop/PLASMID_TOOL/reference/NZ_JBRFNJ010000004.1.fasta
NZ_JBRFNR010000002.1	/Users/basilxavier/Desktop/PLASMID_TOOL/reference/NZ_JBRFNR010000002.1.fasta
NZ_JBSSNO010000003.1	/Users/basilxavier/Desktop/PLASMID_TOOL/reference/NZ_JBSSNO010000003.1.fasta
NZ_JBWLLF010000005.1	/Users/basilxavier/Desktop/PLASMID_TOOL/reference/NZ_JBWLLF010000005.1.fasta
NZ_JBXRQJ010000002.1	/Users/basilxavier/Desktop/PLASMID_TOOL/reference/NZ_JBXRQJ010000002.1.fasta
NZ_JBYBQM010000006.1	/Users/basilxavier/Desktop/PLASMID_TOOL/reference/NZ_JBYBQM010000006.1.fasta
NZ_JCAOGM010000002.1	/Users/basilxavier/Desktop/PLASMID_TOOL/reference/NZ_JCAOGM010000002.1.fasta
NZ_LHAT01000099.1	/Users/basilxavier/Desktop/PLASMID_TOOL/reference/NZ_LHAT01000099.1.fasta
NZ_MG288681.1	/Users/basilxavier/Desktop/PLASMID_TOOL/reference/NZ_MG288681.1.fasta
NZ_MZ532980.1	/Users/basilxavier/Desktop/PLASMID_TOOL/reference/NZ_MZ532980.1.fasta
NZ_NJBA01000193.1	/Users/basilxavier/Desktop/PLASMID_TOOL/reference/NZ_NJBA01000193.1.fasta
NZ_OU659205.1	/Users/basilxavier/Desktop/PLASMID_TOOL/reference/NZ_OU659205.1.fasta
NZ_OZ542908.1	/Users/basilxavier/Desktop/PLASMID_TOOL/reference/NZ_OZ542908.1.fasta
NZ_PV023085.1	/Users/basilxavier/Desktop/PLASMID_TOOL/reference/NZ_PV023085.1.fasta
NZ_PV654627.1	/Users/basilxavier/Desktop/PLASMID_TOOL/reference/NZ_PV654627.1.fasta
NZ_PXUY01000024.1	/Users/basilxavier/Desktop/PLASMID_TOOL/reference/NZ_PXUY01000024.1.fasta
NZ_RRHJ01000217.1	/Users/basilxavier/Desktop/PLASMID_TOOL/reference/NZ_RRHJ01000217.1.fasta
NZ_RRKN01000139.1	/Users/basilxavier/Desktop/PLASMID_TOOL/reference/NZ_RRKN01000139.1.fasta
NZ_RRSI01000310.1	/Users/basilxavier/Desktop/PLASMID_TOOL/reference/NZ_RRSI01000310.1.fasta
OW967385.1	/Users/basilxavier/Desktop/PLASMID_TOOL/reference/OW967385.1.fasta
OW968395.1	/Users/basilxavier/Desktop/PLASMID_TOOL/reference/OW968395.1.fasta
OW970028.1	/Users/basilxavier/Desktop/PLASMID_TOOL/reference/OW970028.1.fasta
RefSeq_NZ_VKNS01000175.1	/Users/basilxavier/Desktop/PLASMID_TOOL/plasmid_sequences_for_training/IncN/fastas/RefSeq_NZ_VKNS01000175.1.fasta
