truth	definition	registered	positive_pairs	method	precision_w	recall_w	F1_w
same_lineage	AF>=0.6, ANI>=98.0	False	612	pLIN v4.1 L1	0.09388489082431511	0.9359043111287276	0.17065099130129177
same_lineage	AF>=0.6, ANI>=98.0	False	612	pLIN v4 L1	0.07665127163412037	0.8512905406980809	0.1406392116561842
same_lineage	AF>=0.6, ANI>=98.0	False	612	pLIN v4.1 L2	0.1348567909837062	0.8084901334452502	0.23115649633228
same_lineage	AF>=0.6, ANI>=98.0	False	612	pLIN v4 L2	0.1417889670284768	0.8252465667187391	0.24199908722161545
same_lineage	AF>=0.6, ANI>=98.0	False	612	pLIN v4.1 L3	0.49385052715771965	0.7989927487234487	0.6104111728211343
same_lineage	AF>=0.6, ANI>=98.0	False	612	pLIN v4 L3	0.16415857214194818	0.7920290361942068	0.2719515595958141
same_lineage	AF>=0.6, ANI>=98.0	False	612	pLIN v4.1 L4	0.7938496855496304	0.516029751218261	0.6254774969972444
same_lineage	AF>=0.6, ANI>=98.0	False	612	pLIN v4 L4	0.5374788857867655	0.5075893585767912	0.5221066937139945
same_lineage	AF>=0.6, ANI>=98.0	False	612	pLIN v4.1 L5	0.9294594194068928	0.43870611734166487	0.5960675403119358
same_lineage	AF>=0.6, ANI>=98.0	False	612	pLIN v4 L5	0.6138672946551463	0.3717581042536159	0.4630768281275147
same_lineage	AF>=0.6, ANI>=98.0	False	612	pLIN v4.1 L6	0.9377099928272113	0.1930487226717029	0.3201809791435716
same_lineage	AF>=0.6, ANI>=98.0	False	612	pLIN v4 L6	0.8497913769123784	0.16145554027062106	0.2713551429336503
same_lineage	AF>=0.6, ANI>=98.0	False	612	MOB-suite primary	0.38727004021418326	0.8579200572019242	0.5336482128192128
same_lineage	AF>=0.6, ANI>=98.0	False	612	MOB-suite secondary	0.6424133649447908	0.5438535133328669	0.5890390635275549
same_lineage	AF>=0.6, ANI>=98.0	False	612	pling subcommunity	0.3036892966393381	0.4438511817326898	0.3606302456998384
same_lineage	AF>=0.6, ANI>=98.0	False	612	pling community	0.004064017648479973	0.9918393993797944	0.008094866941143997
same_lineage	AF>=0.6, ANI>=98.0	False	612	mge-cluster	0.0013711751120408862	0.8891401835746537	0.002738127658766821
same_lineage	AF>=0.6, ANI>=99.0	False	504	pLIN v4.1 L1	0.07209614274370445	0.9452900587784308	0.1339742310440835
same_lineage	AF>=0.6, ANI>=99.0	False	504	pLIN v4 L1	0.05809745529716775	0.8486583184257603	0.10875009599304952
same_lineage	AF>=0.6, ANI>=99.0	False	504	pLIN v4.1 L2	0.10671765744889444	0.8415026833631485	0.18941419254636058
same_lineage	AF>=0.6, ANI>=99.0	False	504	pLIN v4 L2	0.10702341583725422	0.8192895476616406	0.18931650404482822
same_lineage	AF>=0.6, ANI>=99.0	False	504	pLIN v4.1 L3	0.394301244305988	0.8390595451060566	0.5364889584982675
same_lineage	AF>=0.6, ANI>=99.0	False	504	pLIN v4 L3	0.12299006105124115	0.7804855609506772	0.21249486860140684
same_lineage	AF>=0.6, ANI>=99.0	False	504	pLIN v4.1 L4	0.7645448241230062	0.6536672629695885	0.7047717716559297
same_lineage	AF>=0.6, ANI>=99.0	False	504	pLIN v4 L4	0.45807915695395707	0.5689956555072834	0.5075483246651553
same_lineage	AF>=0.6, ANI>=99.0	False	504	pLIN v4.1 L5	0.9087780540415934	0.564180935343726	0.6961704382047984
same_lineage	AF>=0.6, ANI>=99.0	False	504	pLIN v4 L5	0.5583108478806992	0.44471249680552005	0.4950788283642705
same_lineage	AF>=0.6, ANI>=99.0	False	504	pLIN v4.1 L6	0.9320472649024123	0.25237924865831846	0.39720385475489484
same_lineage	AF>=0.6, ANI>=99.0	False	504	pLIN v4 L6	0.8106847746052525	0.202586250958344	0.3241651740805261
same_lineage	AF>=0.6, ANI>=99.0	False	504	MOB-suite primary	0.31056400720960936	0.9049016100178893	0.46242339751019473
same_lineage	AF>=0.6, ANI>=99.0	False	504	MOB-suite secondary	0.5826117092449743	0.6487298747763864	0.6138956502181966
same_lineage	AF>=0.6, ANI>=99.0	False	504	pling subcommunity	0.2741334453598297	0.5269716330181446	0.36065318586833617
same_lineage	AF>=0.6, ANI>=99.0	False	504	pling community	0.0030818410394512436	0.9892665474060823	0.006144540123712085
same_lineage	AF>=0.6, ANI>=99.0	False	504	mge-cluster	0.0010330287047263097	0.8810631229235883	0.00206363783579771
same_lineage	AF>=0.6, ANI>=99.5	False	420	pLIN v4.1 L1	0.05788476764035271	0.9546249389256047	0.10915103808892694
same_lineage	AF>=0.6, ANI>=99.5	False	420	pLIN v4 L1	0.04728623406269479	0.8688121994496875	0.0896909229768862
same_lineage	AF>=0.6, ANI>=99.5	False	420	pLIN v4.1 L2	0.09090316882864342	0.9015995062617327	0.16515472288489058
same_lineage	AF>=0.6, ANI>=99.5	False	420	pLIN v4 L2	0.08711351116042963	0.8388021703911333	0.1578351110963258
same_lineage	AF>=0.6, ANI>=99.5	False	420	pLIN v4.1 L3	0.3368477181318476	0.9015995062617327	0.49045567767617404
same_lineage	AF>=0.6, ANI>=99.5	False	420	pLIN v4 L3	0.10166723046440823	0.8115051302491834	0.1806964000435178
same_lineage	AF>=0.6, ANI>=99.5	False	420	pLIN v4.1 L4	0.6662043568712785	0.7164347982616298	0.6904071568408792
same_lineage	AF>=0.6, ANI>=99.5	False	420	pLIN v4 L4	0.3940935753126755	0.6157199063954535	0.48058629380173945
same_lineage	AF>=0.6, ANI>=99.5	False	420	pLIN v4.1 L5	0.8205693961897549	0.6407539794790031	0.7195985704487202
same_lineage	AF>=0.6, ANI>=99.5	False	420	pLIN v4 L5	0.467731637593324	0.46861418983207753	0.4681724977881399
same_lineage	AF>=0.6, ANI>=99.5	False	420	pLIN v4.1 L6	0.9320472649024123	0.3174454187774835	0.47359082320669843
same_lineage	AF>=0.6, ANI>=99.5	False	420	pLIN v4 L6	0.7531702528020945	0.2367372129503433	0.3602426139698689
same_lineage	AF>=0.6, ANI>=99.5	False	420	MOB-suite primary	0.2502804467852773	0.9172602669272507	0.39325790823164447
same_lineage	AF>=0.6, ANI>=99.5	False	420	MOB-suite secondary	0.506542240542383	0.7094401728083936	0.591063506707927
same_lineage	AF>=0.6, ANI>=99.5	False	420	pling subcommunity	0.2385313539031352	0.5767480134749402	0.33748550501787367
same_lineage	AF>=0.6, ANI>=99.5	False	420	pling community	0.0024480852293130963	0.9884280093604546	0.00488407384771247
same_lineage	AF>=0.6, ANI>=99.5	False	420	mge-cluster	0.0008227314352852162	0.8826085838455009	0.0016439304661765687
same_lineage	AF>=0.7, ANI>=98.0	False	456	pLIN v4.1 L1	0.0648080181844477	0.9669632990170417	0.12147454386765445
same_lineage	AF>=0.7, ANI>=98.0	False	456	pLIN v4 L1	0.053247836347404154	0.8851276682370731	0.10045260771319318
same_lineage	AF>=0.7, ANI>=98.0	False	456	pLIN v4.1 L2	0.10210515228364705	0.9162100854999128	0.18373440135767788
same_lineage	AF>=0.7, ANI>=98.0	False	456	pLIN v4 L2	0.09880841023216871	0.8607572849415459	0.177267818865565
same_lineage	AF>=0.7, ANI>=98.0	False	456	pLIN v4.1 L3	0.37363526858682816	0.9047751992089803	0.5288691434919378
same_lineage	AF>=0.7, ANI>=98.0	False	456	pLIN v4 L3	0.11539006749464391	0.833280986447973	0.2027095669645068
same_lineage	AF>=0.7, ANI>=98.0	False	456	pLIN v4.1 L4	0.7045362155957817	0.6854650148316175	0.6948697841429691
same_lineage	AF>=0.7, ANI>=98.0	False	456	pLIN v4 L4	0.43841027719541514	0.6196940615366717	0.513522599520187
same_lineage	AF>=0.7, ANI>=98.0	False	456	pLIN v4.1 L5	0.8955064135285111	0.632641191182458	0.7414653432949775
same_lineage	AF>=0.7, ANI>=98.0	False	456	pLIN v4 L5	0.5023180603369449	0.45531320886407256	0.47766202979819783
same_lineage	AF>=0.7, ANI>=98.0	False	456	pLIN v4.1 L6	0.9320472649024123	0.2871982783691037	0.4390950966617461
same_lineage	AF>=0.7, ANI>=98.0	False	456	pLIN v4 L6	0.8241021025934714	0.2343511894375618	0.3649274075952577
same_lineage	AF>=0.7, ANI>=98.0	False	456	MOB-suite primary	0.2795433914107416	0.9268888501134182	0.4295403317374267
same_lineage	AF>=0.7, ANI>=98.0	False	456	MOB-suite secondary	0.5762863575751596	0.7302157854940964	0.644183245314386
same_lineage	AF>=0.7, ANI>=98.0	False	456	pling subcommunity	0.263354440224248	0.57609492235212	0.36146827326531417
same_lineage	AF>=0.7, ANI>=98.0	False	456	pling community	0.0027089311084569365	0.9895306229279358	0.005403070813526427
same_lineage	AF>=0.7, ANI>=98.0	False	456	mge-cluster	0.0009112442208102632	0.884418077124411	0.0018206126062450562
same_lineage	AF>=0.7, ANI>=99.0	False	394	pLIN v4.1 L1	0.053745630575195026	0.9766934444113855	0.10188473306727566
same_lineage	AF>=0.7, ANI>=99.0	False	394	pLIN v4 L1	0.04331836401288823	0.8770207279579493	0.08255892523086367
same_lineage	AF>=0.7, ANI>=99.0	False	394	pLIN v4.1 L2	0.08587971252866207	0.9385812045734689	0.1573609743192168
same_lineage	AF>=0.7, ANI>=99.0	False	394	pLIN v4 L2	0.08049957703136779	0.8541108796985025	0.1471320250239641
same_lineage	AF>=0.7, ANI>=99.0	False	394	pLIN v4.1 L3	0.3182329678036876	0.9385812045734689	0.47530890217641847
same_lineage	AF>=0.7, ANI>=99.0	False	394	pLIN v4 L3	0.09368868699560237	0.824031963276236	0.168248306625531
same_lineage	AF>=0.7, ANI>=99.0	False	394	pLIN v4.1 L4	0.6838040125301895	0.8103030560632466	0.7416984937005168
same_lineage	AF>=0.7, ANI>=99.0	False	394	pLIN v4 L4	0.38283540480653105	0.65908672305578	0.4843389456395414
same_lineage	AF>=0.7, ANI>=99.0	False	394	pLIN v4.1 L5	0.8748250481632116	0.7527379889772037	0.8092025100523945
same_lineage	AF>=0.7, ANI>=99.0	False	394	pLIN v4 L5	0.4685786520278616	0.51730635723495	0.4917383128481651
same_lineage	AF>=0.7, ANI>=99.0	False	394	pLIN v4.1 L6	0.9263845369776134	0.34767146965897344	0.5055939013083344
same_lineage	AF>=0.7, ANI>=99.0	False	394	pLIN v4 L6	0.7849955002863455	0.27188620166900446	0.40388521157144813
same_lineage	AF>=0.7, ANI>=99.0	False	394	MOB-suite primary	0.2289252682772805	0.9244980943880082	0.366978823440089
same_lineage	AF>=0.7, ANI>=99.0	False	394	MOB-suite secondary	0.5164847018753429	0.7970842011306161	0.6268141626197199
same_lineage	AF>=0.7, ANI>=99.0	False	394	pling subcommunity	0.24142419001253654	0.6432325980079626	0.3510783188838958
same_lineage	AF>=0.7, ANI>=99.0	False	394	pling community	0.002219021084680982	0.9872486929910316	0.004428089233042342
same_lineage	AF>=0.7, ANI>=99.0	False	394	mge-cluster	0.000746911275335122	0.8829288335387712	0.0014925599236116274
same_lineage	AF>=0.7, ANI>=99.5	False	344	pLIN v4.1 L1	0.04591175428385872	0.9791167863793562	0.08771066858755928
same_lineage	AF>=0.7, ANI>=99.5	False	344	pLIN v4 L1	0.03739525076746269	0.8884843043362596	0.07176979593179807
same_lineage	AF>=0.7, ANI>=99.5	False	344	pLIN v4.1 L2	0.07409306357913158	0.9502859803139131	0.1374678640245741
same_lineage	AF>=0.7, ANI>=99.5	False	344	pLIN v4 L2	0.0695978693330716	0.8665868582069699	0.12884764544648292
same_lineage	AF>=0.7, ANI>=99.5	False	344	pLIN v4.1 L3	0.2745567587756538	0.9502859803139131	0.4260260200568553
same_lineage	AF>=0.7, ANI>=99.5	False	344	pLIN v4 L3	0.08130768859034455	0.8392358339984038	0.14825225352236782
same_lineage	AF>=0.7, ANI>=99.5	False	344	pLIN v4.1 L4	0.5997513092135153	0.8340316573556796	0.6977507615695984
same_lineage	AF>=0.7, ANI>=99.5	False	344	pLIN v4 L4	0.3365518149479371	0.6799514498536845	0.45024723962770236
same_lineage	AF>=0.7, ANI>=99.5	False	344	pLIN v4.1 L5	0.7905517775106617	0.7982674913540834	0.7943908996897621
same_lineage	AF>=0.7, ANI>=99.5	False	344	pLIN v4 L5	0.4056044121751908	0.5254888268156425	0.45782866372481024
same_lineage	AF>=0.7, ANI>=99.5	False	344	pLIN v4.1 L6	0.9263845369776134	0.40800412343708437	0.566504680664412
same_lineage	AF>=0.7, ANI>=99.5	False	344	pLIN v4 L6	0.7274809784831875	0.2956903431763767	0.42047523347913474
same_lineage	AF>=0.7, ANI>=99.5	False	344	MOB-suite primary	0.19482434251783762	0.9233173716413939	0.3217565315512692
same_lineage	AF>=0.7, ANI>=99.5	False	344	MOB-suite secondary	0.4491917733706367	0.8135308592710828	0.5787991122059848
same_lineage	AF>=0.7, ANI>=99.5	False	344	pling subcommunity	0.2175476566831028	0.6802008512902367	0.32966047831390466
same_lineage	AF>=0.7, ANI>=99.5	False	344	pling community	0.0018914271939774441	0.9875299281723863	0.00377562289489945
same_lineage	AF>=0.7, ANI>=99.5	False	344	mge-cluster	0.0006282789732190874	0.8715748869380154	0.0012556528030412764
same_lineage	AF>=0.8, ANI>=98.0	False	344	pLIN v4.1 L1	0.045009704635264366	0.9772327171778726	0.08605582202718097
same_lineage	AF>=0.8, ANI>=98.0	False	344	pLIN v4 L1	0.037316873087466514	0.9026508226691042	0.07167077409980178
same_lineage	AF>=0.8, ANI>=98.0	False	344	pLIN v4.1 L2	0.07402694841234475	0.9666023427449388	0.13752182908873395
same_lineage	AF>=0.8, ANI>=98.0	False	344	pLIN v4 L2	0.06944831136366823	0.8803575055860248	0.12874071956229938
same_lineage	AF>=0.8, ANI>=98.0	False	344	pLIN v4.1 L3	0.27431176464230256	0.9666023427449388	0.4273468933382103
same_lineage	AF>=0.8, ANI>=98.0	False	344	pLIN v4 L3	0.08074227999806696	0.8484663822872233	0.14745258624493648
same_lineage	AF>=0.8, ANI>=98.0	False	344	pLIN v4.1 L4	0.5973480953633515	0.8457072245920509	0.7001555558669788
same_lineage	AF>=0.8, ANI>=98.0	False	344	pLIN v4 L4	0.3363625328414741	0.6918545602275035	0.45265528808017147
same_lineage	AF>=0.8, ANI>=98.0	False	344	pLIN v4.1 L5	0.8147898108050255	0.8376159523325886	0.8260452227332293
same_lineage	AF>=0.8, ANI>=98.0	False	344	pLIN v4 L5	0.3799886423064459	0.5012018416954431	0.43225842948829074
same_lineage	AF>=0.8, ANI>=98.0	False	344	pLIN v4.1 L6	0.9320472649024123	0.4179192904055793	0.5770817507158301
same_lineage	AF>=0.8, ANI>=98.0	False	344	pLIN v4 L6	0.755665548556001	0.31269889633692194	0.442350518426283
same_lineage	AF>=0.8, ANI>=98.0	False	344	MOB-suite primary	0.19495765889426342	0.9406527185320603	0.32297600564931933
same_lineage	AF>=0.8, ANI>=98.0	False	344	MOB-suite secondary	0.4605113069103779	0.8491096215045028	0.5971568917770691
same_lineage	AF>=0.8, ANI>=98.0	False	344	pling subcommunity	0.23252765543344017	0.7401821382625771	0.3538831793806215
same_lineage	AF>=0.8, ANI>=98.0	False	344	pling community	0.0018526394658859781	0.9847653869591713	0.0036983212786607616
same_lineage	AF>=0.8, ANI>=98.0	False	344	mge-cluster	0.0006068848876182467	0.8571162570248494	0.001212910968358558
same_lineage	AF>=0.8, ANI>=99.0	True	310	pLIN v4.1 L1	0.03955842447712111	0.9923916445000783	0.07608401045913346
same_lineage	AF>=0.8, ANI>=99.0	True	310	pLIN v4 L1	0.032423866493419336	0.9062157721796277	0.06260766752386865
same_lineage	AF>=0.8, ANI>=99.0	True	310	pLIN v4.1 L2	0.06496268868344934	0.9801087466750118	0.1218490855877913
same_lineage	AF>=0.8, ANI>=99.0	True	310	pLIN v4 L2	0.06074991303604681	0.8898059771553747	0.11373478674727484
same_lineage	AF>=0.8, ANI>=99.0	True	310	pLIN v4.1 L3	0.2407235493404974	0.9801087466750118	0.3865154239600457
same_lineage	AF>=0.8, ANI>=99.0	True	310	pLIN v4 L3	0.07063419191675123	0.8576318260053201	0.1305189026041868
same_lineage	AF>=0.8, ANI>=99.0	True	310	pLIN v4.1 L4	0.57947344508477	0.947934595524957	0.7192615348084826
same_lineage	AF>=0.8, ANI>=99.0	True	310	pLIN v4 L4	0.30439031616284024	0.7234196526365202	0.4284876455161688
same_lineage	AF>=0.8, ANI>=99.0	True	310	pLIN v4.1 L5	0.794108445439726	0.9432600531998123	0.8622819799926694
same_lineage	AF>=0.8, ANI>=99.0	True	310	pLIN v4 L5	0.36158532868330967	0.5510679079956189	0.4366566898168328
same_lineage	AF>=0.8, ANI>=99.0	True	310	pLIN v4.1 L6	0.9263845369776134	0.4799522766390237	0.6323099321025034
same_lineage	AF>=0.8, ANI>=99.0	True	310	pLIN v4 L6	0.7263355968256566	0.34728524487560636	0.46989705454256764
same_lineage	AF>=0.8, ANI>=99.0	True	310	MOB-suite primary	0.16958895579071082	0.9454506337036458	0.2875915568059364
same_lineage	AF>=0.8, ANI>=99.0	True	310	MOB-suite secondary	0.42265100170527437	0.9004459396025661	0.5752781470090702
same_lineage	AF>=0.8, ANI>=99.0	True	310	pling subcommunity	0.21695207277822606	0.7979580660303551	0.34115070841368633
same_lineage	AF>=0.8, ANI>=99.0	True	310	pling community	0.0015995320251052136	0.9823971209513378	0.0031938638237836436
same_lineage	AF>=0.8, ANI>=99.0	True	310	mge-cluster	0.0005259469267989317	0.8582772649037711	0.001051249654400658
same_lineage	AF>=0.8, ANI>=99.5	False	277	pLIN v4.1 L1	0.03470591193360228	0.9946596952227733	0.0670715468756886
same_lineage	AF>=0.8, ANI>=99.5	False	277	pLIN v4 L1	0.028675034067173515	0.9155829646512041	0.055608472977367485
same_lineage	AF>=0.8, ANI>=99.5	False	277	pLIN v4.1 L2	0.05689404558381475	0.9806274299503954	0.107548350595076
same_lineage	AF>=0.8, ANI>=99.5	False	277	pLIN v4 L2	0.05399710364968182	0.9035393484381283	0.10190423088917659
same_lineage	AF>=0.8, ANI>=99.5	False	277	pLIN v4.1 L3	0.21082465745857015	0.9806274299503954	0.34703945580114043
same_lineage	AF>=0.8, ANI>=99.5	False	277	pLIN v4 L3	0.06287311329112903	0.8721231621754479	0.11729051723101701
same_lineage	AF>=0.8, ANI>=99.5	False	277	pLIN v4.1 L4	0.5154236112771706	0.9632435089600928	0.671521590130226
same_lineage	AF>=0.8, ANI>=99.5	False	277	pLIN v4 L4	0.27580871808693397	0.7488492648701792	0.40313774785245904
same_lineage	AF>=0.8, ANI>=99.5	False	277	pLIN v4.1 L5	0.7098351747871763	0.9632435089600928	0.817348438166564
same_lineage	AF>=0.8, ANI>=99.5	False	277	pLIN v4 L5	0.3200816213909645	0.5572909684050588	0.40661994420204645
same_lineage	AF>=0.8, ANI>=99.5	False	277	pLIN v4.1 L6	0.9263845369776134	0.5483085310810206	0.688881714694777
same_lineage	AF>=0.8, ANI>=99.5	False	277	pLIN v4 L6	0.6785977255992801	0.37067077803101395	0.4794508670520231
same_lineage	AF>=0.8, ANI>=99.5	False	277	MOB-suite primary	0.14722688780812965	0.9376815480180541	0.25449509195617515
same_lineage	AF>=0.8, ANI>=99.5	False	277	MOB-suite secondary	0.36632874844792485	0.8916074540823166	0.5192973095198976
same_lineage	AF>=0.8, ANI>=99.5	False	277	pling subcommunity	0.19307553944879244	0.8112794387093891	0.31191803431845794
same_lineage	AF>=0.8, ANI>=99.5	False	277	pling community	0.0014013260976493158	0.9832417214103767	0.002798663511608795
same_lineage	AF>=0.8, ANI>=99.5	False	277	mge-cluster	0.0004560116385743346	0.8501363006658622	0.000911534331712631
same_lineage	AF>=0.9, ANI>=98.0	False	232	pLIN v4.1 L1	0.028099197394113443	0.9828738171207286	0.05463640473931889
same_lineage	AF>=0.9, ANI>=98.0	False	232	pLIN v4 L1	0.022453105916762552	0.8749897733780577	0.04378270419434144
same_lineage	AF>=0.9, ANI>=98.0	False	232	pLIN v4.1 L2	0.04672268090519442	0.9828738171207286	0.0892048483370929
same_lineage	AF>=0.9, ANI>=98.0	False	232	pLIN v4 L2	0.041605157613402	0.8496822929449944	0.0793260708363965
same_lineage	AF>=0.9, ANI>=98.0	False	232	pLIN v4.1 L3	0.17313399137476537	0.9828738171207286	0.29440781580417197
same_lineage	AF>=0.9, ANI>=98.0	False	232	pLIN v4 L3	0.04946439214549203	0.8374103466143064	0.09341114807159077
same_lineage	AF>=0.9, ANI>=98.0	False	232	pLIN v4.1 L4	0.4194863578756068	0.956802748915978	0.5832578320463481
same_lineage	AF>=0.9, ANI>=98.0	False	232	pLIN v4 L4	0.2147117459834131	0.711500177261447	0.3298757908278978
same_lineage	AF>=0.9, ANI>=98.0	False	232	pLIN v4.1 L5	0.5737761604452423	0.9502849818647904	0.715523613963039
same_lineage	AF>=0.9, ANI>=98.0	False	232	pLIN v4 L5	0.2640246660870179	0.5610461152472115	0.3590722555900506
same_lineage	AF>=0.9, ANI>=98.0	False	232	pLIN v4.1 L6	0.9150590811280154	0.6610215713545502	0.7675670540549099
same_lineage	AF>=0.9, ANI>=98.0	False	232	pLIN v4 L6	0.6906651394911233	0.46044342632741553	0.5525321115928986
same_lineage	AF>=0.9, ANI>=98.0	False	232	MOB-suite primary	0.1196023312824246	0.9296953830210805	0.2119393450992795
same_lineage	AF>=0.9, ANI>=98.0	False	232	MOB-suite secondary	0.30858352057690147	0.9166598489187052	0.4617305106776812
same_lineage	AF>=0.9, ANI>=98.0	False	232	pling subcommunity	0.1730118066532572	0.8872617197087458	0.28956066389358304
same_lineage	AF>=0.9, ANI>=98.0	False	232	pling community	0.0011486326473982632	0.9836374048924159	0.002294585815379931
same_lineage	AF>=0.9, ANI>=98.0	False	232	mge-cluster	0.0004032036043125395	0.9174234366903924	0.0008060529518637402
same_lineage	AF>=0.9, ANI>=99.0	False	220	pLIN v4.1 L1	0.026374621920742032	0.9955855086965478	0.0513878978151143
same_lineage	AF>=0.9, ANI>=99.0	False	220	pLIN v4 L1	0.02107239910754415	0.8861944141970041	0.04116593290747218
same_lineage	AF>=0.9, ANI>=99.0	False	220	pLIN v4.1 L2	0.04385509759279216	0.9955855086965478	0.08400960936425657
same_lineage	AF>=0.9, ANI>=99.0	False	220	pLIN v4 L2	0.03960882578966942	0.8729509402866477	0.07577928153770987
same_lineage	AF>=0.9, ANI>=99.0	False	220	pLIN v4.1 L3	0.16250797131647116	0.9955855086965478	0.27940850040626103
same_lineage	AF>=0.9, ANI>=99.0	False	220	pLIN v4 L3	0.047056170363568996	0.8597074663762913	0.08922841490663118
same_lineage	AF>=0.9, ANI>=99.0	False	220	pLIN v4.1 L4	0.40161170759702525	0.9885517525530475	0.5711759354515078
same_lineage	AF>=0.9, ANI>=99.0	False	220	pLIN v4 L4	0.20240840906332103	0.7238294240560346	0.31635322358403956
same_lineage	AF>=0.9, ANI>=99.0	False	220	pLIN v4.1 L5	0.5530947950799427	0.9885517525530475	0.7093231971280753
same_lineage	AF>=0.9, ANI>=99.0	False	220	pLIN v4 L5	0.2548230092754497	0.5843609288089703	0.35488908598991503
same_lineage	AF>=0.9, ANI>=99.0	False	220	pLIN v4.1 L6	0.9093963532032164	0.7089378733923895	0.7967520010584112
same_lineage	AF>=0.9, ANI>=99.0	False	220	pLIN v4 L6	0.6711118383375604	0.4828276288295712	0.5616089002995294
same_lineage	AF>=0.9, ANI>=99.0	False	220	MOB-suite primary	0.11184191484416456	0.9381971217516701	0.19985878418038008
same_lineage	AF>=0.9, ANI>=99.0	False	220	MOB-suite secondary	0.29266456586651124	0.9381971217516701	0.44615419603479917
same_lineage	AF>=0.9, ANI>=99.0	False	220	pling subcommunity	0.1612490245319415	0.89240413196386	0.27314357648017884
same_lineage	AF>=0.9, ANI>=99.0	False	220	pling community	0.0010629684531732685	0.9823420347861914	0.00212363896820565
same_lineage	AF>=0.9, ANI>=99.0	False	220	mge-cluster	0.00037096265738466186	0.910886135554313	0.0007416232852028183
same_lineage	AF>=0.9, ANI>=99.5	False	197	pLIN v4.1 L1	0.023246684850594616	1.0	0.04543710758073727
same_lineage	AF>=0.9, ANI>=99.5	False	197	pLIN v4 L1	0.018871525861222867	0.9044169433544622	0.03697160379429532
same_lineage	AF>=0.9, ANI>=99.5	False	197	pLIN v4.1 L2	0.038654037805559836	1.0	0.07443101629340805
same_lineage	AF>=0.9, ANI>=99.5	False	197	pLIN v4 L2	0.03580978629902113	0.8993862561625918	0.06887717263790942
same_lineage	AF>=0.9, ANI>=99.5	False	197	pLIN v4.1 L3	0.1432350994928381	1.0	0.2505785547633729
same_lineage	AF>=0.9, ANI>=99.5	False	197	pLIN v4 L3	0.04247330014980911	0.8842941945869806	0.08105353923336207
same_lineage	AF>=0.9, ANI>=99.5	False	197	pLIN v4.1 L4	0.356500633683254	1.0	0.5256180864659997
same_lineage	AF>=0.9, ANI>=99.5	False	197	pLIN v4 L4	0.1841632599316527	0.7505114531978402	0.29575345068270237
same_lineage	AF>=0.9, ANI>=99.5	False	197	pLIN v4.1 L5	0.4909683687079087	1.0	0.6585899191588992
same_lineage	AF>=0.9, ANI>=99.5	False	197	pLIN v4 L5	0.22637102440620757	0.5915752758493477	0.3274432592104438
same_lineage	AF>=0.9, ANI>=99.5	False	197	pLIN v4.1 L6	0.9093963532032164	0.8078948250997753	0.8556459347138848
same_lineage	AF>=0.9, ANI>=99.5	False	197	pLIN v4 L6	0.6295099402765278	0.5161149679712915	0.5672004865193594
same_lineage	AF>=0.9, ANI>=99.5	False	197	MOB-suite primary	0.09724026329984344	0.9295703793138143	0.1760629753702717
same_lineage	AF>=0.9, ANI>=99.5	False	197	MOB-suite secondary	0.25445540236902325	0.9295703793138143	0.39954232172620396
same_lineage	AF>=0.9, ANI>=99.5	False	197	pling subcommunity	0.14245622524770574	0.8984471945534427	0.24591982980500787
same_lineage	AF>=0.9, ANI>=99.5	False	197	pling community	0.0009304277928147453	0.9798772512325183	0.0018590903142186828
same_lineage	AF>=0.9, ANI>=99.5	False	197	mge-cluster	0.0003210790807624215	0.8984471945534427	0.0006419287547263889
related_backbone	backbone AF>=0.3	False	1902	pLIN v4.1 L1	0.9563439545716257	0.37888460154738113	0.5427445309038493
related_backbone	backbone AF>=0.3	False	1902	pLIN v4 L1	0.6806072800618204	0.3004084398705823	0.41683362868440144
related_backbone	backbone AF>=0.3	False	1902	pLIN v4.1 L2	1.0	0.23826431317538074	0.3848359524540934
related_backbone	backbone AF>=0.3	False	1902	pLIN v4 L2	0.8720945526847993	0.2017260374104759	0.3276602813972064
related_backbone	backbone AF>=0.3	False	1902	pLIN v4.1 L3	1.0	0.06429902867248972	0.12082887786281363
related_backbone	backbone AF>=0.3	False	1902	pLIN v4 L3	0.9268045554857519	0.17771447108646796	0.29824127500968856
related_backbone	backbone AF>=0.3	False	1902	pLIN v4.1 L4	1.0	0.025834113319921245	0.05036703885058754
related_backbone	backbone AF>=0.3	False	1902	pLIN v4 L4	1.0	0.03753256078818169	0.07234965379721549
related_backbone	backbone AF>=0.3	False	1902	pLIN v4.1 L5	1.0	0.018758597001747254	0.036826382730815045
related_backbone	backbone AF>=0.3	False	1902	pLIN v4 L5	1.0	0.024068168601272786	0.047005012633380416
related_backbone	backbone AF>=0.3	False	1902	pLIN v4.1 L6	1.0	0.008181924815650707	0.016231048413502945
related_backbone	backbone AF>=0.3	False	1902	pLIN v4 L6	1.0	0.007550882783170266	0.01498858849155562
related_backbone	backbone AF>=0.3	False	1902	MOB-suite primary	0.9914651206644768	0.08729059570537749	0.16045445635299654
related_backbone	backbone AF>=0.3	False	1902	MOB-suite secondary	0.9776661839263542	0.03289387675329028	0.06364635257463999
related_backbone	backbone AF>=0.3	False	1902	pling subcommunity	0.9438675463937264	0.05482467232262155	0.10362998324650063
related_backbone	backbone AF>=0.3	False	1902	pling community	0.08158403890721212	0.7913125774661622	0.14791780583590058
related_backbone	backbone AF>=0.3	False	1902	mge-cluster	0.018452689478666767	0.4755477003915595	0.03552683045422183
related_backbone	backbone AF>=0.4	False	1723	pLIN v4.1 L1	0.9116747600349125	0.4327306776367933	0.5868908673524795
related_backbone	backbone AF>=0.4	False	1723	pLIN v4 L1	0.5649856812026355	0.29877062530628434	0.3908535868044982
related_backbone	backbone AF>=0.4	False	1723	pLIN v4.1 L2	1.0	0.28545911454639933	0.44413565755007217
related_backbone	backbone AF>=0.4	False	1723	pLIN v4 L2	0.7972040671755645	0.22092903953754797	0.3459774124134294
related_backbone	backbone AF>=0.4	False	1723	pLIN v4.1 L3	1.0	0.0770352200311759	0.143050512366617
related_backbone	backbone AF>=0.4	False	1723	pLIN v4 L3	0.8584714637800221	0.19721748311197593	0.320748989384788
related_backbone	backbone AF>=0.4	False	1723	pLIN v4.1 L4	1.0	0.030951270104674897	0.06004409908051686
related_backbone	backbone AF>=0.4	False	1723	pLIN v4 L4	1.0	0.04496691689353798	0.08606380961268124
related_backbone	backbone AF>=0.4	False	1723	pLIN v4.1 L5	1.0	0.0224742531472179	0.043960526297931166
related_backbone	backbone AF>=0.4	False	1723	pLIN v4 L5	1.0	0.028835531457099002	0.056054695965370445
related_backbone	backbone AF>=0.4	False	1723	pLIN v4.1 L6	1.0	0.009802580092813474	0.019414844616286273
related_backbone	backbone AF>=0.4	False	1723	pLIN v4 L6	1.0	0.009046542827170455	0.017930873241631923
related_backbone	backbone AF>=0.4	False	1723	MOB-suite primary	0.9794815571703599	0.10331685908518196	0.1869174474204662
related_backbone	backbone AF>=0.4	False	1723	MOB-suite secondary	0.9776661839263542	0.039409413885162815	0.07576477376271021
related_backbone	backbone AF>=0.4	False	1723	pling subcommunity	0.8825077804794716	0.061414150497488613	0.11483675475041763
related_backbone	backbone AF>=0.4	False	1723	pling community	0.0657286474552026	0.7638049656993885	0.12104118873271572
related_backbone	backbone AF>=0.4	False	1723	mge-cluster	0.014066515398695746	0.43431602450219453	0.027250450242379334
related_backbone	backbone AF>=0.5	True	1540	pLIN v4.1 L1	0.46034100127510996	0.3232505706985263	0.3798037056557746
related_backbone	backbone AF>=0.5	True	1540	pLIN v4 L1	0.46526163011928273	0.3639817272453167	0.40843675200482865
related_backbone	backbone AF>=0.5	True	1540	pLIN v4.1 L2	0.3525662569578922	0.1488903491009317	0.20936492787378505
related_backbone	backbone AF>=0.5	True	1540	pLIN v4 L2	0.6794698971188058	0.2785706826497383	0.395140659127533
related_backbone	backbone AF>=0.5	True	1540	pLIN v4.1 L3	0.9952778581748177	0.11342676835107647	0.20364513390350497
related_backbone	backbone AF>=0.5	True	1540	pLIN v4 L3	0.7361197023147924	0.250178439523612	0.37343937013697354
related_backbone	backbone AF>=0.5	True	1540	pLIN v4.1 L4	1.0	0.04578891620589465	0.08756818033990281
related_backbone	backbone AF>=0.5	True	1540	pLIN v4 L4	0.9775104053723199	0.06502739996197852	0.12194274350896843
related_backbone	backbone AF>=0.5	True	1540	pLIN v4.1 L5	1.0	0.03324812489658035	0.06435651630126735
related_backbone	backbone AF>=0.5	True	1540	pLIN v4 L5	0.9687791762784623	0.04132707270081273	0.07927246760338562
related_backbone	backbone AF>=0.5	True	1540	pLIN v4.1 L6	1.0	0.014501812589707348	0.028589032389579935
related_backbone	backbone AF>=0.5	True	1540	pLIN v4 L6	1.0	0.013383340653402765	0.0264131846587759
related_backbone	backbone AF>=0.5	True	1540	MOB-suite primary	0.9545022782189985	0.14894769610794487	0.25768438729127263
related_backbone	backbone AF>=0.5	True	1540	MOB-suite secondary	0.9776661839263542	0.05830178677671087	0.11004140476542291
related_backbone	backbone AF>=0.5	True	1540	pling subcommunity	0.8591164885011094	0.08844715117451186	0.1603826967463331
related_backbone	backbone AF>=0.5	True	1540	pling community	0.054098451310788755	0.930024744070162	0.10224918703482541
related_backbone	backbone AF>=0.5	True	1540	mge-cluster	0.010850226251144705	0.49560994290345844	0.02123554956669413
related_backbone	backbone AF>=0.6	False	1326	pLIN v4.1 L1	0.36716090983050903	0.3187134131887889	0.3412260900698282
related_backbone	backbone AF>=0.6	False	1326	pLIN v4 L1	0.3500079514856157	0.338488965860177	0.34415209874266567
related_backbone	backbone AF>=0.6	False	1326	pLIN v4.1 L2	0.3434219460221518	0.1792825867631605	0.235580795544308
related_backbone	backbone AF>=0.6	False	1326	pLIN v4 L2	0.533827141700167	0.2705515961700919	0.3591039356616939
related_backbone	backbone AF>=0.6	False	1326	pLIN v4.1 L3	0.9745206101314681	0.1372924029710872	0.24067765844265737
related_backbone	backbone AF>=0.6	False	1326	pLIN v4 L3	0.5888500942347654	0.24739473226055167	0.34841091218547876
related_backbone	backbone AF>=0.6	False	1326	pLIN v4.1 L4	1.0	0.05660367462328031	0.10714267985763287
related_backbone	backbone AF>=0.6	False	1326	pLIN v4 L4	0.9657173071739976	0.07941623188435222	0.14676331154842137
related_backbone	backbone AF>=0.6	False	1326	pLIN v4.1 L5	1.0	0.041100908242024385	0.07895662738672718
related_backbone	backbone AF>=0.6	False	1326	pLIN v4 L5	0.9561637946246665	0.05042273581156291	0.09579383977659031
related_backbone	backbone AF>=0.6	False	1326	pLIN v4.1 L6	1.0	0.017926955894402928	0.03522247994435197
related_backbone	backbone AF>=0.6	False	1326	pLIN v4 L6	1.0	0.016544315141929628	0.03255011098974021
related_backbone	backbone AF>=0.6	False	1326	MOB-suite primary	0.9022457669857782	0.17404675701205446	0.291803475858845
related_backbone	backbone AF>=0.6	False	1326	MOB-suite secondary	0.9505929443410365	0.07007613152953872	0.13052982161113472
related_backbone	backbone AF>=0.6	False	1326	pling subcommunity	0.7461602785418298	0.09496163476458307	0.1684811648009375
related_backbone	backbone AF>=0.6	False	1326	pling community	0.04378032649808961	0.9304069129330543	0.08362564561628673
related_backbone	backbone AF>=0.6	False	1326	mge-cluster	0.007674609837199518	0.4333529765775039	0.015082117851440252
related_backbone	backbone AF>=0.7	False	1095	pLIN v4.1 L1	0.2739658102132758	0.2823677076858854	0.27810331509902236
related_backbone	backbone AF>=0.7	False	1095	pLIN v4 L1	0.25627209511411386	0.29426775826968843	0.27395878599086143
related_backbone	backbone AF>=0.7	False	1095	pLIN v4.1 L2	0.2875598155905397	0.17824321929946857	0.22007408038516743
related_backbone	backbone AF>=0.7	False	1095	pLIN v4 L2	0.3860869025275965	0.23233213027719846	0.2900958339834138
related_backbone	backbone AF>=0.7	False	1095	pLIN v4.1 L3	0.8791758589506325	0.14706386938370128	0.25197816867970013
related_backbone	backbone AF>=0.7	False	1095	pLIN v4 L3	0.43869021730375807	0.21883581718957354	0.2920070907023929
related_backbone	backbone AF>=0.7	False	1095	pLIN v4.1 L4	0.9878404552954397	0.06639053829764409	0.12441914528756143
related_backbone	backbone AF>=0.7	False	1095	pLIN v4 L4	0.9192115165817298	0.08975310363170814	0.16353811591484146
related_backbone	backbone AF>=0.7	False	1095	pLIN v4.1 L5	0.9975300917159277	0.048680180591006844	0.09283018202950429
related_backbone	backbone AF>=0.7	False	1095	pLIN v4 L5	0.9358354481957629	0.058596052374124075	0.11028665705906408
related_backbone	backbone AF>=0.7	False	1095	pLIN v4.1 L6	0.9943372720752011	0.021164841725731326	0.04144745874865309
related_backbone	backbone AF>=0.7	False	1095	pLIN v4 L6	0.993864026834656	0.019523178350293036	0.038294118087453415
related_backbone	backbone AF>=0.7	False	1095	MOB-suite primary	0.7867306351385132	0.18019465322372305	0.29322773059205565
related_backbone	backbone AF>=0.7	False	1095	MOB-suite secondary	0.9076007500453286	0.07944107911041612	0.14609468586897592
related_backbone	backbone AF>=0.7	False	1095	pling subcommunity	0.6519529967309358	0.09851607452010677	0.17116721386661027
related_backbone	backbone AF>=0.7	False	1095	pling community	0.0367650818222825	0.9276928843977295	0.07072719806443357
related_backbone	backbone AF>=0.7	False	1095	mge-cluster	0.005182738211397394	0.3474717540285238	0.010213141625088
