level	lineage	gene	group	plasmids_with_gene	sectors	countries	lineage_size
L6	291.313.324.743.764.1213	blaOXA-48	carbapenemase	412	animal,environment,human,plant	51	421
L6	159.167.171.172.173.1356	blaNDM-5	carbapenemase	168	animal,environment,food,human,plant	61	224
L6	540.621.673.740.761.811	blaOXA-232	carbapenemase	97	animal,environment,human	34	110
L6	372.420.445.548.562.600	mcr-1.1	mcr	92	animal,environment,food,human	48	105
L6	50.248.254.1202.1248.1330	blaCTX-M-15	CTX-M	86	food,human	24	95
L6	159.167.171.1605.1674.6732	blaOXA-181	carbapenemase	80	animal,human	43	86
L6	271.292.302.1562.1629.1782	blaCTX-M-65	CTX-M	57	animal,environment,food,human	20	64
L6	159.167.171.172.173.1706	blaNDM-1	carbapenemase	56	animal,environment,human	27	58
L6	50.689.748.3013.3204.3709	blaKPC-2	carbapenemase	56	animal,environment,human,plant	24	61
L6	328.356.371.526.537.571	mcr-1.1	mcr	55	animal,food,human	27	61
L6	50.689.748.3013.3204.3709	blaCTX-M-65	CTX-M	54	animal,environment,human,plant	26	61
L6	328.356.371.526.546.582	mcr-1.1	mcr	44	animal,environment,food,human	32	45
L6	50.281.290.302.303.1064	blaKPC-2	carbapenemase	42	environment,human	11	71
L6	206.218.223.227.228.12531	blaKPC-2	carbapenemase	38	environment,food,human	5	38
L6	169.371.388.421.542.3347	blaCTX-M-55	CTX-M	37	animal,food,human	18	38
L6	159.167.171.172.173.1356	blaNDM-7	carbapenemase	28	animal,environment,food,human	18	224
L6	169.371.388.421.426.4932	blaCTX-M-14	CTX-M	22	animal,human	10	25
L6	271.292.302.1718.2770.10815	blaCTX-M-1	CTX-M	22	animal,human	7	22
L6	271.292.302.1718.2770.3164	blaCTX-M-1	CTX-M	22	animal,environment,human	10	23
L6	50.248.254.1202.2072.2314	blaCTX-M-15	CTX-M	22	animal,environment,human	7	22
L6	271.292.302.1952.2045.2251	blaCTX-M-55	CTX-M	21	animal,environment,human	14	23
L6	160.225.230.236.237.10139	blaNDM-1	carbapenemase	20	environment,human	16	20
L6	372.420.445.548.562.18916	mcr-1.1	mcr	20	animal,human	13	20
L6	169.371.388.421.426.4932	mcr-1.1	mcr	19	animal,human	8	25
L6	156.359.375.403.407.4323	blaCTX-M-27	CTX-M	18	animal,environment,human	10	19
L6	156.164.168.1351.1411.1514	blaCTX-M-65	CTX-M	17	environment,human	15	17
L6	156.164.168.1351.1411.1514	blaKPC-2	carbapenemase	16	environment,human	14	17
L6	276.620.672.739.760.10576	blaNDM-1	carbapenemase	16	environment,human	10	16
L6	159.167.171.172.173.1356	blaNDM-1	carbapenemase	15	animal,human	13	224
L6	178.188.193.196.3771.4514	tet(X4)	tet(X)	15	animal,environment,food,human	10	15
L6	271.377.396.431.3582.4217	blaCTX-M-14	CTX-M	15	environment,human	3	15
L6	398.1839.2026.2347.2471.2776	blaCTX-M-32	CTX-M	15	animal,environment	3	15
L6	50.248.254.1202.2072.3530	blaCTX-M-15	CTX-M	15	animal,human	6	18
L6	271.292.302.1562.1629.5256	blaCTX-M-1	CTX-M	14	animal,human	2	26
L6	169.371.388.1137.1395.5525	mcr-9.1	mcr	13	animal,food,human	10	14
L6	271.292.302.2261.3330.6753	blaCTX-M-15	CTX-M	13	animal,environment,human	6	13
L6	291.313.324.11798.14829.18746	blaCTX-M-14	CTX-M	13	environment,human	5	13
L6	291.313.324.11798.14829.18746	blaOXA-48	carbapenemase	13	environment,human	5	13
L6	50.248.254.1202.2072.2312	blaCTX-M-15	CTX-M	13	animal,human	7	13
L6	230.250.864.961.1216.1292	blaKPC-2	carbapenemase	12	environment,human	5	15
L6	28.1258.1356.5128.5541.6741	blaNDM-5	carbapenemase	12	food,human	12	12
L6	282.304.314.10407.11327.21692	blaNDM-5	carbapenemase	12	animal,human	7	12
L6	28.1258.1356.5128.5541.6741	blaCTX-M-15	CTX-M	11	food,human	11	12
L6	156.376.395.430.435.2703	blaCTX-M-15	CTX-M	10	environment,human	6	10
L6	169.178.183.208.209.13150	mcr-9.2	mcr	10	food,human	8	13
L6	169.371.388.1163.1207.10818	blaCTX-M-15	CTX-M	10	animal,human	6	10
L6	28.1886.2088.2427.2554.2872	blaCTX-M-1	CTX-M	10	animal,environment	1	10
L6	50.689.748.1714.1787.21374	blaCTX-M-3	CTX-M	10	environment,human	7	10
L6	1128.1380.1486.1658.1729.13385	mcr-1.1	mcr	9	animal,environment,human	6	9
L6	156.164.168.169.5046.6170	blaCTX-M-65	CTX-M	9	animal,human	6	9
L6	328.356.371.526.537.18907	mcr-1.1	mcr	9	animal,human	5	9
L6	50.503.543.1818.1898.3607	blaCTX-M-15	CTX-M	9	environment,human	8	10
L6	1128.1380.1486.1658.1729.1889	mcr-3.5	mcr	8	animal,environment,human	7	9
L6	154.162.166.932.963.10842	blaCTX-M-3	CTX-M	8	animal,human	5	8
L6	154.162.166.932.963.10842	blaKPC-2	carbapenemase	8	animal,human	5	8
L6	156.182.187.2045.2153.4280	blaCTX-M-14	CTX-M	8	environment,human	5	9
L6	156.2926.3301.4488.4861.5922	blaNDM-5	carbapenemase	8	animal,human	5	8
L6	160.225.230.898.1058.26095	blaNDM-1	carbapenemase	8	food,human	5	8
L6	169.371.388.421.426.4129	blaCTX-M-14	CTX-M	8	animal,human	7	8
L6	169.371.388.421.426.4129	mcr-1.1	mcr	8	animal,human	7	8
L6	1753.2339.2628.3166.3368.10195	blaNDM-1	carbapenemase	8	environment,human	5	10
L6	1753.2339.2628.3166.3368.3908	blaNDM-1	carbapenemase	8	animal,environment,human	6	10
L6	271.292.302.1952.2045.19452	blaCTX-M-55	CTX-M	8	environment,human	7	8
L6	271.292.302.3555.3821.6752	blaCTX-M-8	CTX-M	8	animal,human	2	8
L6	50.1620.1759.2921.3104.3584	blaCTX-M-15	CTX-M	8	animal,human	4	8
L6	156.2926.3301.4488.4861.5922	blaCTX-M-15	CTX-M	7	animal,human	5	8
L6	169.371.388.421.426.19453	blaCTX-M-14	CTX-M	7	animal,human	3	8
L6	169.371.388.421.426.26718	blaCTX-M-14	CTX-M	7	food,human	4	7
L6	169.371.388.421.426.26718	mcr-1.1	mcr	7	food,human	4	7
L6	50.689.748.1714.1787.20825	blaCTX-M-3	CTX-M	7	animal,human	6	7
L6	156.182.1348.2604.4139.5749	blaCTX-M-15	CTX-M	6	animal,human	5	6
L6	156.2926.3301.4061.4378.6915	blaCTX-M-15	CTX-M	6	animal,food,human	2	6
L6	156.2926.3301.4061.4378.6915	blaNDM-5	carbapenemase	6	animal,food,human	2	6
L6	169.371.388.421.426.19453	mcr-1.1	mcr	6	animal,human	3	8
L6	187.197.202.205.206.209	blaCTX-M-14	CTX-M	6	animal,food,human	6	6
L6	187.197.202.205.206.2302	blaCTX-M-14	CTX-M	6	animal,human	5	9
L6	2179.2954.3329.4092.4410.12616	blaNDM-5	carbapenemase	6	food,human	5	6
L6	6.1194.1291.1437.14195.28763	blaCTX-M-15	CTX-M	6	animal,food	1	6
L6	646.1279.1378.1534.1601.6734	blaNDM-1	carbapenemase	6	animal,human	5	7
L6	1128.1380.1486.1658.1729.12655	mcr-1.1	mcr	5	food,human	3	6
L6	154.162.166.167.3467.4058	blaCTX-M-1	CTX-M	5	animal,food	1	5
L6	154.947.1027.1257.3024.3472	blaKPC-3	carbapenemase	5	environment,human	2	8
L6	156.164.168.169.19244.27618	blaCTX-M-55	CTX-M	5	animal,human	4	5
L6	156.164.168.169.5046.20822	blaCTX-M-55	CTX-M	5	animal,human	5	5
L6	156.164.168.9708.10563.12733	blaCTX-M-55	CTX-M	5	animal,human	3	5
L6	156.182.2010.21308.23323.31124	tet(X4)	tet(X)	5	animal,human	4	5
L6	156.1824.2000.2588.2730.5944	blaCTX-M-55	CTX-M	5	animal,human	3	5
L6	169.371.388.1137.1395.1786	mcr-9.1	mcr	5	animal,environment,human	4	5
L6	169.371.388.421.426.20181	blaCTX-M-14	CTX-M	5	animal,human	3	5
L6	187.2231.2501.3014.3205.34775	blaCTX-M-15	CTX-M	5	animal,human	3	5
L6	264.2927.3302.4062.4379.6905	blaNDM-5	carbapenemase	5	animal,environment,human	4	5
L6	282.2463.2767.3423.3674.4348	blaCTX-M-27	CTX-M	5	animal,environment,human	5	5
L6	328.356.371.3477.8727.10459	blaCTX-M-55	CTX-M	5	animal,human	4	13
L6	328.356.371.526.537.18907	blaCTX-M-55	CTX-M	5	animal,human	3	9
L6	372.420.445.548.562.13940	mcr-1.1	mcr	5	animal,environment,human	3	6
L6	50.3017.3399.4172.4497.34778	mcr-8.1	mcr	5	animal,human	3	6
L6	10105.14087.16700.20159.22040.26683	tet(X4)	tet(X)	4	animal,human	2	4
L6	1040.1264.1362.1513.29642.36535	blaNDM-1	carbapenemase	4	environment,human	4	5
L6	1040.1264.1362.1513.29642.36538	blaNDM-1	carbapenemase	4	environment,human	2	4
L6	1181.1449.1562.3294.10618.12802	blaCTX-M-15	CTX-M	4	food,human	2	4
L6	1308.1631.1772.11197.12193.14743	blaCTX-M-27	CTX-M	4	animal,human	4	4
L6	156.164.168.3304.12214.24339	blaCTX-M-55	CTX-M	4	animal,human	3	4
L6	156.164.168.3304.12214.80371	blaCTX-M-55	CTX-M	4	animal,food,human	2	4
L6	160.225.230.898.1058.18908	blaNDM-1	carbapenemase	4	animal,human	3	5
L6	169.371.388.1137.1395.4540	mcr-9.1	mcr	4	animal,environment,human	4	4
L6	169.371.388.1137.3465.4054	mcr-9.1	mcr	4	animal,food,human	4	4
L6	169.371.388.421.2797.22506	mcr-1.1	mcr	4	animal,food,human	2	6
L6	169.371.388.421.426.20181	mcr-1.1	mcr	4	animal,human	3	5
L6	169.371.388.421.426.20979	blaCTX-M-65	CTX-M	4	animal,environment	3	4
L6	169.371.388.421.426.20979	mcr-1.1	mcr	4	animal,environment	3	4
L6	271.292.302.1562.1629.2434	blaCTX-M-65	CTX-M	4	animal,food,human	3	8
L6	271.292.302.1952.2045.2367	blaCTX-M-15	CTX-M	4	animal,human	4	5
L6	276.620.672.739.760.24972	blaNDM-1	carbapenemase	4	environment,human	4	4
L6	28.1256.1354.1504.3180.29369	blaCTX-M-3	CTX-M	4	animal,human	3	4
L6	28.1256.1354.1504.3180.3682	blaCTX-M-3	CTX-M	4	environment,human	2	4
L6	281.303.313.1825.6144.7519	mcr-1.1	mcr	4	animal,food,human	3	4
L6	291.313.324.11798.14829.25960	blaCTX-M-14	CTX-M	4	animal,human	2	4
L6	328.356.371.526.546.42639	mcr-1.1	mcr	4	animal,food	3	4
L6	51.53.295.2294.2417.2714	blaCTX-M-15	CTX-M	4	environment,human	4	4
L6	1181.1449.1562.1745.1818.19566	blaCTX-M-15	CTX-M	3	animal,human	2	3
L6	1274.1578.1708.1924.2015.32507	tet(X4)	tet(X)	3	animal,human	3	3
L6	1376.7545.8841.10623.11569.26685	tet(X4)	tet(X)	3	animal,environment	1	3
L6	154.162.166.167.5464.30221	blaCTX-M-14	CTX-M	3	environment,food	2	3
L6	156.1253.1351.1501.1566.1703	blaNDM-5	carbapenemase	3	animal,food,human	3	3
L6	156.1253.1351.1501.1566.28265	blaCTX-M-55	CTX-M	3	animal,human	3	3
L6	156.164.168.169.5046.26847	blaCTX-M-55	CTX-M	3	animal,human	2	3
L6	156.164.168.401.405.10099	blaCTX-M-15	CTX-M	3	animal,human	3	6
L6	156.164.168.401.405.10099	blaCTX-M-3	CTX-M	3	animal,human	2	6
L6	156.182.187.895.923.4213	blaCTX-M-27	CTX-M	3	environment,human	3	3
L6	156.2926.3301.4488.4861.26772	blaNDM-5	carbapenemase	3	environment,human	2	3
L6	156.359.375.403.407.15716	blaCTX-M-27	CTX-M	3	animal,human	2	3
L6	156.359.375.403.407.42317	blaCTX-M-27	CTX-M	3	environment,human	2	3
L6	156.359.375.403.407.4371	blaCTX-M-27	CTX-M	3	environment,human	3	3
L6	160.225.230.236.3068.5120	blaKPC-2	carbapenemase	3	environment,human	1	3
L6	169.371.388.1137.1395.2117	mcr-9.1	mcr	3	animal,food	2	3
L6	169.371.388.421.426.22563	blaNDM-5	carbapenemase	3	animal,human	3	7
L6	169.371.388.421.426.31362	blaCTX-M-55	CTX-M	3	animal,human	2	3
L6	187.1982.2210.2623.2767.3159	blaCTX-M-15	CTX-M	3	environment,human	3	3
L6	230.250.864.2848.3015.5132	blaKPC-3	carbapenemase	3	animal,human	1	3
L6	271.292.302.2503.2639.4460	blaCTX-M-14	CTX-M	3	animal,human	2	3
L6	271.377.396.431.3582.4419	blaCTX-M-14	CTX-M	3	environment,human	2	3
L6	281.303.313.16582.18123.21957	blaCTX-M-27	CTX-M	3	animal,food	2	3
L6	2895.3992.4583.5678.6193.39416	tet(X4)	tet(X)	3	animal,human	3	3
L6	291.313.324.1025.3842.4604	blaCTX-M-3	CTX-M	3	animal,human	3	4
L6	328.356.371.3477.8727.10459	blaCTX-M-15	CTX-M	3	animal,human	2	13
L6	328.356.371.3477.8727.10459	blaCTX-M-64	CTX-M	3	animal,human	2	13
L6	328.356.371.526.546.20178	mcr-1.1	mcr	3	animal,human	1	3
L6	401.2505.2816.3439.3692.6148	blaCTX-M-14	CTX-M	3	animal,human	3	3
L6	401.452.486.535.549.13102	mcr-3.1	mcr	3	animal,human	2	6
L6	52.54.18000.21897.23980.29335	blaKPC-2	carbapenemase	3	environment,human	2	3
L6	156.1021.4243.5204.5633.6886	mcr-5.1	mcr	2	animal,human	2	2
L6	156.164.168.1351.1411.25217	blaCTX-M-65	CTX-M	2	environment,human	2	2
L6	156.164.168.1351.1411.25217	blaKPC-2	carbapenemase	2	environment,human	2	2
L6	156.164.168.169.170.22442	blaCTX-M-55	CTX-M	2	animal,environment	2	2
L6	156.164.168.401.405.4979	blaCTX-M-27	CTX-M	2	animal,human	2	2
L6	156.1759.1922.5215.5646.6907	blaNDM-5	carbapenemase	2	human,plant	2	2
L6	156.182.187.2045.2153.16849	blaCTX-M-14	CTX-M	2	animal,human	2	2
L6	156.182.2010.21308.23323.31493	tet(X4)	tet(X)	2	animal,human	2	2
L6	156.182.389.15980.17456.21117	blaKPC-2	carbapenemase	2	human,plant	1	2
L6	156.2926.3301.4488.4861.22491	blaNDM-5	carbapenemase	2	food,human	2	2
L6	156.359.375.403.407.427	blaCTX-M-27	CTX-M	2	animal,human	2	11
L6	156.376.395.1721.1794.1966	blaCTX-M-55	CTX-M	2	animal,food	2	2
L6	158.166.170.240.17845.21595	blaKPC-3	carbapenemase	2	environment,human	1	3
L6	169.178.183.208.209.13150	blaVIM-1	carbapenemase	2	food,human	2	13
L6	169.371.388.421.426.20789	mcr-1.1	mcr	2	animal,human	2	2
L6	169.371.388.421.426.25127	blaCTX-M-65	CTX-M	2	animal,human	2	2
L6	169.371.388.421.426.39493	mcr-1.1	mcr	2	animal,environment	2	2
L6	169.371.388.421.426.6165	blaCTX-M-14	CTX-M	2	animal,human	2	2
L6	169.371.388.421.426.6165	mcr-1.1	mcr	2	animal,human	2	2
L6	169.371.388.421.426.6167	blaCTX-M-14	CTX-M	2	animal,human	2	2
L6	169.371.388.421.426.6167	mcr-1.1	mcr	2	animal,human	2	2
L6	169.371.388.421.542.26426	blaCTX-M-55	CTX-M	2	animal,environment	2	2
L6	169.371.388.421.542.31490	mcr-1.1	mcr	2	animal,human	2	2
L6	187.197.202.205.206.13251	blaCTX-M-14	CTX-M	2	environment,human	2	2
L6	271.292.302.2261.2384.25683	blaCTX-M-15	CTX-M	2	environment,human	2	2
L6	271.292.302.2261.3330.24841	blaCTX-M-15	CTX-M	2	animal,environment	2	2
L6	271.292.302.3833.5030.27095	blaCTX-M-123	CTX-M	2	animal,human	2	2
L6	271.377.2861.3509.3768.30521	blaNDM-5	carbapenemase	2	animal,human	1	3
L6	271.377.396.431.436.4397	blaCTX-M-14	CTX-M	2	environment,human	2	2
L6	28.1256.1354.1504.3180.13053	blaCTX-M-3	CTX-M	2	environment,human	2	2
L6	28.1256.1354.1504.3180.35736	blaCTX-M-3	CTX-M	2	animal,human	2	2
L6	28.5801.6683.8053.8678.10402	blaVIM-1	carbapenemase	2	human,plant	1	2
L6	328.356.371.526.537.31053	mcr-1.1	mcr	2	animal,human	2	2
L6	328.356.371.526.546.13856	mcr-1.1	mcr	2	food,human	2	2
L6	328.356.371.526.546.18097	mcr-1.1	mcr	2	animal,human	2	2
L6	328.356.371.526.546.27622	mcr-1.1	mcr	2	animal,human	2	2
L6	333.450.484.18344.20051.32882	tet(X4)	tet(X)	2	environment,human	2	2
L6	333.450.484.9769.10629.37623	blaCTX-M-55	CTX-M	2	animal,human	2	2
L6	372.420.445.548.562.600	mcr-1	mcr	2	environment,human	2	105
L6	50.248.254.1202.2072.30218	blaCTX-M-15	CTX-M	2	food,human	2	2
L6	50.248.254.2021.2125.2370	blaCTX-M-3	CTX-M	2	environment,human	2	3
L6	50.248.254.262.2076.2295	blaCTX-M-15	CTX-M	2	animal,human	2	2
L6	50.3017.3399.21346.23370.28398	mcr-8.2	mcr	2	environment,human	2	2
L6	51.53.295.308.9001.10793	blaCTX-M-15	CTX-M	2	environment,human	2	2
L6	52.54.4568.15063.16435.19754	blaKPC-2	carbapenemase	2	environment,human	1	2
L6	882.1050.1137.1265.1318.3508	blaKPC-2	carbapenemase	2	environment,human	2	2
L3	291.313.324	blaOXA-48	carbapenemase	525	animal,environment,human,plant	61	697
L3	50.248.254	blaCTX-M-15	CTX-M	223	animal,environment,food,human,plant	54	323
L3	159.167.171	blaNDM-5	carbapenemase	199	animal,environment,food,human,plant	71	612
L3	328.356.371	mcr-1.1	mcr	196	animal,environment,food,human	92	333
L3	169.371.388	mcr-1.1	mcr	140	animal,environment,food,human,plant	58	580
L3	156.164.168	blaCTX-M-65	CTX-M	138	animal,environment,human	50	375
L3	156.164.168	blaKPC-2	carbapenemase	132	animal,environment,human	42	375
L3	372.420.445	mcr-1.1	mcr	127	animal,environment,food,human	62	268
L3	160.225.230	blaNDM-1	carbapenemase	108	animal,environment,food,human	61	424
L3	156.164.168	blaCTX-M-55	CTX-M	105	animal,environment,food,human	56	375
L3	169.371.388	mcr-9.1	mcr	102	animal,environment,food,human	71	580
L3	540.621.673	blaOXA-232	carbapenemase	101	animal,environment,human	34	116
L3	50.689.748	blaKPC-2	carbapenemase	97	animal,environment,human,plant	40	201
L3	159.167.171	blaOXA-181	carbapenemase	95	animal,human	47	612
L3	159.167.171	blaNDM-1	carbapenemase	91	animal,environment,human	53	612
L3	169.371.388	blaCTX-M-14	CTX-M	84	animal,environment,food,human,plant	35	580
L3	50.689.748	blaCTX-M-65	CTX-M	78	animal,environment,human,plant	37	201
L3	271.292.302	blaCTX-M-1	CTX-M	76	animal,environment,human	20	909
L3	50.281.290	blaKPC-2	carbapenemase	74	environment,human	19	179
L3	271.292.302	blaCTX-M-65	CTX-M	73	animal,environment,food,human	28	909
L3	169.371.388	blaCTX-M-55	CTX-M	63	animal,environment,food,human	32	580
L3	206.218.223	blaKPC-2	carbapenemase	60	animal,environment,food,human	21	61
L3	645.1252.1350	blaCTX-M-15	CTX-M	48	environment,human	20	77
L3	169.178.183	mcr-9.2	mcr	47	food,human	27	148
L3	271.377.396	blaCTX-M-14	CTX-M	47	environment,human	21	149
L3	291.313.324	blaCTX-M-14	CTX-M	47	animal,environment,human	17	697
L3	276.620.672	blaNDM-1	carbapenemase	44	environment,human	25	44
L3	50.503.543	blaCTX-M-15	CTX-M	43	environment,human	25	427
L3	156.359.375	blaCTX-M-27	CTX-M	42	animal,environment,human	20	98
L3	169.371.388	blaCTX-M-65	CTX-M	41	animal,environment,food,human	26	580
L3	271.292.302	blaCTX-M-14	CTX-M	41	animal,human	19	909
L3	852.999.1083	blaKPC-2	carbapenemase	38	animal,human	16	46
L3	154.947.1027	blaKPC-2	carbapenemase	35	animal,human	18	82
L3	156.2926.3301	blaNDM-5	carbapenemase	35	animal,environment,food,human	17	45
L3	271.292.302	blaCTX-M-15	CTX-M	35	animal,environment,human	20	909
L3	271.292.302	blaCTX-M-55	CTX-M	35	animal,environment,human	22	909
L3	159.167.171	blaNDM-7	carbapenemase	33	animal,environment,food,human,plant	19	612
L3	187.197.202	blaCTX-M-14	CTX-M	33	animal,environment,food,human	22	77
L3	282.304.314	blaCTX-M-15	CTX-M	33	animal,environment,human	24	94
L3	156.1824.2000	blaCTX-M-55	CTX-M	32	animal,environment,human	17	52
L3	282.360.376	blaCTX-M-27	CTX-M	32	environment,human	12	97
L3	156.376.395	blaCTX-M-15	CTX-M	30	environment,human	15	101
L3	160.225.230	blaCTX-M-15	CTX-M	30	animal,human	17	424
L3	156.182.1348	blaCTX-M-15	CTX-M	29	animal,environment,human	21	183
L3	156.182.187	blaCTX-M-14	CTX-M	29	animal,environment,human	15	230
L3	156.2926.3301	blaCTX-M-15	CTX-M	28	animal,environment,food,human	14	45
L3	169.371.388	blaCTX-M-15	CTX-M	28	animal,environment,human	16	580
L3	178.188.193	tet(X4)	tet(X)	28	animal,environment,food,human	14	75
L3	50.689.748	blaCTX-M-3	CTX-M	28	animal,environment,food,human	20	201
L3	169.178.183	blaVIM-1	carbapenemase	26	food,human	6	148
L3	1181.1449.1562	blaCTX-M-15	CTX-M	25	animal,food,human	14	38
L3	154.162.166	blaKPC-2	carbapenemase	24	animal,human	15	218
L3	169.178.183	mcr-9.1	mcr	24	animal,environment,food,human,plant	11	148
L3	50.1620.1759	blaCTX-M-15	CTX-M	23	animal,human	12	28
L3	645.1252.1350	blaNDM-1	carbapenemase	23	environment,human	17	77
L3	28.1258.1356	blaCTX-M-15	CTX-M	20	animal,food,human	18	38
L3	328.356.371	blaCTX-M-55	CTX-M	20	animal,food,human	13	333
L3	50.689.748	blaCTX-M-15	CTX-M	20	human,plant	15	201
L3	1128.1380.1486	mcr-1.1	mcr	19	animal,environment,food,human	9	36
L3	1753.2339.2628	blaNDM-1	carbapenemase	19	animal,environment,human	10	27
L3	28.1258.1356	blaNDM-5	carbapenemase	19	animal,food,human	15	38
L3	160.225.230	blaKPC-2	carbapenemase	17	animal,environment,human	8	424
L3	398.1839.2026	blaCTX-M-32	CTX-M	17	animal,environment	3	23
L3	50.3017.3399	mcr-8.1	mcr	17	animal,human	8	23
L3	169.371.388	blaNDM-5	carbapenemase	16	animal,food,human	10	580
L3	271.292.302	blaCTX-M-8	CTX-M	16	animal,environment,human	5	909
L3	28.1256.1354	blaCTX-M-3	CTX-M	16	animal,environment,human	12	21
L3	156.164.168	blaCTX-M-27	CTX-M	15	animal,human	9	375
L3	156.182.187	blaCTX-M-27	CTX-M	15	animal,environment,human	11	230
L3	282.304.314	blaNDM-5	carbapenemase	15	animal,human	9	94
L3	396.445.479	blaCTX-M-27	CTX-M	15	environment,human	6	23
L3	1001.2035.2267	blaNDM-1	carbapenemase	14	animal,environment,human	7	31
L3	230.250.864	blaKPC-2	carbapenemase	14	environment,human	5	41
L3	291.313.324	blaKPC-2	carbapenemase	14	environment,human	10	697
L3	50.1007.1792	blaCTX-M-15	CTX-M	14	environment,human	11	34
L3	50.52.2502	blaCTX-M-15	CTX-M	14	animal,human	10	20
L3	169.371.388	blaNDM-1	carbapenemase	13	animal,human	12	580
L3	281.303.313	mcr-1.1	mcr	13	animal,environment,food,human	8	331
L3	1001.2035.2267	tet(X3)	tet(X)	12	animal,environment,human	5	31
L3	154.230.235	blaKPC-2	carbapenemase	12	animal,human	7	36
L3	156.1253.1351	blaNDM-5	carbapenemase	12	animal,food,human	8	28
L3	230.250.864	blaKPC-3	carbapenemase	12	animal,human	5	41
L3	28.1886.2088	blaCTX-M-1	CTX-M	12	animal,environment	2	37
L3	51.53.295	blaCTX-M-15	CTX-M	12	environment,human	10	126
L3	1040.1264.1362	blaNDM-1	carbapenemase	11	animal,environment,human	8	23
L3	1308.1631.1772	blaCTX-M-27	CTX-M	11	animal,human	8	21
L3	154.162.166	blaCTX-M-1	CTX-M	11	animal,food,human	6	218
L3	2179.2954.3329	blaNDM-5	carbapenemase	11	food,human	8	19
L3	1066.1303.1404	blaKPC-2	carbapenemase	10	environment,human	7	10
L3	154.162.166	blaCTX-M-3	CTX-M	10	animal,human	7	218
L3	154.947.1027	blaKPC-3	carbapenemase	10	environment,human	6	82
L3	160.168.172	blaNDM-1	carbapenemase	10	environment,human	8	125
L3	178.188.193	mcr-1.1	mcr	10	animal,food,human	8	75
L3	282.2463.2767	blaCTX-M-27	CTX-M	10	animal,environment,human	9	31
L3	52.2872.3233	blaCTX-M-15	CTX-M	10	environment,human	7	13
L3	1226.1516.1635	blaNDM-1	carbapenemase	9	animal,human	6	19
L3	156.182.2010	tet(X4)	tet(X)	9	animal,human	6	30
L3	291.313.324	blaCTX-M-3	CTX-M	9	animal,environment,human	8	697
L3	333.450.484	tet(X4)	tet(X)	9	animal,environment,human	7	19
L3	517.13357.15762	tet(X3)	tet(X)	9	animal,environment	7	9
L3	1128.1380.1486	mcr-3.5	mcr	8	animal,environment,human	7	36
L3	156.164.168	blaNDM-5	carbapenemase	8	animal,food,human	7	375
L3	187.197.202	blaCTX-M-15	CTX-M	8	animal,human	5	77
L3	264.2927.3302	blaNDM-5	carbapenemase	8	animal,environment,human,plant	5	8
L3	291.313.324	blaIMP-4	carbapenemase	8	animal,human	3	697
L3	328.356.371	blaCTX-M-64	CTX-M	8	animal,human	5	333
L3	156.1253.1351	blaCTX-M-55	CTX-M	7	animal,human	6	28
L3	156.164.168	blaCTX-M-15	CTX-M	7	animal,environment,human	7	375
L3	156.1759.1922	blaNDM-5	carbapenemase	7	human,plant	5	48
L3	169.371.388	mcr-9.2	mcr	7	animal,human	3	580
L3	6.1194.1291	blaCTX-M-15	CTX-M	7	animal,food,human	2	95
L3	646.1279.1378	blaNDM-1	carbapenemase	7	animal,human	5	13
L3	154.162.166	blaCTX-M-14	CTX-M	6	environment,food,human	4	218
L3	169.2136.2385	mcr-9.1	mcr	6	animal,human	3	7
L3	169.371.388	blaCTX-M-9	CTX-M	6	animal,human	3	580
L3	264.1720.1874	blaCTX-M-15	CTX-M	6	animal,environment,human	6	18
L3	264.3340.3779	blaCTX-M-14	CTX-M	6	animal,human	4	39
L3	271.292.302	blaCTX-M-123	CTX-M	6	animal,human	5	909
L3	52.54.18000	blaKPC-2	carbapenemase	6	environment,human	4	6
L3	52.54.4568	blaKPC-2	carbapenemase	6	environment,human	4	6
L3	10105.14087.16700	tet(X4)	tet(X)	5	animal,human	3	5
L3	1046.1603.1735	blaCTX-M-55	CTX-M	5	animal,human	5	28
L3	154.162.166	blaCTX-M-32	CTX-M	5	animal,food	5	218
L3	154.162.166	blaCTX-M-65	CTX-M	5	animal,human	5	218
L3	156.1759.1922	blaCTX-M-14	CTX-M	5	animal,environment,human	5	48
L3	169.371.388	blaIMP-4	carbapenemase	5	animal,human	5	580
L3	169.371.388	blaNDM-9	carbapenemase	5	animal,human	5	580
L3	187.2231.2501	blaCTX-M-15	CTX-M	5	animal,human	3	30
L3	264.1984.2212	blaCTX-M-65	CTX-M	5	animal,environment,human	3	11
L3	272.18290.21857	blaCTX-M-3	CTX-M	5	environment,human	3	12
L3	401.452.486	mcr-3.1	mcr	5	animal,human	3	40
L3	517.13357.15762	blaNDM-1	carbapenemase	5	animal,environment	3	9
L3	517.13357.15762	tet(X5)	tet(X)	5	animal,environment	3	9
L3	517.13357.15762	tet(X6)	tet(X)	5	animal,environment	3	9
L3	154.162.166	blaVIM-1	carbapenemase	4	environment,human	4	218
L3	156.164.168	blaCTX-M-3	CTX-M	4	animal,human	2	375
L3	156.182.2829	blaNDM-5	carbapenemase	4	environment,human	3	20
L3	156.522.564	blaCTX-M-55	CTX-M	4	animal,human	3	86
L3	169.371.388	mcr-3.1	mcr	4	animal,food	4	580
L3	169.371.388	mcr-3.2	mcr	4	animal,human	3	580
L3	178.188.193	blaCTX-M-14	CTX-M	4	animal,food,human	3	75
L3	178.188.193	blaCTX-M-55	CTX-M	4	animal,human	4	75
L3	264.3339.3778	blaCTX-M-14	CTX-M	4	animal,human	2	8
L3	28.1886.2088	mcr-1.1	mcr	4	animal,human	4	37
L3	281.303.313	blaCTX-M-27	CTX-M	4	animal,food	3	331
L3	281.303.3784	mcr-1.1	mcr	4	animal,human	3	5
L3	282.360.376	blaNDM-5	carbapenemase	4	animal,human	2	97
L3	282.8403.9877	blaCTX-M-15	CTX-M	4	animal,human	4	12
L3	401.2505.2816	blaCTX-M-14	CTX-M	4	animal,human	4	6
L3	50.3017.3399	mcr-8.2	mcr	4	environment,human	4	23
L3	9570.13289.15686	mcr-8.2	mcr	4	animal,human	3	4
L3	1226.5972.6878	blaNDM-1	carbapenemase	3	environment,human	3	4
L3	1274.1578.1708	tet(X4)	tet(X)	3	animal,human	3	7
L3	1376.7545.8841	tet(X4)	tet(X)	3	animal,environment	1	3
L3	154.162.166	blaCTX-M-15	CTX-M	3	animal,environment,human	3	218
L3	156.1021.4243	mcr-5.1	mcr	3	animal,human	3	3
L3	156.10245.12079	blaCTX-M-55	CTX-M	3	animal,human	3	3
L3	156.522.564	blaCTX-M-14	CTX-M	3	animal,food,human	1	86
L3	156.522.564	blaCTX-M-65	CTX-M	3	animal,human	2	86
L3	159.1901.10750	blaKPC-2	carbapenemase	3	environment,human	1	3
L3	160.225.230	blaCTX-M-55	CTX-M	3	animal,human	2	424
L3	169.2136.2385	blaKPC-4	carbapenemase	3	animal,human	2	7
L3	169.371.388	blaCTX-M-64	CTX-M	3	animal,human	3	580
L3	169.371.388	blaOXA-162	carbapenemase	3	animal,food	1	580
L3	1753.2339.2628	blaNDM	carbapenemase	3	environment,human	3	27
L3	187.1982.2210	blaCTX-M-15	CTX-M	3	environment,human	3	3
L3	187.2231.2501	blaCTX-M-3	CTX-M	3	animal,human	3	30
L3	271.377.2861	blaNDM-5	carbapenemase	3	animal,human	2	13
L3	276.13915.16510	mcr-10.1	mcr	3	animal,environment,human	3	3
L3	281.303.313	blaCTX-M-15	CTX-M	3	animal,environment,human	3	331
L3	2895.3992.4583	tet(X4)	tet(X)	3	animal,human	3	3
L3	328.356.371	blaCTX-M-15	CTX-M	3	animal,human	2	333
L3	333.450.484	blaCTX-M-55	CTX-M	3	animal,environment,human	3	19
L3	401.452.486	blaCTX-M-55	CTX-M	3	animal,human	3	40
L3	413.10343.12192	tet(X4)	tet(X)	3	animal,environment	2	3
L3	50.248.254	blaCTX-M-3	CTX-M	3	environment,human	3	323
L3	50.503.543	blaCTX-M-27	CTX-M	3	animal,human	3	427
L3	52.13708.16265	blaNDM-1	carbapenemase	3	animal,human	2	4
L3	654.1175.1271	blaCTX-M-15	CTX-M	3	animal,human	3	20
L3	784.919.997	blaCTX-M-14	CTX-M	3	animal,human	3	133
L3	852.999.1083	blaCTX-M	CTX-M	3	animal,human	2	46
L3	906.11507.13529	blaKPC-3	carbapenemase	3	environment,human	1	3
L3	1046.1277.1376	blaCTX-M-65	CTX-M	2	animal,human	2	11
L3	1066.21512.25800	blaKPC-2	carbapenemase	2	environment,human	1	2
L3	1216.12627.14907	tet(X5)	tet(X)	2	animal,human	2	4
L3	1359.3112.3524	blaCTX-M-15	CTX-M	2	environment,human	2	2
L3	156.10835.12768	tet(X4)	tet(X)	2	animal,food	1	3
L3	156.164.168	blaCTX-M-14	CTX-M	2	animal,human	2	375
L3	156.164.168	blaNDM-1	carbapenemase	2	animal,human	2	375
L3	156.182.1348	blaCTX-M-55	CTX-M	2	animal,human	2	183
L3	156.182.389	blaKPC-2	carbapenemase	2	human,plant	1	62
L3	156.373.2067	mcr-3.20	mcr	2	animal,human	2	7
L3	156.373.2067	mcr-3.5	mcr	2	animal,food	2	7
L3	156.376.395	blaCTX-M-55	CTX-M	2	animal,food	2	101
L3	156.522.564	blaCTX-M-27	CTX-M	2	environment,human	2	86
L3	156.522.564	blaNDM-5	carbapenemase	2	animal,human	2	86
L3	157.14783.17562	blaCTX-M-3	CTX-M	2	environment,human	2	2
L3	158.166.170	blaKPC-2	carbapenemase	2	environment,human	1	53
L3	158.166.170	blaKPC-3	carbapenemase	2	environment,human	1	53
L3	169.371.388	blaCTX-M-3	CTX-M	2	animal,human	2	580
L3	2039.13123.15490	blaNDM-1	carbapenemase	2	environment,food	2	3
L3	2539.3702.4234	blaGES-5	carbapenemase	2	environment,human	2	2
L3	261.1269.1368	blaKPC-2	carbapenemase	2	food,human	2	2
L3	271.292.302	blaCTX-M-130	CTX-M	2	environment,human	2	909
L3	271.377.2861	blaNDM-9	carbapenemase	2	animal,food	0	13
L3	271.377.396	blaCTX-M-3	CTX-M	2	environment,human	2	149
L3	28.5801.6683	blaVIM-1	carbapenemase	2	human,plant	1	2
L3	28.6903.8078	blaCTX-M-65	CTX-M	2	environment,human	2	15
L3	282.2463.2767	blaNDM-5	carbapenemase	2	animal,plant	1	31
L3	343.380.8875	blaNDM-1	carbapenemase	2	environment,human	1	3
L3	372.420.445	mcr-1	mcr	2	environment,human	2	268
L3	398.7191.8426	tet(X4)	tet(X)	2	animal,human	2	4
L3	50.3017.3399	blaCTX-M-15	CTX-M	2	animal,human	2	23
L3	50.689.748	blaCTX-M-24	CTX-M	2	food,human	1	201
L3	567.648.703	blaVIM-1	carbapenemase	2	animal,human	2	7
L3	882.1050.1137	blaKPC-2	carbapenemase	2	environment,human	2	9
