pLIN	n_plasmids	mean_amr	total_amr	inc_types
4.5.6.7.7.48	183	7.005464480874317	1282	IncF, IncFIB, IncFIBK, IncFII
4.5.6.8.8.2403	75	14.48	1086	IncN
4.5.6.7.21.1149	63	5.698412698412699	359	IncFII
4.5.6.7.11.49	61	2.901639344262295	177	IncFIB, IncFII
4.5.6.7.30.1398	57	5.4035087719298245	308	IncFII
4.5.6.7.7.65	53	7.09433962264151	376	IncFIB, IncFII, IncN
4.5.6.7.7.260	46	7.217391304347826	332	IncFIBK, IncFII
4.5.6.7.7.937	42	4.809523809523809	202	IncFII
4.5.6.7.21.58	42	2.738095238095238	115	IncFIB, IncFII
4.5.6.7.11.1050	38	1.2105263157894737	46	IncFII
3.4.8.11.13.17	38	14.68421052631579	558	IncFII, IncHI2, IncN
3.6.7.9.10.948	36	6.916666666666667	249	IncFIBK, IncFII
3.4.8.11.13.47	33	16.727272727272727	552	IncHI2, IncN
4.5.6.7.7.1103	32	5.8125	186	IncFII
3.6.7.9.10.142	29	4.931034482758621	143	IncF, IncFII
4.5.6.18.27.51	28	1.0	28	ColE, ColRNAI
4.5.6.8.32.1111	27	4.0	108	IncFII
4.5.6.7.11.1707	26	4.0	104	IncFII
4.5.6.8.8.8	23	5.608695652173913	129	IncN
4.5.6.7.7.1200	22	10.227272727272727	225	IncFII
4.5.6.7.9.1673	19	4.894736842105263	93	IncFII
3.6.7.9.28.52	19	2.0	38	IncX3
4.5.6.7.11.1127	19	10.368421052631579	197	IncFII
4.5.6.8.426.3300	18	2.0555555555555554	37	IncN
4.5.6.7.20.1088	18	4.666666666666667	84	IncFII
4.5.6.22.29.53	16	1.0	16	ColE, ColRNAI
3.4.8.11.13.15	16	7.9375	127	IncHI1, IncHI2, IncN
4.5.6.7.7.1902	15	8.066666666666666	121	IncFII
3.6.7.10.70.1492	15	18.866666666666667	283	IncFII, IncN
4.5.6.7.11.1083	15	15.866666666666667	238	IncFII
4.5.6.7.11.12	14	10.428571428571429	146	IncF, IncFII
4.5.6.73.103.1591	14	3.357142857142857	47	IncFII
4.5.6.8.8.1606	14	1.0	14	IncN
4.5.6.7.7.1617	14	4.214285714285714	59	IncFII
4.5.6.7.11.1544	14	5.285714285714286	74	IncFII
4.5.6.7.21.1651	13	5.769230769230769	75	IncFII
4.5.6.7.21.1118	13	8.307692307692308	108	IncFII
3.6.7.9.10.1328	13	12.153846153846153	158	IncFII
3.4.8.70.98.167	13	1.0	13	IncHI1, IncI2
3.6.7.9.10.1562	13	11.692307692307692	152	IncFII
3.6.7.9.10.1331	13	2.6153846153846154	34	IncFII
3.6.7.9.10.11	12	9.416666666666666	113	IncF, IncFII
4.5.6.7.21.1624	12	5.166666666666667	62	IncFII
3.6.7.9.10.645	12	2.0	24	IncFIC
4.5.6.8.426.1072	12	2.0	24	IncN
4.5.6.7.11.2290	12	5.5	66	IncFII
3.6.7.186.533.2785	11	5.0	55	IncX1
4.5.6.7.11.1192	11	19.09090909090909	210	IncFII
4.5.6.8.8.9	11	4.636363636363637	51	IncN
3.6.7.9.200.1013	11	5.090909090909091	56	IncFII
4.5.6.8.451.1090	11	3.909090909090909	43	IncFII
3.4.8.11.13.234	11	7.0	77	IncHI2, IncN
3.6.7.9.10.1795	11	8.909090909090908	98	IncFII
3.6.7.10.12.322	11	2.0	22	IncX3
3.6.7.9.10.1274	11	2.3636363636363638	26	IncFII
4.5.6.7.7.1400	10	6.7	67	IncFII
4.5.6.73.103.1712	10	1.0	10	IncFII
4.5.6.7.7.1658	10	13.7	137	IncFII
4.5.6.7.11.1360	10	5.0	50	IncFII
4.5.6.7.21.1579	10	14.2	142	IncFII
4.5.6.7.9.1349	10	9.7	97	IncFII
3.6.7.66.91.2524	10	1.0	10	IncFII
4.5.6.7.7.55	10	5.6	56	IncFIB, IncFII
4.5.6.7.20.137	10	9.9	99	IncN
4.5.6.7.21.1661	9	4.444444444444445	40	IncFII
4.5.6.7.9.1041	9	5.888888888888889	53	IncFII
4.5.6.7.11.1794	9	5.666666666666667	51	IncFII
4.5.6.7.7.1428	9	11.88888888888889	107	IncFII, IncX1
4.5.6.7.11.1952	9	2.0	18	IncFII
4.5.6.7.9.1034	9	2.3333333333333335	21	IncFII
3.6.7.20.25.1846	9	6.0	54	IncX1
4.5.6.7.21.2903	9	5.0	45	IncFII
4.5.6.7.21.1253	9	3.111111111111111	28	IncFII
4.5.6.7.7.1021	8	8.5	68	IncFII
4.5.6.7.9.1780	8	4.25	34	IncN
4.5.6.7.21.1079	8	11.75	94	IncFII
4.5.6.7.20.1466	8	2.75	22	IncFII
4.5.6.8.8.2754	8	4.625	37	IncN
3.4.8.11.13.35	8	15.25	122	IncHI2, IncN
4.5.6.7.21.1490	8	1.0	8	IncFII
4.5.6.7.9.1990	8	6.125	49	IncFII, IncX1
3.6.7.9.238.1162	8	3.75	30	IncFII
4.5.6.7.11.1992	8	1.0	8	IncFII
3.6.7.9.200.949	8	4.875	39	IncFIBK, IncFII
4.5.6.7.432.1592	8	4.0	32	IncN
4.5.6.7.7.1582	7	10.571428571428571	74	IncFII
4.5.6.7.7.1279	7	9.571428571428571	67	IncFII
4.5.6.7.9.1793	7	9.0	63	IncN, IncX1
4.5.6.7.20.1454	7	10.0	70	IncFII
4.5.6.8.8.1304	7	1.8571428571428572	13	IncN
4.5.6.8.8.1277	7	8.428571428571429	59	IncN
4.5.6.7.7.1438	7	6.0	42	IncFII
4.5.6.7.9.1930	7	3.2857142857142856	23	IncFII
4.5.6.7.7.677	7	10.285714285714286	72	IncF, IncFII
4.5.6.7.11.1409	7	11.428571428571429	80	IncFII
4.5.6.7.21.1759	7	5.857142857142857	41	IncFII
4.5.6.7.11.2530	7	2.0	14	IncFII
4.5.6.8.452.1093	7	1.0	7	IncN
4.5.6.7.11.1640	7	8.0	56	IncFII
4.5.6.7.11.1189	7	9.571428571428571	67	IncFII
4.5.6.7.11.436	7	5.142857142857143	36	IncFIB, IncFII
4.5.34.71.99.171	7	1.0	7	ColRNAI
3.4.8.11.327.2333	7	4.0	28	IncX1
4.5.6.7.21.1583	7	5.714285714285714	40	IncFII
3.6.7.9.14.1985	7	9.0	63	IncX1
3.6.13.17.22.144	6	10.0	60	IncA, IncAC2, IncC
4.5.6.7.20.2440	6	8.0	48	IncN
4.5.6.8.8.1886	6	1.0	6	IncN
4.5.6.8.8.2009	6	2.0	12	IncN
4.5.6.7.21.1452	6	8.5	51	IncFII
4.5.6.7.21.3303	6	2.8333333333333335	17	IncFII
3.6.7.9.10.2032	6	6.833333333333333	41	IncFII
4.5.6.7.21.30	6	4.5	27	IncFIB, IncFII
4.5.6.8.483.1375	6	1.0	6	IncN
3.4.8.70.439.1448	6	2.0	12	IncX1
4.5.6.7.21.321	6	9.0	54	IncF, IncFII
4.5.6.7.20.252	6	12.5	75	IncFIBK, IncFII
4.5.6.7.20.258	6	11.833333333333334	71	IncFIB, IncFII
4.5.6.7.21.2030	6	4.166666666666667	25	IncFII
4.5.6.8.8.899	6	2.0	12	IncN
4.5.6.8.8.2317	6	12.333333333333334	74	IncN
3.6.7.66.91.2161	6	1.8333333333333333	11	IncFII
4.5.6.7.21.1762	6	4.833333333333333	29	IncFII
4.5.6.7.447.1056	6	1.0	6	IncFII
4.5.6.7.11.1705	6	1.5	9	IncFII
3.4.8.70.201.359	6	1.0	6	IncX4
4.5.6.7.11.679	6	11.333333333333334	68	IncF, IncFII
4.5.6.8.8.1058	6	1.6666666666666667	10	IncN
4.5.6.7.7.1502	5	8.2	41	IncFII
3.6.7.9.10.21	5	7.4	37	IncF, IncFII
4.5.6.7.21.658	5	5.6	28	IncF, IncFII
4.5.6.7.11.1576	5	13.2	66	IncFII
4.5.6.7.432.1108	5	7.0	35	IncN
4.5.6.7.11.1531	5	10.2	51	IncFII
4.5.6.8.8.3702	5	3.6	18	IncN
4.5.6.7.11.1872	5	6.2	31	IncFII
4.5.6.7.11.1389	5	11.2	56	IncX1
4.5.6.8.426.1649	5	2.8	14	IncN
4.5.6.7.21.2137	5	3.8	19	IncFII
3.6.7.10.70.351	5	13.0	65	IncHI1, IncN, IncX1
4.5.6.8.8.1094	5	1.4	7	IncN
4.5.6.7.7.1501	5	10.4	52	IncFII
3.6.7.9.10.630	5	1.0	5	IncF, IncFII
4.5.6.8.426.3405	5	3.0	15	IncN
4.5.6.7.20.2446	5	7.2	36	IncN
4.5.6.7.7.1193	5	8.0	40	IncFII
3.4.8.70.201.1060	5	1.8	9	IncX1
4.5.6.7.7.2180	5	3.0	15	IncFII
4.5.6.7.30.2252	5	2.6	13	IncFII
4.5.6.7.9.967	5	6.4	32	IncF, IncFII
4.5.6.7.20.2555	5	3.2	16	IncFII
4.5.6.7.20.1142	5	19.2	96	IncFII
4.5.6.7.21.1548	5	2.2	11	IncFII
4.5.6.7.20.2322	5	9.0	45	IncN
4.5.6.7.21.1420	5	9.8	49	IncFII
3.6.7.9.10.1491	5	3.0	15	IncFII
4.5.6.7.20.3700	5	6.2	31	IncN
4.5.6.8.8.1956	5	2.0	10	IncN
4.5.6.7.21.1653	5	2.0	10	IncFII
3.6.7.9.238.511	5	1.0	5	IncI, IncI1
4.5.6.7.21.1109	5	9.0	45	IncFII
3.6.7.9.286.3197	5	1.0	5	IncFII
4.5.6.7.7.1455	5	2.6	13	IncFII
3.6.7.9.238.435	5	1.0	5	IncI1
4.5.6.7.21.1472	5	3.0	15	IncFII
3.6.21.98.147.1445	5	2.0	10	IncX1
4.5.6.7.20.2316	4	9.0	36	IncN
3.10.20.34.46.397	4	1.0	4	IncX4
4.5.6.7.9.2054	4	7.5	30	IncFII
4.5.6.7.20.294	4	10.0	40	IncF, IncFIB, IncN
4.5.6.7.9.39	4	9.0	36	IncF, IncFII
4.5.6.7.7.1879	4	9.0	36	IncFII
3.6.7.9.10.1747	4	15.5	62	IncFII
3.6.7.9.10.1449	4	10.75	43	IncFII
3.4.8.11.13.2327	4	13.0	52	IncN
4.5.6.7.11.2034	4	16.0	64	IncFII
3.6.7.9.10.2241	4	4.0	16	IncFII
4.5.6.7.9.2202	4	6.5	26	IncFII
3.6.7.9.10.1708	4	7.75	31	IncFII
4.5.6.7.7.1965	4	9.0	36	IncFII
4.5.6.7.21.2210	4	4.0	16	IncFII
4.5.6.7.20.1669	4	5.25	21	IncFII
4.5.6.7.21.2245	4	3.75	15	IncFII
3.6.7.9.10.1685	4	3.0	12	IncFII
4.5.6.7.7.2768	4	11.0	44	IncFII
3.6.7.9.10.2157	4	3.75	15	IncFII
3.6.7.9.10.1284	4	1.0	4	IncFII
4.5.6.7.21.2668	4	6.0	24	IncN
3.6.7.9.10.1638	4	4.75	19	IncFII
4.5.6.7.9.3448	4	4.5	18	IncFII
3.6.7.20.100.173	4	1.25	5	IncFIB
4.5.6.7.7.2247	4	13.0	52	IncFII
3.6.7.10.471.1261	4	1.75	7	IncFII
4.5.6.7.7.1834	4	6.25	25	IncFII
4.5.6.7.9.1926	4	7.0	28	IncFII
3.6.7.9.238.657	4	1.0	4	IncI1
3.6.7.10.12.1851	4	7.0	28	IncX1
3.6.7.10.12.1803	4	6.0	24	IncX1
3.6.7.9.200.2740	4	14.75	59	IncX1
4.5.6.7.9.1585	4	11.5	46	IncX1
4.5.6.8.8.3159	4	2.0	8	IncN
4.5.6.7.11.1313	4	1.0	4	IncFII
3.6.7.9.10.1153	4	3.25	13	IncFII
3.6.7.9.10.1906	4	6.25	25	IncFII
4.5.6.8.8.2353	4	1.0	4	IncN
4.5.6.7.9.1852	4	10.75	43	IncN, IncX1
3.6.7.9.10.1939	4	15.5	62	IncFII
4.5.6.7.20.3571	4	3.75	15	IncFII
3.4.8.70.445.1330	4	1.0	4	IncX1
4.5.6.8.8.2755	4	13.75	55	IncN
4.5.6.7.7.1178	4	10.0	40	IncFII
4.5.6.8.8.2805	4	7.0	28	IncN
4.5.6.7.21.1563	4	2.5	10	IncFII
4.5.6.7.7.1168	4	10.75	43	IncFII
3.6.13.19.24.133	4	2.0	8	IncX3
3.6.13.17.22.31	4	6.0	24	IncAC2, IncC
4.5.6.7.21.1777	4	1.25	5	IncFII
3.6.7.20.25.1171	4	6.5	26	IncX1
4.5.6.8.8.1917	4	1.0	4	IncN
4.5.6.7.21.1821	4	1.75	7	IncFII
4.5.6.7.7.1813	4	3.0	12	IncFII
3.6.7.9.10.2315	4	12.0	48	IncFII
4.5.6.8.8.1413	4	7.0	28	IncN
4.5.6.7.7.1550	4	5.25	21	IncFII
4.5.6.8.8.1390	4	2.25	9	IncN
3.6.7.10.70.2012	4	6.0	24	IncX1
4.5.6.7.432.1225	4	7.0	28	IncN
4.5.6.7.482.2404	4	1.0	4	IncFII
3.6.7.9.10.1765	4	14.5	58	IncFII
4.5.6.7.20.2148	4	18.5	74	IncFII
3.6.7.66.91.2857	3	4.666666666666667	14	IncFII
3.6.7.9.10.60	3	2.6666666666666665	8	IncFIB, IncFII
3.6.7.9.14.1855	3	9.0	27	IncX1
4.5.6.7.7.2798	3	18.0	54	IncFII
3.6.7.83.122.207	3	1.0	3	IncF, IncFIB
4.5.6.7.7.28	3	10.333333333333334	31	IncFIB, IncFII
3.6.7.20.25.2552	3	4.0	12	IncX1
3.6.7.9.10.1268	3	7.333333333333333	22	IncFII
3.6.7.48.65.297	3	10.0	30	IncAC2
4.5.6.7.21.3483	3	5.0	15	IncFII
4.5.6.7.20.1748	3	6.0	18	IncFII
4.5.6.7.11.2409	3	5.0	15	IncFII
4.5.6.7.11.2769	3	13.0	39	IncFII
4.5.6.7.11.2413	3	6.0	18	IncFII
3.6.7.9.14.1380	3	5.0	15	IncX1
3.6.7.9.10.964	3	7.0	21	IncF, IncFII, IncN
3.6.7.9.10.966	3	2.0	6	IncFII
3.6.7.9.10.631	3	4.666666666666667	14	IncF, IncFII
4.5.6.7.11.3016	3	4.0	12	IncFII
4.5.6.7.11.2600	3	3.6666666666666665	11	IncFII
4.5.6.7.9.674	3	1.0	3	IncFII
3.6.7.9.10.1180	3	7.0	21	IncFII
4.5.6.8.426.3317	3	2.3333333333333335	7	IncN
3.6.7.83.120.203	3	8.0	24	IncAC2, IncC, IncFII
4.5.6.73.103.1211	3	1.0	3	IncFII
3.6.7.48.65.119	3	12.0	36	IncA, IncC
3.6.7.9.10.38	3	2.3333333333333335	7	IncF, IncFII
4.5.6.7.21.1934	3	8.0	24	IncFII
4.5.6.7.20.2414	3	6.0	18	IncFII
4.5.6.7.11.1308	3	9.0	27	IncFII
3.6.13.19.24.209	3	1.0	3	IncX3
4.5.6.8.8.2597	3	8.666666666666666	26	IncN
4.5.6.7.7.1341	3	5.0	15	IncFII
4.5.6.8.8.2296	3	2.3333333333333335	7	IncN
4.5.6.7.11.1266	3	5.0	15	IncFII
4.5.6.7.11.1285	3	1.0	3	IncFII
4.5.6.8.8.1896	3	4.333333333333333	13	IncN
4.5.6.7.9.2914	3	5.0	15	IncFII
4.5.6.7.7.1471	3	4.0	12	IncFII
3.6.7.10.12.3613	3	5.333333333333333	16	IncX1
4.5.6.7.7.1530	3	11.333333333333334	34	IncFII
4.5.6.7.11.2226	3	1.0	3	IncFII
4.5.6.8.8.1318	3	4.666666666666667	14	IncN
4.5.6.7.21.1890	3	8.0	24	IncFII
3.6.7.9.10.1966	3	15.666666666666666	47	IncFII
4.5.6.7.21.1498	3	2.3333333333333335	7	IncFII
3.4.8.70.98.296	3	1.0	3	IncI2
3.6.7.9.10.1968	3	13.666666666666666	41	IncFII
4.5.6.7.7.1032	3	10.333333333333334	31	IncFII
3.4.8.70.201.395	3	1.0	3	IncX4
4.5.6.7.11.1132	3	6.0	18	IncFII
4.5.6.7.20.3703	3	17.0	51	IncX1
4.5.6.8.8.3306	3	1.0	3	IncN
4.5.6.21.246.3593	3	1.0	3	IncFII
4.5.6.22.434.1429	3	3.3333333333333335	10	IncFII
4.5.6.7.432.1907	3	8.0	24	IncN
3.6.7.9.10.2162	3	3.3333333333333335	10	IncFII
4.5.6.59.494.1541	3	3.6666666666666665	11	IncFII
4.5.6.243.484.1382	3	6.0	18	IncFII
3.4.8.11.13.172	3	13.333333333333334	40	IncHI1, IncN
4.5.6.7.432.1982	3	2.3333333333333335	7	IncN
4.5.6.7.21.1894	3	4.0	12	IncFII
3.6.7.66.91.2905	3	7.666666666666667	23	IncFII, IncN, IncX1
3.6.7.10.70.125	3	13.0	39	IncHI2, IncN
4.5.6.7.7.1957	3	12.333333333333334	37	IncFII
4.5.6.7.21.2412	3	4.0	12	IncFII
3.6.7.20.202.1883	3	6.333333333333333	19	IncX1
3.6.7.20.202.1862	3	10.0	30	IncX1
3.6.7.9.10.1549	3	5.333333333333333	16	IncFII
3.6.7.20.202.1823	3	2.0	6	IncN
4.5.6.7.21.3292	3	2.0	6	IncFII
3.6.7.9.10.2703	3	11.0	33	IncFII
4.5.6.7.11.2196	3	2.6666666666666665	8	IncFII
4.5.6.7.21.2251	3	13.333333333333334	40	IncFII
4.5.6.7.20.2571	3	3.3333333333333335	10	IncFII
4.5.6.7.21.2109	3	1.0	3	IncFII
4.5.6.7.7.1675	3	3.0	9	IncN
4.5.6.7.21.1986	3	2.6666666666666665	8	IncFII
4.5.6.7.20.1191	3	19.0	57	IncFII
4.5.6.8.8.1065	3	3.0	9	IncN
4.5.6.8.8.1097	3	8.0	24	IncN
4.5.6.7.7.2548	3	6.333333333333333	19	IncFII
4.5.6.8.8.1104	3	10.0	30	IncN
3.6.7.9.10.2878	2	8.0	16	IncFII
4.5.6.7.11.453	2	9.0	18	IncF, IncFII
4.5.6.7.7.7	2	7.0	14	IncI, IncI1
4.5.6.7.7.980	2	8.0	16	IncF, IncFII
4.5.6.7.11.3408	2	5.0	10	IncFII
4.5.6.7.7.3650	2	3.5	7	IncFII
3.6.7.9.10.2901	2	5.0	10	IncFII
4.5.6.7.7.3528	2	1.0	2	IncFII
3.6.7.9.10.2313	2	5.5	11	IncN
3.6.7.9.10.2823	2	7.0	14	IncFII
4.5.6.7.11.3559	2	5.0	10	IncFII
3.6.7.9.10.2432	2	2.0	4	IncFII
4.5.6.7.7.492	2	1.0	2	IncFIB, IncFII
4.5.6.7.9.1911	2	5.5	11	IncFII
4.5.6.7.7.572	2	4.0	8	IncFII, IncR
4.5.6.7.7.680	2	9.0	18	IncF, IncFII
3.6.7.9.10.2911	2	10.5	21	IncFII
3.6.7.9.10.2682	2	2.0	4	IncFII
3.6.7.9.10.2501	2	6.0	12	IncFII
4.5.6.7.21.3214	2	1.0	2	IncFII
3.6.7.9.10.2502	2	10.0	20	IncFII
4.5.6.7.11.366	2	7.0	14	IncF, IncFII
4.5.6.7.21.3182	2	2.0	4	IncFII
3.6.7.9.10.2982	2	11.0	22	IncFII
4.5.6.7.9.1532	2	9.0	18	IncFII
3.6.7.9.10.168	2	7.0	14	IncFIB, IncFII
4.5.6.7.11.3133	2	4.5	9	IncFII
4.5.6.7.30.3595	2	1.0	2	IncFII
4.5.6.7.7.1346	2	8.0	16	IncFII
3.6.7.9.28.2850	2	3.5	7	IncX1
4.5.6.7.7.1362	2	23.0	46	IncFII
4.5.6.7.7.1367	2	2.0	4	IncFII
4.5.6.7.7.1434	2	8.0	16	IncFII
3.6.7.9.238.661	2	6.0	12	IncI1, IncX1
3.6.7.9.200.968	2	2.0	4	IncF
4.5.6.7.11.1506	2	1.0	2	IncFII
4.5.6.7.11.1571	2	4.0	8	IncFII
4.5.6.7.7.1667	2	2.5	5	IncFII
4.5.6.7.411.2172	2	2.5	5	IncN
3.6.7.9.200.2910	2	6.0	12	IncFII
3.6.7.9.200.2692	2	13.0	26	IncFII
3.6.7.9.200.2522	2	4.0	8	IncFII
4.5.6.7.11.1840	2	9.5	19	IncFII
4.5.6.7.11.1871	2	4.0	8	IncN
3.6.7.9.200.2384	2	11.5	23	IncX1
3.6.7.9.200.2011	2	7.5	15	IncFII
3.6.7.9.200.2000	2	8.5	17	IncFII
4.5.6.7.7.2047	2	17.0	34	IncFII
4.5.6.7.11.1265	2	10.5	21	IncFII
4.5.6.7.7.1339	2	7.0	14	IncFII
3.6.7.9.10.3529	2	10.0	20	IncN
4.5.6.59.78.139	2	2.0	4	ColRNAI
4.5.6.7.432.2594	2	6.0	12	IncN
4.5.6.235.700.3843	2	2.0	4	IncX1
4.5.6.235.459.1187	2	1.0	2	IncX1
4.5.6.224.423.2900	2	2.5	5	IncFII
4.5.6.7.432.1978	2	8.0	16	IncX1
4.5.6.7.432.2760	2	12.5	25	IncN
4.5.6.7.432.3336	2	6.0	12	IncN
4.5.6.7.432.1796	2	7.0	14	IncN
4.5.6.21.498.3589	2	1.0	2	IncFII
4.5.6.21.246.3501	2	10.0	20	IncFII
4.5.6.7.7.1310	2	11.0	22	IncFII
4.5.43.99.149.257	2	1.0	2	ColE, ColRNAI
4.5.6.7.482.2952	2	1.0	2	IncFII
4.5.6.7.11.1073	2	6.0	12	IncFII
3.6.7.9.90.3549	2	14.0	28	IncX1
4.5.6.7.7.1100	2	4.0	8	IncFII
3.6.7.9.90.2309	2	11.5	23	IncFII
3.6.7.9.90.2185	2	8.5	17	IncN, IncX1
3.6.7.9.90.1910	2	11.5	23	IncX1
4.5.6.7.7.1218	2	14.0	28	IncFII
4.5.6.7.7.2079	2	5.0	10	IncFII
3.6.7.9.200.1925	2	18.0	36	IncX1
4.5.6.7.9.1991	2	4.5	9	IncN, IncX1
4.5.6.7.7.2887	2	5.0	10	IncFII
4.5.6.7.11.2324	2	8.0	16	IncFII
4.5.6.7.7.2738	2	5.5	11	IncFII
3.6.7.9.14.2704	2	2.0	4	IncFII
4.5.6.7.7.2771	2	8.0	16	IncFII
4.5.6.7.11.2349	2	5.0	10	IncFII
4.5.6.7.30.1204	2	11.0	22	IncN
3.6.7.9.14.2335	2	3.0	6	IncFII
3.6.7.9.14.1680	2	18.0	36	IncN
3.6.7.9.14.1493	2	3.5	7	IncX1
4.5.6.7.11.2623	2	13.0	26	IncFII
4.5.6.7.7.2154	2	18.0	36	IncFII
3.6.7.9.10.952	2	8.5	17	IncF, IncN
4.5.6.7.7.3035	2	4.0	8	IncFII
4.5.6.7.7.3071	2	7.0	14	IncFII
3.6.7.9.10.512	2	4.0	8	IncC, IncFII
4.5.6.7.21.3615	2	5.0	10	IncN
4.5.6.7.7.3205	2	4.5	9	IncFII
4.5.6.7.21.3605	2	9.0	18	IncFII
4.5.6.7.7.3423	2	9.5	19	IncFII
4.5.6.7.21.3567	2	4.0	8	IncFII
4.5.6.7.30.1694	2	6.0	12	IncFII
3.6.7.9.14.3024	2	2.5	5	IncFII
4.5.6.7.11.2285	2	3.0	6	IncFII
4.5.6.7.11.2281	2	9.0	18	IncFII
4.5.6.7.11.1975	2	6.5	13	IncFII
4.5.6.7.30.2944	2	2.5	5	IncFII
4.5.6.7.7.2274	2	5.5	11	IncFII
3.6.7.9.200.1543	2	8.5	17	IncFII
4.5.6.7.11.2018	2	7.5	15	IncFII
3.6.7.9.200.1410	2	3.0	6	IncFII
4.5.6.7.7.2390	2	7.0	14	IncFII
4.5.6.7.7.2391	2	6.0	12	IncFII
4.5.6.7.7.2417	2	7.0	14	IncFII
4.5.6.7.11.2052	2	14.0	28	IncFII
4.5.6.7.11.206	2	6.0	12	IncFIB, IncFII
4.5.6.7.7.2478	2	12.0	24	IncFII
4.5.6.7.7.2479	2	17.0	34	IncFII
4.5.6.7.7.2523	2	6.0	12	IncFII
4.5.6.7.7.2542	2	7.0	14	IncFII
4.5.6.7.7.2569	2	2.5	5	IncFII
4.5.6.7.7.2579	2	6.5	13	IncFII
4.5.6.7.30.2242	2	8.0	16	IncFII
4.5.6.7.11.2261	2	6.0	12	IncFII
3.6.7.9.200.1920	2	7.0	14	IncFII
4.5.6.7.432.2560	2	4.0	8	IncN
4.5.6.7.9.1994	2	3.5	7	IncFII
3.6.7.10.70.2645	2	5.5	11	IncX1
4.5.6.7.20.256	2	8.0	16	IncFIB, IncFII
3.6.7.20.202.2527	2	2.0	4	IncFII
4.5.6.7.21.2441	2	8.0	16	IncN
3.6.7.186.564.2801	2	2.0	4	IncX1
4.5.6.8.506.2394	2	1.0	2	IncN
4.5.6.7.21.2259	2	3.0	6	IncFII
4.5.6.7.20.2708	2	11.0	22	IncFII
4.5.6.7.20.2777	2	19.0	38	IncFII
4.5.6.7.21.2156	2	11.0	22	IncFII
4.5.6.7.20.2880	2	9.0	18	IncFII
4.5.6.7.20.2941	2	9.0	18	IncFII
4.5.6.7.21.2125	2	6.0	12	IncFII
4.5.6.7.9.2163	2	6.0	12	IncFII
3.6.7.10.70.2334	2	22.5	45	IncFII, IncN
4.5.6.8.8.1062	2	1.5	3	IncN
3.6.7.10.70.1853	2	26.5	53	IncN
4.5.6.7.20.2968	2	1.0	2	IncFII
4.5.6.7.21.1955	2	2.0	4	IncFII
3.6.7.10.70.141	2	8.0	16	IncHI2
4.5.6.7.21.1941	2	6.0	12	IncFII
3.6.7.10.70.1369	2	26.5	53	IncN
3.6.7.10.70.1251	2	7.5	15	IncN
4.5.6.7.21.1875	2	14.0	28	IncFII
3.6.7.10.457.1150	2	6.0	12	IncX1
4.5.6.7.20.2551	2	11.0	22	IncN
4.5.6.8.452.2557	2	2.5	5	IncN
4.5.6.7.21.1874	2	7.5	15	IncFII
3.6.7.20.465.1241	2	1.0	2	IncFII
3.6.7.48.65.1546	2	7.0	14	IncFII
4.5.6.7.20.2022	2	7.0	14	IncFII
4.5.6.8.32.63	2	2.0	4	IncFIB
4.5.6.7.21.2747	2	4.0	8	IncFII
3.6.7.48.123.450	2	3.0	6	IncC
4.5.6.8.426.1338	2	2.0	4	IncN
4.5.6.7.21.2711	2	3.0	6	IncFII
4.5.6.8.426.1881	2	8.5	17	IncN
3.6.7.20.536.2899	2	7.0	14	IncX1
4.5.6.7.21.2666	2	1.0	2	IncFII
4.5.6.7.20.2250	2	19.0	38	IncFII
4.5.6.7.21.2655	2	5.0	10	IncFII
4.5.6.8.452.2142	2	21.5	43	IncX1
3.6.7.20.438.1824	2	1.0	2	IncFII
4.5.6.7.21.2622	2	5.5	11	IncFII
3.6.7.20.435.2174	2	1.0	2	IncX1
4.5.6.7.21.2620	2	8.5	17	IncFII
4.5.6.7.21.2589	2	5.5	11	IncN
4.5.6.7.21.2583	2	2.5	5	IncFII
4.5.6.7.21.2538	2	4.0	8	IncFII
4.5.6.8.451.2256	2	3.0	6	IncFII
4.5.6.8.451.2550	2	6.0	12	IncFII
4.5.6.7.21.2528	2	3.5	7	IncFII
3.6.7.20.202.3457	2	7.0	14	IncN
4.5.6.8.8.1332	2	5.5	11	IncN
3.6.7.10.12.50	2	1.0	2	IncX3
4.5.6.7.21.2767	2	5.5	11	IncFII
4.5.6.7.21.1334	2	4.0	8	IncFII
3.6.13.19.24.2044	2	5.0	10	IncX1
4.5.6.8.8.2877	2	8.5	17	IncN
3.6.13.17.22.717	2	7.0	14	IncA
4.5.6.8.8.2992	2	2.0	4	IncN
4.5.6.7.21.1465	2	2.5	5	IncFII
3.4.8.70.424.1194	2	2.5	5	IncX1
4.5.6.7.20.3699	2	2.0	4	IncN
4.5.6.8.8.3209	2	2.0	4	IncN
4.5.6.7.21.1342	2	3.0	6	IncFII
4.5.6.8.8.3325	2	5.0	10	IncN
4.5.6.8.8.3427	2	9.0	18	IncN
4.5.6.7.21.1260	2	2.0	4	IncFII
3.6.13.19.24.2651	2	2.0	4	IncX1
3.4.8.11.327.2742	2	4.0	8	IncX1
4.5.6.7.21.1182	2	5.5	11	IncFII
3.4.8.11.247.1229	2	1.0	2	IncX1
3.4.8.11.247.1031	2	1.0	2	IncFII
3.4.8.11.13.3643	2	21.5	43	IncFII, IncX1
4.5.6.7.21.1099	2	6.0	12	IncFII
3.4.8.11.13.3243	2	15.0	30	IncN
4.5.6.8.8.3836	2	4.0	8	IncN
3.4.8.11.13.2702	2	15.5	31	IncN, IncX1
3.10.20.34.46.399	2	1.0	2	IncX4
3.10.20.34.413.3305	2	1.0	2	IncX1
3.6.13.19.24.2048	2	6.0	12	IncX1
4.5.6.8.8.2757	2	5.0	10	IncN
3.6.7.10.12.478	2	2.0	4	ColRNAI, IncX3
3.6.49.240.475.1322	2	3.0	6	IncX1
4.5.6.7.21.1826	2	5.0	10	IncN
4.5.6.8.8.1642	2	6.0	12	IncN
4.5.6.7.20.3351	2	1.5	3	IncFII
4.5.6.7.20.3362	2	16.0	32	IncFII
4.5.6.7.21.1771	2	1.0	2	IncFII
3.6.7.10.12.2045	2	6.0	12	IncX1
4.5.6.8.8.20	2	6.0	12	IncN
3.6.7.10.12.1105	2	1.0	2	IncX1
4.5.6.7.21.1746	2	3.0	6	IncFII
4.5.6.7.21.169	2	4.0	8	IncFII, IncR
3.6.49.240.475.2050	2	2.0	4	IncX1
3.6.49.222.414.903	2	1.0	2	IncI2
3.6.13.19.24.355	2	2.0	4	IncX3
4.5.6.8.8.2135	2	1.0	2	IncN
3.6.41.261.596.3160	2	3.0	6	IncX1
3.6.41.230.618.3241	2	2.0	4	IncX1
3.6.37.249.511.3043	2	2.0	4	IncX1
4.5.6.8.8.2320	2	9.0	18	IncN
4.5.6.8.8.2370	2	11.5	23	IncN
3.6.21.98.216.1343	2	2.0	4	IncX1
4.5.6.8.8.2556	2	2.0	4	IncN
3.6.21.98.147.2076	2	6.0	12	IncX1
4.5.6.7.20.357	2	13.0	26	IncFIB, IncN
3.6.21.93.553.2511	2	4.5	9	IncX1
3.6.7.48.65.156	2	11.0	22	IncA
3.6.7.20.202.2855	2	1.0	2	IncFII
4.5.6.7.20.1215	2	4.0	8	IncFII
4.5.6.7.20.1112	2	9.0	18	IncFII
3.6.7.66.91.2670	2	1.0	2	IncFII
4.5.6.7.20.1124	2	17.0	34	IncFII
4.5.6.8.32.2255	2	4.0	8	IncFII
3.6.7.9.10.1258	2	7.0	14	IncFII
4.5.6.7.20.1146	2	34.0	68	IncFII
4.5.6.7.20.1779	2	15.0	30	IncFII
3.6.7.9.10.1291	2	3.0	6	IncFII
3.6.7.66.440.1504	2	1.0	2	IncFII
3.6.7.66.545.2362	2	1.0	2	IncFII
4.5.6.7.21.2979	2	4.0	8	IncFII
4.5.6.7.9.2748	2	4.0	8	IncFII
3.6.7.9.10.1864	2	1.0	2	IncFII
4.5.6.7.21.2858	2	5.0	10	IncFII
3.6.7.9.10.1848	2	2.5	5	IncFII, IncN
4.5.6.7.21.3061	2	1.5	3	IncN
3.6.7.9.10.1740	2	2.5	5	IncFII, IncN
4.5.6.7.9.3665	2	6.0	12	IncFII
4.5.6.7.20.1662	2	12.5	25	IncFII
4.5.6.7.20.1297	2	7.0	14	IncFII
3.6.7.9.10.1507	2	13.0	26	IncFII
3.6.7.9.10.1521	2	14.5	29	IncFII
4.5.6.7.20.1696	2	11.0	22	IncFII
3.6.7.9.10.1528	2	12.5	25	IncFII
3.6.7.9.10.1575	2	17.5	35	IncFII
4.5.6.7.20.1439	2	9.5	19	IncN
4.5.6.7.21.3015	2	4.0	8	IncFII
4.5.6.7.20.1663	2	5.0	10	IncFII
4.5.6.7.20.1534	2	9.5	19	IncN
3.6.7.9.10.1276	2	8.0	16	IncFII
4.5.6.7.21.2950	2	3.5	7	IncFII
4.5.6.7.21.2967	2	9.0	18	IncFII
3.6.7.9.10.2138	2	6.0	12	IncFII
4.5.6.7.11.666	2	10.0	20	IncF, IncFII
4.5.6.7.9.2286	2	1.0	2	IncFII
3.6.7.9.10.2024	2	12.0	24	IncFII
3.6.7.48.65.2016	2	16.0	32	IncFII
4.5.6.7.11.678	2	2.0	4	IncF, IncFII
3.6.7.48.65.2411	2	12.5	25	IncFII
3.6.7.9.10.1993	2	9.0	18	IncFII
3.6.7.83.120.368	2	9.0	18	IncA
4.5.6.7.9.2352	2	1.0	2	IncFII
4.5.6.8.32.3105	2	7.0	14	IncFII
4.5.6.7.20.1431	2	17.5	35	IncX1
4.5.6.7.9.2554	2	8.0	16	IncFII
3.6.7.9.10.1143	2	10.5	21	IncFII, IncN
4.5.6.7.21.3352	1	8.0	8	IncFII
4.5.6.7.21.3012	1	5.0	5	IncX1
4.5.6.7.21.1812	1	9.0	9	IncFII
4.5.6.7.21.3399	1	4.0	4	IncFII
4.5.6.7.21.1817	1	3.0	3	IncFII
4.5.6.7.21.1820	1	2.0	2	IncFII
4.5.6.7.411.1098	1	4.0	4	IncN
4.5.6.7.21.3380	1	1.0	1	IncFII
4.5.6.7.21.1646	1	18.0	18	IncFII
4.5.6.7.21.1770	1	1.0	1	IncFII
4.5.6.7.21.1660	1	16.0	16	IncFII
4.5.6.7.21.3309	1	15.0	15	IncFII
4.5.6.7.21.1760	1	6.0	6	IncFII
4.5.6.7.21.3323	1	1.0	1	IncFII
4.5.6.7.411.1082	1	7.0	7	IncN
4.5.6.7.21.3322	1	4.0	4	IncFII
4.5.6.7.21.1839	1	2.0	2	IncFII
4.5.6.7.21.2991	1	5.0	5	IncX1
4.5.6.7.21.1664	1	4.0	4	IncN
4.5.6.7.21.2984	1	1.0	1	IncFII
4.5.6.7.21.1842	1	6.0	6	IncFII
4.5.6.7.21.3328	1	2.0	2	IncN
4.5.6.7.30.3639	1	2.0	2	IncN
4.5.6.7.21.1693	1	6.0	6	IncN
4.5.6.7.411.1446	1	4.0	4	IncN
4.5.6.7.21.2981	1	2.0	2	IncFII
4.5.6.7.30.56	1	2.0	2	IncFIB
4.5.6.7.21.1797	1	7.0	7	IncN
4.5.6.7.21.2775	1	13.0	13	IncFII
4.5.6.7.21.1596	1	3.0	3	IncFII
4.5.6.7.432.1444	1	3.0	3	IncN
4.5.6.7.21.1301	1	14.0	14	IncN
4.5.6.7.21.1267	1	10.0	10	IncFII
4.5.6.7.432.1209	1	10.0	10	IncN
4.5.6.7.21.1259	1	5.0	5	IncFII
4.5.6.7.21.1220	1	2.0	2	IncFII
4.5.6.7.432.1246	1	11.0	11	IncN
4.5.6.7.21.1208	1	7.0	7	IncFII
4.5.6.7.432.1405	1	3.0	3	IncN
4.5.6.7.432.1419	1	7.0	7	IncN
4.5.6.7.21.1207	1	8.0	8	IncFII
4.5.6.7.432.1084	1	7.0	7	IncN
4.5.6.7.21.1205	1	11.0	11	IncN
4.5.6.7.21.3141	1	1.0	1	IncFII
4.5.6.7.21.1156	1	11.0	11	IncFII
4.5.6.7.21.3085	1	3.0	3	IncFII
4.5.6.7.21.3091	1	5.0	5	IncFII
4.5.6.7.432.1931	1	4.0	4	IncN
4.5.6.7.21.1140	1	32.0	32	IncFII
4.5.6.7.21.1134	1	2.0	2	IncN
4.5.6.7.432.1995	1	11.0	11	IncX1
4.5.6.7.21.1337	1	1.0	1	IncFII
4.5.6.7.21.3174	1	4.0	4	IncFII
4.5.6.7.411.2585	1	7.0	7	IncN
4.5.6.7.411.3139	1	1.0	1	IncFII
4.5.6.7.411.2636	1	7.0	7	IncN
4.5.6.7.21.3034	1	2.0	2	IncFII
4.5.6.7.21.3056	1	6.0	6	IncFII
4.5.6.7.21.3236	1	5.0	5	IncFII
4.5.6.7.21.3226	1	1.0	1	IncFII
4.5.6.7.21.3220	1	5.0	5	IncN
4.5.6.7.432.2175	1	1.0	1	IncN
4.5.6.7.21.3213	1	18.0	18	IncFII
4.5.6.7.21.1889	1	6.0	6	IncFII
4.5.6.7.21.1477	1	1.0	1	IncFII
4.5.6.7.21.3081	1	2.0	2	IncFII
4.5.6.7.21.1476	1	6.0	6	IncFII
4.5.6.7.411.3285	1	3.0	3	IncN
4.5.6.7.21.1474	1	22.0	22	IncFII
4.5.6.7.411.3319	1	7.0	7	IncN
4.5.6.7.411.897	1	3.0	3	IncX3
4.5.6.7.21.1464	1	3.0	3	IncFII
4.5.6.7.21.1411	1	6.0	6	IncN
4.5.6.7.432.1003	1	5.0	5	IncN
4.5.6.7.21.1376	1	5.0	5	IncN
4.5.6.7.21.3411	1	1.0	1	IncFII
4.5.6.7.21.1953	1	8.0	8	IncN
4.5.6.7.21.1908	1	5.0	5	IncFII
4.5.6.7.21.3614	1	5.0	5	IncFII
4.5.6.7.21.2804	1	7.0	7	IncFII
4.5.6.7.21.2817	1	2.0	2	IncFII
4.5.6.7.30.1768	1	4.0	4	IncFII
4.5.6.7.21.2821	1	7.0	7	IncFII
4.5.6.7.21.2848	1	2.0	2	IncFII
4.5.6.7.21.3645	1	1.0	1	IncFII
4.5.6.7.21.2565	1	4.0	4	IncFII
4.5.6.7.30.1891	1	6.0	6	IncN
4.5.6.7.21.2553	1	7.0	7	IncFII
4.5.6.7.30.2243	1	5.0	5	IncFII
4.5.6.7.21.2531	1	5.0	5	IncFII
4.5.6.7.21.2525	1	6.0	6	IncFII
4.5.6.7.21.2484	1	3.0	3	IncN
4.5.6.7.21.2516	1	6.0	6	IncFII
4.5.6.7.21.2512	1	2.0	2	IncFII
4.5.6.7.30.2348	1	2.0	2	IncFII
4.5.6.7.21.3604	1	5.0	5	IncFII
4.5.6.7.30.2438	1	4.0	4	IncFII
4.5.6.7.21.2488	1	1.0	1	IncFII
4.5.6.7.21.3596	1	1.0	1	IncFII
4.5.6.7.21.2486	1	3.0	3	IncFII
4.5.6.7.30.2448	1	7.0	7	IncFII
4.5.6.7.30.2472	1	1.0	1	IncFII
4.5.6.7.21.2895	1	3.0	3	IncFII
4.5.6.7.30.1665	1	1.0	1	IncFII
4.5.6.7.21.2627	1	8.0	8	IncFII
4.5.6.7.30.1652	1	5.0	5	IncFII
4.5.6.7.21.2649	1	3.0	3	IncFII
4.5.6.7.21.3711	1	9.0	9	IncN
4.5.6.7.21.3721	1	9.0	9	IncX1
4.5.6.7.21.3753	1	2.0	2	IncFII
4.5.6.7.21.3840	1	4.0	4	IncFII
4.5.6.7.21.3698	1	3.0	3	IncFII
4.5.6.7.21.3696	1	3.0	3	IncN
4.5.6.7.21.3687	1	10.0	10	IncN
4.5.6.7.21.2776	1	1.0	1	IncFII
4.5.6.7.21.66	1	2.0	2	IncFIB
4.5.6.7.21.2735	1	1.0	1	IncFII
4.5.6.7.21.2731	1	15.0	15	IncFII
4.5.6.7.21.367	1	2.0	2	IncFIB
4.5.6.7.21.2710	1	8.0	8	IncN
4.5.6.7.21.718	1	7.0	7	IncF
4.5.6.7.30.1131	1	3.0	3	IncFII
4.5.6.7.21.2694	1	5.0	5	IncFII
4.5.6.7.21.3661	1	4.0	4	IncFII
4.5.6.7.21.2779	1	3.0	3	IncFII
4.5.6.7.21.2669	1	3.0	3	IncFII
4.5.6.7.21.3652	1	5.0	5	IncFII
4.5.6.7.21.2783	1	11.0	11	IncFII
4.5.6.7.21.3651	1	3.0	3	IncFII
4.5.6.7.21.2794	1	6.0	6	IncFII
4.5.6.7.21.3588	1	1.0	1	IncFII
4.5.6.7.21.3585	1	2.0	2	IncFII
4.5.6.7.21.1938	1	5.0	5	IncN
4.5.6.7.21.2925	1	4.0	4	IncFII
4.5.6.7.21.2923	1	6.0	6	IncN
4.5.6.7.21.3520	1	6.0	6	IncFII
4.5.6.7.21.3491	1	1.0	1	IncFII
4.5.6.7.30.2970	1	1.0	1	IncFII
4.5.6.7.21.2136	1	4.0	4	IncFII
4.5.6.7.30.3126	1	5.0	5	IncFII
4.5.6.7.21.3490	1	5.0	5	IncN
4.5.6.7.30.3217	1	2.0	2	IncFII
4.5.6.7.21.3481	1	9.0	9	IncFII
4.5.6.7.30.3238	1	1.0	1	IncFII
4.5.6.7.21.2053	1	5.0	5	IncFII
4.5.6.7.30.3421	1	4.0	4	IncFII
4.5.6.7.21.3584	1	7.0	7	IncFII
4.5.6.7.21.3473	1	1.0	1	IncFII
4.5.6.7.21.3444	1	15.0	15	IncN
4.5.6.7.21.3431	1	1.0	1	IncFII
4.5.6.7.30.3522	1	7.0	7	IncFII
4.5.6.7.30.3530	1	3.0	3	IncFII
4.5.6.7.21.3428	1	9.0	9	IncN
4.5.6.7.30.3558	1	1.0	1	IncFII
4.5.6.7.21.3716	1	13.0	13	IncFII
4.5.6.7.30.3575	1	4.0	4	IncFII
4.5.6.7.21.3422	1	1.0	1	IncFII
4.5.6.7.21.2966	1	3.0	3	IncFII
4.5.6.7.21.2159	1	8.0	8	IncFII
4.5.6.7.21.2160	1	22.0	22	IncFII
4.5.6.7.21.2183	1	8.0	8	IncFII
4.5.6.7.21.2192	1	3.0	3	IncFII
4.5.6.7.21.2468	1	2.0	2	IncFII
4.5.6.7.21.2447	1	7.0	7	IncFII
4.5.6.7.30.250	1	6.0	6	IncR
4.5.6.7.21.2388	1	12.0	12	IncX1
4.5.6.7.30.2598	1	1.0	1	IncFII
4.5.6.7.21.2380	1	9.0	9	IncX1
4.5.6.7.30.2616	1	4.0	4	IncFII
4.5.6.7.21.2364	1	1.0	1	IncFII
4.5.6.7.21.2310	1	6.0	6	IncFII
4.5.6.7.30.2686	1	7.0	7	IncFII
4.5.6.7.21.2307	1	8.0	8	IncFII
4.5.6.7.21.3566	1	9.0	9	IncFII
4.5.6.7.21.2305	1	2.0	2	IncFII
4.5.6.7.21.2284	1	3.0	3	IncFII
4.5.6.7.21.2282	1	11.0	11	IncFII
4.5.6.7.21.3532	1	4.0	4	IncN
4.5.6.7.21.3531	1	5.0	5	IncN
4.5.6.7.21.2254	1	8.0	8	IncN
4.5.6.7.30.2951	1	5.0	5	IncFII
4.5.6.7.21.2230	1	1.0	1	IncFII
4.5.6.7.30.2954	1	2.0	2	IncFII
4.5.6.7.30.2964	1	7.0	7	IncFII
4.5.6.7.21.2197	1	2.0	2	IncFII
2.14.33.234.458.2916	1	1.0	1	IncX1
4.5.6.7.7.2674	1	7.0	7	IncFII
4.5.6.7.432.2639	1	3.0	3	IncN
4.5.6.8.426.2437	1	8.0	8	IncN
4.5.6.8.452.2676	1	2.0	2	IncN
4.5.6.8.452.2345	1	5.0	5	IncN
4.5.6.8.452.2303	1	3.0	3	IncN
4.5.6.8.452.1440	1	6.0	6	IncX1
4.5.6.8.452.1401	1	5.0	5	IncN
4.5.6.8.452.1326	1	4.0	4	IncN
4.5.6.8.452.1102	1	8.0	8	IncX1
4.5.6.8.451.3704	1	3.0	3	IncN
4.5.6.8.451.3701	1	2.0	2	IncN
4.5.6.8.451.2977	1	1.0	1	IncN
4.5.6.8.451.2641	1	4.0	4	IncN
4.5.6.8.451.1128	1	5.0	5	IncN
4.5.6.8.436.2211	1	14.0	14	IncN
4.5.6.8.426.3458	1	7.0	7	IncN
4.5.6.8.426.3450	1	3.0	3	IncN
4.5.6.8.426.3425	1	2.0	2	IncN
4.5.6.8.426.3404	1	1.0	1	IncN
4.5.6.8.426.3311	1	2.0	2	IncN
4.5.6.8.426.3293	1	1.0	1	IncN
4.5.6.8.426.3063	1	7.0	7	IncN
4.5.6.8.426.3001	1	6.0	6	IncN
4.5.6.8.452.2752	1	14.0	14	IncN
4.5.6.8.452.2758	1	5.0	5	IncN
4.5.6.8.452.2759	1	15.0	15	IncN
4.5.6.8.506.1713	1	1.0	1	IncN
4.5.6.8.526.3073	1	4.0	4	IncX1
4.5.6.8.526.3039	1	5.0	5	IncX1
4.5.6.8.526.2908	1	6.0	6	IncX1
4.5.6.8.526.2824	1	10.0	10	IncX1
4.5.6.8.526.2749	1	1.0	1	IncX1
4.5.6.8.526.2238	1	7.0	7	IncX1
4.5.6.8.526.1980	1	8.0	8	IncX1
4.5.6.8.506.3513	1	7.0	7	IncN
4.5.6.8.506.3131	1	9.0	9	IncN
4.5.6.8.483.2318	1	12.0	12	IncN
4.5.6.8.452.3023	1	1.0	1	IncN
4.5.6.8.461.3296	1	3.0	3	IncN
4.5.6.8.461.1210	1	4.0	4	IncN
4.5.6.8.452.3839	1	3.0	3	IncN
4.5.6.8.452.3838	1	3.0	3	IncN
4.5.6.8.452.3705	1	6.0	6	IncN
4.5.6.8.452.3683	1	3.0	3	IncN
4.5.6.8.452.3395	1	9.0	9	IncN
4.5.6.8.452.3254	1	6.0	6	IncN
4.5.6.8.452.3095	1	6.0	6	IncN
4.5.6.8.426.2753	1	5.0	5	IncN
4.5.6.8.426.2253	1	5.0	5	IncN
4.5.6.8.526.3669	1	2.0	2	IncX1
4.5.6.8.426.2232	1	5.0	5	IncN
4.5.6.73.103.629	1	1.0	1	IncFII
4.5.6.73.103.3671	1	1.0	1	IncFII
4.5.6.73.103.3375	1	2.0	2	IncFII
4.5.6.73.103.3373	1	4.0	4	IncFII
4.5.6.73.103.2733	1	1.0	1	IncFII
4.5.6.73.103.1866	1	6.0	6	IncN
4.5.6.73.103.1511	1	1.0	1	IncFII
4.5.6.73.103.1206	1	3.0	3	IncFII
4.5.6.73.103.1139	1	6.0	6	IncFII
4.5.6.7.9.961	1	4.0	4	IncF
4.5.6.7.9.489	1	8.0	8	IncR
4.5.6.7.9.3846	1	4.0	4	IncFII
4.5.6.7.9.3732	1	1.0	1	IncFII
4.5.6.7.9.3693	1	7.0	7	IncN
4.5.6.7.9.3681	1	4.0	4	IncFII
4.5.6.7.9.3573	1	5.0	5	IncFII
4.5.6.7.9.3569	1	3.0	3	IncX1
4.5.6.7.9.3514	1	1.0	1	IncFII
4.5.6.7.9.3511	1	6.0	6	IncFII
4.5.6.7.9.3497	1	12.0	12	IncN
4.5.6.7.9.3479	1	3.0	3	IncFII
4.5.6.74.104.177	1	1.0	1	ColRNAI
4.5.6.8.32.1012	1	8.0	8	IncN
4.5.6.8.32.1027	1	2.0	2	IncN
4.5.6.8.32.3709	1	10.0	10	IncN
4.5.6.8.426.2200	1	3.0	3	IncN
4.5.6.8.426.1948	1	5.0	5	IncX1
4.5.6.8.426.1704	1	7.0	7	IncN
4.5.6.8.426.1666	1	1.0	1	IncN
4.5.6.8.426.1603	1	1.0	1	IncN
4.5.6.8.426.1594	1	2.0	2	IncN
4.5.6.8.426.1577	1	2.0	2	IncN
4.5.6.8.426.1327	1	1.0	1	IncN
4.5.6.8.426.1069	1	2.0	2	IncN
4.5.6.8.32.3677	1	9.0	9	IncN
4.5.6.8.32.1399	1	4.0	4	IncFII
4.5.6.8.32.3478	1	15.0	15	IncFII
4.5.6.8.32.3430	1	4.0	4	IncFII
4.5.6.8.32.2999	1	4.0	4	IncFII
4.5.6.8.32.2962	1	7.0	7	IncFII
4.5.6.8.32.2829	1	5.0	5	IncFII
4.5.6.8.32.2784	1	2.0	2	IncFII
4.5.6.8.32.2270	1	11.0	11	IncN
4.5.6.8.32.2002	1	2.0	2	IncFII
4.5.6.8.32.1788	1	4.0	4	IncFII
4.5.6.8.526.3459	1	4.0	4	IncX1
4.5.6.8.527.2041	1	2.0	2	IncN
4.5.6.7.432.2659	1	4.0	4	IncN
4.5.6.8.8.2170	1	2.0	2	IncN
4.5.6.8.8.3185	1	1.0	1	IncN
4.5.6.8.8.3083	1	4.0	4	IncN
4.5.6.8.8.3082	1	8.0	8	IncN
4.5.6.8.8.3078	1	3.0	3	IncN
4.5.6.8.8.3062	1	12.0	12	IncX1
4.5.6.8.8.3021	1	1.0	1	IncN
4.5.6.8.8.3017	1	5.0	5	IncN
4.5.6.8.8.3005	1	9.0	9	IncN
4.5.6.8.8.2972	1	3.0	3	IncN
4.5.6.8.8.2922	1	4.0	4	IncN
4.5.6.8.8.2892	1	5.0	5	IncN
4.5.6.8.8.2816	1	7.0	7	IncN
4.5.6.8.8.2807	1	2.0	2	IncN
4.5.6.8.8.2736	1	3.0	3	IncN
4.5.6.8.8.2721	1	5.0	5	IncN
4.5.6.8.8.2642	1	4.0	4	IncN
4.5.6.8.8.2610	1	11.0	11	IncN
4.5.6.8.8.2536	1	7.0	7	IncN
4.5.6.8.8.2453	1	3.0	3	IncN
4.5.6.8.8.2410	1	5.0	5	IncN
4.5.6.8.8.2356	1	2.0	2	IncN
4.5.6.8.8.3195	1	2.0	2	IncN
4.5.6.8.8.3283	1	11.0	11	IncN
4.5.6.8.8.3287	1	2.0	2	IncN
4.5.6.8.8.3617	1	4.0	4	IncN
4.5.6.8.8.3777	1	5.0	5	IncN
4.5.6.8.8.3727	1	6.0	6	IncN
4.5.6.8.8.3725	1	9.0	9	IncN
4.5.6.8.8.3715	1	8.0	8	IncN
4.5.6.8.8.3714	1	5.0	5	IncN
4.5.6.8.8.3712	1	2.0	2	IncN
4.5.6.8.8.3710	1	8.0	8	IncN
4.5.6.8.8.3695	1	1.0	1	IncN
4.5.6.8.8.3631	1	6.0	6	IncN
4.5.6.8.8.3608	1	4.0	4	IncN
4.5.6.8.8.3295	1	1.0	1	IncN
4.5.6.8.8.3603	1	4.0	4	IncN
4.5.6.8.8.3543	1	4.0	4	IncN
4.5.6.8.8.3508	1	7.0	7	IncN
4.5.6.8.8.3484	1	1.0	1	IncN
4.5.6.8.8.3466	1	3.0	3	IncN
4.5.6.8.8.3461	1	2.0	2	IncN
4.5.6.8.8.3445	1	3.0	3	IncN
4.5.6.8.8.3435	1	4.0	4	IncX1
4.5.6.8.8.3310	1	1.0	1	IncN
4.5.6.8.8.2351	1	4.0	4	IncN
4.5.6.8.8.2144	1	13.0	13	IncX1
4.5.6.8.527.2223	1	11.0	11	IncX1
4.5.6.8.8.2128	1	4.0	4	IncN
4.5.6.8.8.1252	1	4.0	4	IncN
4.5.6.8.8.1172	1	5.0	5	IncN
4.5.6.8.8.1161	1	5.0	5	IncN
4.5.6.8.8.1137	1	6.0	6	IncN
4.5.6.8.8.1136	1	6.0	6	IncN
4.5.6.8.8.1126	1	6.0	6	IncN
4.5.6.8.8.1114	1	4.0	4	IncN
4.5.6.8.8.1107	1	3.0	3	IncN
4.5.6.8.8.1106	1	6.0	6	IncN
4.5.6.8.8.1061	1	12.0	12	IncN
4.5.6.8.8.1040	1	13.0	13	IncN
4.5.6.8.8.1036	1	5.0	5	IncN
4.5.6.8.8.1035	1	5.0	5	IncN
4.5.6.8.8.1029	1	7.0	7	IncN
4.5.6.8.8.1016	1	7.0	7	IncN
4.5.6.8.8.1011	1	8.0	8	IncN
4.5.6.8.591.3327	1	1.0	1	IncFII
4.5.6.8.572.2874	1	6.0	6	IncX1
4.5.6.8.552.3470	1	6.0	6	IncN
4.5.6.8.542.2331	1	4.0	4	IncX1
4.5.6.8.529.2083	1	1.0	1	IncX1
4.5.6.8.8.1287	1	1.0	1	IncN
4.5.6.8.8.13	1	2.0	2	IncN
4.5.6.8.8.1317	1	9.0	9	IncN
4.5.6.8.8.1697	1	3.0	3	IncN
4.5.6.8.8.2084	1	5.0	5	IncX1
4.5.6.8.8.2082	1	4.0	4	IncN
4.5.6.8.8.2010	1	15.0	15	IncX1
4.5.6.8.8.1970	1	1.0	1	IncN
4.5.6.8.8.1882	1	5.0	5	IncN
4.5.6.8.8.18	1	4.0	4	IncN
4.5.6.8.8.1786	1	7.0	7	IncN
4.5.6.8.8.1766	1	2.0	2	IncN
4.5.6.8.8.1718	1	5.0	5	IncN
4.5.6.8.8.1655	1	2.0	2	IncN
4.5.6.8.8.1319	1	3.0	3	IncN
4.5.6.8.8.1621	1	5.0	5	IncN
4.5.6.8.8.1618	1	4.0	4	IncN
4.5.6.8.8.1615	1	6.0	6	IncN
4.5.6.8.8.1607	1	8.0	8	IncN
4.5.6.8.8.1581	1	8.0	8	IncN
4.5.6.8.8.1547	1	2.0	2	IncN
4.5.6.8.8.1515	1	7.0	7	IncN
4.5.6.8.8.1469	1	2.0	2	IncN
4.5.6.8.8.1404	1	3.0	3	IncN
4.5.6.7.9.3475	1	6.0	6	IncN
4.5.6.7.9.3447	1	4.0	4	IncFII
4.5.6.7.9.3080	1	6.0	6	IncFII
4.5.6.7.7.1635	1	5.0	5	IncFII
4.5.6.7.7.2039	1	14.0	14	IncFII
4.5.6.7.7.2020	1	7.0	7	IncFII
4.5.6.7.7.2006	1	10.0	10	IncFII
4.5.6.7.7.1997	1	11.0	11	IncFII
4.5.6.7.7.1944	1	21.0	21	IncFII
4.5.6.7.7.1899	1	12.0	12	IncFII
4.5.6.7.7.1893	1	12.0	12	IncFII
4.5.6.7.7.1892	1	6.0	6	IncFII
4.5.6.7.7.1849	1	2.0	2	IncFII
4.5.6.7.7.1845	1	9.0	9	IncFII
4.5.6.7.7.1835	1	6.0	6	IncFII
4.5.6.7.7.1827	1	2.0	2	IncFII
4.5.6.7.7.1776	1	11.0	11	IncFII
4.5.6.7.7.1774	1	25.0	25	IncFII
4.5.6.7.7.1756	1	3.0	3	IncFII
4.5.6.7.7.1741	1	1.0	1	IncN
4.5.6.7.7.1715	1	9.0	9	IncFII
4.5.6.7.7.1700	1	14.0	14	IncFII
4.5.6.7.7.1677	1	17.0	17	IncFII
4.5.6.7.7.1672	1	1.0	1	IncFII
4.5.6.7.7.1659	1	5.0	5	IncFII
4.5.6.7.7.2166	1	11.0	11	IncFII
4.5.6.7.7.2184	1	18.0	18	IncX1
4.5.6.7.7.2222	1	7.0	7	IncFII
4.5.6.7.7.2508	1	10.0	10	IncFII
4.5.6.7.7.2690	1	5.0	5	IncFII
4.5.6.7.7.2677	1	5.0	5	IncFII
4.5.6.7.7.2648	1	9.0	9	IncFII
4.5.6.7.7.2621	1	16.0	16	IncFII
4.5.6.7.7.2619	1	4.0	4	IncFII
4.5.6.7.7.2612	1	1.0	1	IncFII
4.5.6.7.7.2559	1	8.0	8	IncFII
4.5.6.7.7.2534	1	1.0	1	IncFII
4.5.6.7.7.2529	1	6.0	6	IncFII
4.5.6.7.7.2507	1	9.0	9	IncFII
4.5.6.7.7.2279	1	2.0	2	IncFII
4.5.6.7.7.2462	1	6.0	6	IncFII
4.5.6.7.7.2461	1	8.0	8	IncFII
4.5.6.7.7.2454	1	8.0	8	IncFII
4.5.6.7.7.2449	1	5.0	5	IncFII
4.5.6.7.7.2337	1	7.0	7	IncFII
4.5.6.7.7.2336	1	11.0	11	IncFII
4.5.6.7.7.2295	1	6.0	6	IncFII
4.5.6.7.7.2288	1	7.0	7	IncFII
4.5.6.7.7.2287	1	4.0	4	IncFII
4.5.6.7.7.1643	1	9.0	9	IncFII
4.5.6.7.7.1612	1	1.0	1	IncFII
4.5.6.7.9.3054	1	6.0	6	IncFII
4.5.6.7.7.1587	1	9.0	9	IncFII
4.5.6.7.524.3601	1	6.0	6	IncX1
4.5.6.7.524.2358	1	7.0	7	IncX1
4.5.6.7.524.2152	1	3.0	3	IncX1
4.5.6.7.524.1969	1	4.0	4	IncX1
4.5.6.7.482.3004	1	2.0	2	IncFII
4.5.6.7.482.2902	1	3.0	3	IncFII
4.5.6.7.482.2898	1	1.0	1	IncN
4.5.6.7.482.2847	1	3.0	3	IncFII
4.5.6.7.482.2656	1	4.0	4	IncFII
4.5.6.7.482.2276	1	2.0	2	IncFII
4.5.6.7.482.1527	1	1.0	1	IncN
4.5.6.7.482.1372	1	4.0	4	IncFII
4.5.6.7.432.3675	1	5.0	5	IncN
4.5.6.7.432.3616	1	6.0	6	IncN
4.5.6.7.432.3503	1	3.0	3	IncN
4.5.6.7.432.3496	1	2.0	2	IncN
4.5.6.7.432.3485	1	2.0	2	IncN
4.5.6.7.432.3401	1	7.0	7	IncN
4.5.6.7.432.2761	1	13.0	13	IncN
4.5.6.7.432.2751	1	2.0	2	IncN
4.5.6.7.432.2698	1	9.0	9	IncN
4.5.6.7.531.2143	1	11.0	11	IncX1
4.5.6.7.575.2945	1	2.0	2	IncFII
4.5.6.7.7.1066	1	3.0	3	IncFII
4.5.6.7.7.1391	1	5.0	5	IncFII
4.5.6.7.7.1574	1	8.0	8	IncFII
4.5.6.7.7.1551	1	14.0	14	IncX1
4.5.6.7.7.1545	1	8.0	8	IncFII
4.5.6.7.7.1538	1	1.0	1	IncFII
4.5.6.7.7.1533	1	3.0	3	IncN
4.5.6.7.7.1523	1	4.0	4	IncFII
4.5.6.7.7.1497	1	4.0	4	IncFII
4.5.6.7.7.1457	1	2.0	2	IncFII
4.5.6.7.7.1403	1	6.0	6	IncN
4.5.6.7.7.1355	1	1.0	1	IncFII
4.5.6.7.7.1159	1	15.0	15	IncFII
4.5.6.7.7.1351	1	5.0	5	IncFII
4.5.6.7.7.1350	1	4.0	4	IncFII
4.5.6.7.7.1345	1	1.0	1	IncFII
4.5.6.7.7.1340	1	7.0	7	IncFII
4.5.6.7.7.1262	1	11.0	11	IncFII
4.5.6.7.7.1235	1	8.0	8	IncFII
4.5.6.7.7.1234	1	7.0	7	IncFII
4.5.6.7.7.1183	1	10.0	10	IncFII
4.5.6.7.7.1179	1	6.0	6	IncFII
4.5.6.7.7.2700	1	5.0	5	IncFII
4.5.6.7.7.2709	1	9.0	9	IncFII
4.5.6.7.7.2718	1	22.0	22	IncFII
4.5.6.7.7.2723	1	1.0	1	IncFII
4.5.6.7.9.1188	1	10.0	10	IncFII
4.5.6.7.9.1174	1	6.0	6	IncN
4.5.6.7.9.1173	1	6.0	6	IncN
4.5.6.7.9.1144	1	1.0	1	IncFII
4.5.6.7.9.1125	1	2.0	2	IncFII
4.5.6.7.9.1043	1	2.0	2	IncFII
4.5.6.7.9.1042	1	5.0	5	IncN
4.5.6.7.7.962	1	8.0	8	IncF
4.5.6.7.7.928	1	15.0	15	IncF
4.5.6.7.7.669	1	10.0	10	IncF
4.5.6.7.7.632	1	6.0	6	IncF
4.5.6.7.7.513	1	2.0	2	IncFIB
4.5.6.7.7.3737	1	10.0	10	IncFII
4.5.6.7.7.3728	1	1.0	1	IncFII
4.5.6.7.7.3684	1	3.0	3	IncFII
4.5.6.7.7.3679	1	8.0	8	IncN
4.5.6.7.7.3659	1	9.0	9	IncX1
4.5.6.7.7.3627	1	1.0	1	IncFII
4.5.6.7.7.3625	1	9.0	9	IncFII
4.5.6.7.7.3576	1	9.0	9	IncFII
4.5.6.7.7.353	1	14.0	14	IncFIC
4.5.6.7.9.1228	1	6.0	6	IncN
4.5.6.7.9.1239	1	3.0	3	IncFII
4.5.6.7.9.1275	1	2.0	2	IncFII
4.5.6.7.9.2586	1	5.0	5	IncFII
4.5.6.7.9.3041	1	9.0	9	IncFII
4.5.6.7.9.3006	1	1.0	1	IncFII
4.5.6.7.9.2985	1	11.0	11	IncFII
4.5.6.7.9.2873	1	4.0	4	IncFII
4.5.6.7.9.2715	1	2.0	2	IncN
4.5.6.7.9.2714	1	11.0	11	IncFII
4.5.6.7.9.2713	1	10.0	10	IncFII
4.5.6.7.9.2602	1	1.0	1	IncFII
4.5.6.7.9.2592	1	4.0	4	IncFII
4.5.6.7.9.2533	1	5.0	5	IncFII
4.5.6.7.9.1278	1	9.0	9	IncFII
4.5.6.7.9.2504	1	3.0	3	IncFII
4.5.6.7.9.2451	1	5.0	5	IncFII
4.5.6.7.9.2312	1	3.0	3	IncN
4.5.6.7.9.2207	1	11.0	11	IncFII
4.5.6.7.9.2051	1	8.0	8	IncFII
4.5.6.7.9.1927	1	7.0	7	IncFII
4.5.6.7.9.1887	1	9.0	9	IncFII
4.5.6.7.9.1885	1	6.0	6	IncFII
4.5.6.7.9.1830	1	3.0	3	IncFII
4.5.6.7.7.352	1	9.0	9	IncFIB
4.5.6.7.7.3507	1	16.0	16	IncFII
4.5.6.7.7.3495	1	7.0	7	IncFII
4.5.6.7.7.2882	1	9.0	9	IncFII
4.5.6.7.7.2956	1	6.0	6	IncFII
4.5.6.7.7.2949	1	2.0	2	IncFII
4.5.6.7.7.2938	1	3.0	3	IncFII
4.5.6.7.7.2917	1	14.0	14	IncFII
4.5.6.7.7.2915	1	13.0	13	IncFII
4.5.6.7.7.2912	1	4.0	4	IncFII
4.5.6.7.7.2888	1	5.0	5	IncFII
4.5.6.7.7.2885	1	10.0	10	IncFII
4.5.6.7.7.2884	1	10.0	10	IncFII
4.5.6.7.7.2860	1	9.0	9	IncFII
4.5.6.7.7.2960	1	5.0	5	IncFII
4.5.6.7.7.2859	1	11.0	11	IncX1
4.5.6.7.7.2842	1	2.0	2	IncFII
4.5.6.7.7.2820	1	9.0	9	IncFII
4.5.6.7.7.2815	1	13.0	13	IncFII
4.5.6.7.7.2796	1	13.0	13	IncFII
4.5.6.7.7.2781	1	6.0	6	IncFII
4.5.6.7.7.2774	1	10.0	10	IncFII
4.5.6.7.7.2750	1	1.0	1	IncFII
4.5.6.7.7.2726	1	10.0	10	IncFII
4.5.6.7.7.2957	1	7.0	7	IncFII
4.5.6.7.7.2974	1	20.0	20	IncFII
4.5.6.7.7.3482	1	10.0	10	IncFII
4.5.6.7.7.3331	1	5.0	5	IncFII
4.5.6.7.7.3480	1	10.0	10	IncFII
4.5.6.7.7.3468	1	3.0	3	IncFII
4.5.6.7.7.3463	1	2.0	2	IncFII
4.5.6.7.7.3451	1	7.0	7	IncFII
4.5.6.7.7.3449	1	8.0	8	IncFII
4.5.6.7.7.3433	1	14.0	14	IncX1
4.5.6.7.7.3394	1	8.0	8	IncFII
4.5.6.7.7.3383	1	10.0	10	IncFII
4.5.6.7.7.3363	1	10.0	10	IncN
4.5.6.7.7.3330	1	8.0	8	IncFII
4.5.6.7.7.3008	1	9.0	9	IncFII
4.5.6.7.7.3297	1	5.0	5	IncFII
4.5.6.7.7.3284	1	2.0	2	IncFII
4.5.6.7.7.3247	1	7.0	7	IncFII
4.5.6.7.7.3204	1	6.0	6	IncFII
4.5.6.7.7.3096	1	4.0	4	IncFII
4.5.6.7.7.3089	1	13.0	13	IncFII
4.5.6.7.7.3059	1	5.0	5	IncFII
4.5.6.7.7.3058	1	11.0	11	IncFII
4.5.6.7.7.3010	1	11.0	11	IncFII
4.5.6.7.21.1133	1	5.0	5	IncFII
4.5.6.7.20.1979	1	8.0	8	IncX1
4.5.6.7.21.1113	1	10.0	10	IncN
3.6.7.9.10.2182	1	3.0	3	IncFII
3.6.7.9.10.2081	1	9.0	9	IncFII
3.6.7.9.10.2027	1	2.0	2	IncFII
3.6.7.9.10.2014	1	3.0	3	IncFII
3.6.7.9.10.198	1	1.0	1	IncF
3.6.7.9.10.1974	1	2.0	2	IncFII
3.6.7.9.10.1971	1	5.0	5	IncFII
3.6.7.9.10.1951	1	1.0	1	IncFII
3.6.7.9.10.1932	1	5.0	5	IncFII
3.6.7.9.10.1928	1	4.0	4	IncFII
3.6.7.9.10.1918	1	1.0	1	IncFII
3.6.7.9.10.1909	1	1.0	1	IncFII
3.6.7.9.10.1904	1	7.0	7	IncFII
3.6.7.9.10.1897	1	3.0	3	IncX1
3.6.7.9.10.1884	1	1.0	1	IncFII
3.6.7.9.10.1867	1	3.0	3	IncFII
3.6.7.9.10.1831	1	1.0	1	IncFII
3.6.7.9.10.1828	1	6.0	6	IncFII
3.6.7.9.10.1761	1	3.0	3	IncFII
3.6.7.9.10.1729	1	1.0	1	IncFII
3.6.7.9.10.1716	1	2.0	2	IncFII
3.6.7.9.10.1668	1	18.0	18	IncFII
3.6.7.9.10.1654	1	15.0	15	IncFII
3.6.7.9.10.1639	1	11.0	11	IncFII
3.6.7.9.10.2181	1	3.0	3	IncFII
3.6.7.9.10.2187	1	3.0	3	IncN
4.5.6.7.21.1110	1	10.0	10	IncN
3.6.7.9.10.2209	1	1.0	1	IncFII
3.6.7.9.10.2640	1	4.0	4	IncN
3.6.7.9.10.2626	1	11.0	11	IncFII
3.6.7.9.10.2625	1	19.0	19	IncFII
3.6.7.9.10.2618	1	1.0	1	IncFII
3.6.7.9.10.2614	1	3.0	3	IncFII
3.6.7.9.10.2613	1	2.0	2	IncFII
3.6.7.9.10.2611	1	3.0	3	IncFII
3.6.7.9.10.2606	1	1.0	1	IncFII
3.6.7.9.10.2581	1	1.0	1	IncFII
3.6.7.9.10.2580	1	1.0	1	IncFII
3.6.7.9.10.2563	1	4.0	4	IncFII
3.6.7.9.10.2561	1	1.0	1	IncFII
3.6.7.9.10.2549	1	2.0	2	IncFII
3.6.7.9.10.2495	1	2.0	2	IncFII
3.6.7.9.10.2492	1	1.0	1	IncFII
3.6.7.9.10.2489	1	1.0	1	IncFII
3.6.7.9.10.2466	1	1.0	1	IncFII
3.6.7.9.10.2452	1	1.0	1	IncFII
3.6.7.9.10.2297	1	9.0	9	IncFII
3.6.7.9.10.2262	1	6.0	6	IncFII
3.6.7.9.10.2244	1	8.0	8	IncFII
3.6.7.9.10.2224	1	12.0	12	IncFII
3.6.7.9.10.2219	1	11.0	11	IncFII
3.6.7.9.10.1623	1	3.0	3	IncFII
3.6.7.9.10.1599	1	11.0	11	IncN
3.6.7.9.10.1595	1	3.0	3	IncFII
3.6.7.9.10.1586	1	13.0	13	IncFII
3.6.7.66.91.1461	1	1.0	1	IncFII
3.6.7.66.91.1067	1	1.0	1	IncX1
3.6.7.66.91.1039	1	7.0	7	IncFII
3.6.7.66.602.3187	1	2.0	2	IncFII
3.6.7.48.65.930	1	8.0	8	IncX3
3.6.7.48.65.921	1	14.0	14	IncX3
3.6.7.48.65.449	1	5.0	5	IncC
3.6.7.48.65.447	1	2.0	2	IncC
3.6.7.48.65.3644	1	22.0	22	IncFII
3.6.7.48.65.3406	1	10.0	10	IncN
3.6.7.48.65.325	1	10.0	10	IncA
3.6.7.48.65.274	1	14.0	14	IncC
3.6.7.48.65.253	1	8.0	8	IncAC2
3.6.7.48.65.242	1	6.0	6	IncA
3.6.7.48.65.2415	1	1.0	1	IncFII
3.6.7.48.65.1940	1	11.0	11	IncN
3.6.7.48.65.1730	1	7.0	7	IncFII
3.6.7.48.65.1418	1	15.0	15	IncFII
3.6.7.48.273.538	1	11.0	11	IncC
3.6.7.48.273.1923	1	11.0	11	IncN
3.6.7.48.123.3469	1	11.0	11	IncN
3.6.7.48.123.3290	1	15.0	15	IncFII
3.6.7.48.123.210	1	17.0	17	IncAC2
3.6.7.66.91.1512	1	8.0	8	IncFII
3.6.7.66.91.1542	1	5.0	5	IncFII
3.6.7.66.91.158	1	1.0	1	IncF
3.6.7.9.10.1195	1	3.0	3	IncFII
3.6.7.9.10.1573	1	9.0	9	IncFII
3.6.7.9.10.1572	1	9.0	9	IncFII
3.6.7.9.10.1468	1	2.0	2	IncFII
3.6.7.9.10.1467	1	17.0	17	IncFII
3.6.7.9.10.1463	1	7.0	7	IncFII
3.6.7.9.10.1441	1	5.0	5	IncFII
3.6.7.9.10.1416	1	1.0	1	IncFII
3.6.7.9.10.1315	1	10.0	10	IncFII
3.6.7.9.10.1300	1	7.0	7	IncFII
3.6.7.9.10.1273	1	5.0	5	IncFII
3.6.7.9.10.1169	1	1.0	1	IncFII
3.6.7.66.91.1686	1	2.0	2	IncFII
3.6.7.83.120.381	1	12.0	12	IncA
3.6.7.83.120.229	1	27.0	27	IncAC2
3.6.7.66.91.663	1	1.0	1	IncF
3.6.7.66.91.499	1	1.0	1	IncI
3.6.7.66.91.3506	1	12.0	12	IncFII
3.6.7.66.91.3184	1	2.0	2	IncFII
3.6.7.66.91.2931	1	1.0	1	IncFII
3.6.7.66.91.2658	1	1.0	1	IncFII
3.6.7.66.91.1801	1	7.0	7	IncFII
3.6.7.66.91.1722	1	2.0	2	IncFII
3.6.7.9.10.2660	1	1.0	1	IncFII
3.6.7.9.10.2678	1	3.0	3	IncFII
3.6.7.9.10.2707	1	4.0	4	IncFII
3.6.7.9.10.539	1	11.0	11	IncC
3.6.7.9.14.2139	1	4.0	4	IncN
3.6.7.9.14.1767	1	1.0	1	IncFII
3.6.7.9.14.1674	1	8.0	8	IncN
3.6.7.9.14.1616	1	5.0	5	IncX1
3.6.7.9.14.1427	1	3.0	3	IncN
3.6.7.9.14.1426	1	2.0	2	IncN
3.6.7.9.14.1314	1	1.0	1	IncX1
3.6.7.9.14.1240	1	2.0	2	IncFII
3.6.7.9.14.1227	1	5.0	5	IncFII
3.6.7.9.14.1201	1	12.0	12	IncX1
3.6.7.9.14.1145	1	2.0	2	IncFII
3.6.7.9.135.911	1	1.0	1	IncI1
3.6.7.9.135.3619	1	6.0	6	IncN
3.6.7.9.135.3460	1	4.0	4	IncX1
3.6.7.9.135.2393	1	1.0	1	IncX1
3.6.7.9.135.2208	1	2.0	2	IncN
3.6.7.9.135.1329	1	1.0	1	IncFII
3.6.7.9.10.965	1	8.0	8	IncF
3.6.7.9.10.675	1	1.0	1	IncFII
3.6.7.9.10.670	1	13.0	13	IncF
3.6.7.9.10.667	1	7.0	7	IncF
3.6.7.9.10.660	1	6.0	6	IncF
3.6.7.9.10.638	1	1.0	1	IncFII
3.6.7.9.14.2293	1	4.0	4	IncFII
3.6.7.9.14.2383	1	9.0	9	IncX1
3.6.7.9.14.2465	1	1.0	1	IncFII
3.6.7.9.14.3291	1	8.0	8	IncFII
3.6.7.9.14.3663	1	18.0	18	IncX1
3.6.7.9.14.3552	1	12.0	12	IncX1
3.6.7.9.14.3548	1	10.0	10	IncX1
3.6.7.9.14.3500	1	8.0	8	IncX1
3.6.7.9.14.3499	1	14.0	14	IncFII
3.6.7.9.14.3493	1	4.0	4	IncX1
3.6.7.9.14.3440	1	6.0	6	IncFII
3.6.7.9.14.3439	1	15.0	15	IncN
3.6.7.9.14.3426	1	7.0	7	IncN
3.6.7.9.14.3316	1	1.0	1	IncFII
3.6.7.9.14.3028	1	13.0	13	IncX1
3.6.7.9.14.2482	1	4.0	4	IncFII
3.6.7.9.14.2919	1	15.0	15	IncFII
3.6.7.9.14.2890	1	3.0	3	IncFII
3.6.7.9.14.2849	1	1.0	1	IncN
3.6.7.9.14.2814	1	1.0	1	IncX1
3.6.7.9.14.2734	1	14.0	14	IncFII
3.6.7.9.14.2719	1	9.0	9	IncFII
3.6.7.9.14.2684	1	8.0	8	IncN
3.6.7.9.14.2631	1	1.0	1	IncFII
3.6.7.9.14.2541	1	6.0	6	IncFII
3.6.7.9.14.2487	1	9.0	9	IncFII
3.6.7.9.10.603	1	9.0	9	IncFIC
3.6.7.9.10.464	1	2.0	2	IncFIB
3.6.7.9.10.2725	1	9.0	9	IncFII
3.6.7.9.10.3834	1	2.0	2	IncFII
3.6.7.9.10.3288	1	6.0	6	IncFII
3.6.7.9.10.326	1	7.0	7	IncFIB
3.6.7.9.10.3231	1	11.0	11	IncX1
3.6.7.9.10.3158	1	6.0	6	IncFII
3.6.7.9.10.3108	1	2.0	2	IncFII
3.6.7.9.10.3053	1	12.0	12	IncFII
3.6.7.9.10.3046	1	8.0	8	IncFII
3.6.7.9.10.3036	1	23.0	23	IncFII
3.6.7.9.10.3014	1	7.0	7	IncFII
3.6.7.9.10.2986	1	6.0	6	IncFII
3.6.7.9.10.2983	1	6.0	6	IncFII
3.6.7.9.10.2975	1	7.0	7	IncFII
3.6.7.9.10.2973	1	18.0	18	IncFII
3.6.7.9.10.2934	1	14.0	14	IncFII
3.6.7.9.10.2904	1	5.0	5	IncFII
3.6.7.9.10.2891	1	2.0	2	IncFII
3.6.7.9.10.2881	1	6.0	6	IncFII
3.6.7.9.10.2871	1	9.0	9	IncN
3.6.7.9.10.2853	1	10.0	10	IncFII
3.6.7.9.10.2818	1	36.0	36	IncFII
3.6.7.9.10.2802	1	24.0	24	IncFII
3.6.7.9.10.2787	1	2.0	2	IncFII
3.6.7.9.10.2772	1	5.0	5	IncFII
3.6.7.9.10.3318	1	1.0	1	IncFII
3.6.7.9.10.3321	1	5.0	5	IncFII
3.6.7.9.10.3332	1	4.0	4	IncFII
3.6.7.9.10.358	1	5.0	5	IncFIB
3.6.7.9.10.3792	1	4.0	4	IncFII
3.6.7.9.10.3748	1	2.0	2	IncFII
3.6.7.9.10.3744	1	3.0	3	IncFII
3.6.7.9.10.3718	1	2.0	2	IncFII
3.6.7.9.10.3672	1	7.0	7	IncN
3.6.7.9.10.3667	1	11.0	11	IncFII
3.6.7.9.10.3647	1	17.0	17	IncFII
3.6.7.9.10.3632	1	10.0	10	IncFII
3.6.7.9.10.3629	1	1.0	1	IncFII
3.6.7.9.10.3623	1	14.0	14	IncFII
3.6.7.9.10.3565	1	13.0	13	IncX1
3.6.7.9.10.3333	1	4.0	4	IncFII
3.6.7.9.10.3563	1	1.0	1	IncFII
3.6.7.9.10.3562	1	5.0	5	IncFII
3.6.7.9.10.3502	1	3.0	3	IncFII
3.6.7.9.10.3487	1	3.0	3	IncN
3.6.7.9.10.3455	1	6.0	6	IncFII
3.6.7.9.10.3441	1	1.0	1	IncFII
3.6.7.9.10.3437	1	14.0	14	IncFII
3.6.7.9.10.3424	1	6.0	6	IncFII
3.6.7.9.10.3386	1	2.0	2	IncFII
3.6.7.9.10.3364	1	9.0	9	IncFII
3.6.7.277.601.3181	1	1.0	1	IncX1
3.6.7.268.584.3815	1	4.0	4	IncFII
3.6.7.268.584.3106	1	3.0	3	IncFII
3.6.13.19.24.34	1	2.0	2	IncX3
3.6.49.240.497.1644	1	1.0	1	IncX1
3.6.49.240.497.1567	1	3.0	3	IncX1
3.6.49.240.475.3551	1	4.0	4	IncX1
3.6.41.286.620.3255	1	2.0	2	IncX1
3.6.41.261.565.3670	1	2.0	2	IncX1
3.6.41.261.565.2809	1	3.0	3	IncX1
3.6.41.261.544.2360	1	2.0	2	IncX1
3.6.37.249.649.3409	1	1.0	1	IncX1
3.6.37.249.511.2643	1	3.0	3	IncX1
3.6.37.249.511.2428	1	1.0	1	IncX1
3.6.37.249.511.1781	1	3.0	3	IncX1
3.6.21.98.216.394	1	1.0	1	IncX4
3.6.21.98.216.1479	1	2.0	2	IncX1
3.6.21.98.147.955	1	3.0	3	IncX4
3.6.21.98.147.3610	1	1.0	1	IncX1
3.6.21.98.147.2720	1	2.0	2	IncX1
3.6.21.98.147.254	1	5.0	5	IncX3
3.6.21.98.147.2368	1	4.0	4	IncX1
3.6.21.98.147.2239	1	5.0	5	IncX1
3.6.21.98.147.2173	1	1.0	1	IncX1
3.6.21.98.147.2013	1	7.0	7	IncX1
3.6.21.98.147.2003	1	3.0	3	IncX1
3.6.21.98.147.1564	1	2.0	2	IncX1
3.6.49.240.497.3498	1	3.0	3	IncX1
3.6.7.10.12.1018	1	4.0	4	IncX1
3.6.7.10.12.1231	1	1.0	1	IncX1
3.6.7.10.12.3051	1	3.0	3	IncX1
3.6.7.10.12.454	1	1.0	1	IncX3
3.6.7.10.12.3742	1	1.0	1	IncX1
3.6.7.10.12.3719	1	4.0	4	IncX1
3.6.7.10.12.3692	1	3.0	3	IncX1
3.6.7.10.12.3609	1	1.0	1	IncX1
3.6.7.10.12.3607	1	2.0	2	IncX1
3.6.7.10.12.3583	1	4.0	4	IncX1
3.6.7.10.12.3509	1	1.0	1	IncX1
3.6.7.10.12.3086	1	5.0	5	IncX1
3.6.7.10.12.3079	1	4.0	4	IncX1
3.6.7.10.12.2854	1	3.0	3	IncX1
3.6.7.10.12.14	1	3.0	3	IncX1
3.6.7.10.12.2650	1	2.0	2	IncX1
3.6.7.10.12.2431	1	4.0	4	IncX1
3.6.7.10.12.2429	1	2.0	2	IncX1
3.6.7.10.12.2298	1	4.0	4	IncX1
3.6.7.10.12.2283	1	2.0	2	IncX1
3.6.7.10.12.2217	1	5.0	5	IncX1
3.6.7.10.12.2150	1	4.0	4	IncX1
3.6.7.10.12.1829	1	5.0	5	IncX1
3.6.7.10.12.1517	1	5.0	5	IncX1
3.6.7.10.12.1407	1	2.0	2	IncX1
3.6.21.98.147.1379	1	1.0	1	IncX1
3.6.13.19.24.2652	1	2.0	2	IncX1
3.6.7.10.12.922	1	2.0	2	IncX3
3.6.13.19.24.2040	1	6.0	6	IncX1
3.4.8.11.443.1629	1	7.0	7	IncX1
3.4.8.11.443.1250	1	1.0	1	IncX1
3.4.8.11.443.1044	1	3.0	3	IncX1
3.4.8.11.327.3747	1	1.0	1	IncX1
3.4.8.11.327.3582	1	6.0	6	IncX1
3.4.8.11.327.3581	1	3.0	3	IncX1
3.4.8.11.327.3492	1	1.0	1	IncX1
3.4.8.11.327.3486	1	4.0	4	IncX1
3.4.8.11.327.2927	1	5.0	5	IncX1
3.4.8.11.327.1950	1	2.0	2	IncX1
3.4.8.11.327.1508	1	3.0	3	IncX1
3.4.8.11.247.2996	1	3.0	3	IncX1
3.4.8.11.247.2928	1	1.0	1	IncX1
3.4.8.11.247.1230	1	1.0	1	IncX1
3.4.8.11.13.3600	1	1.0	1	IncN
3.4.8.11.13.3553	1	9.0	9	IncX1
3.4.8.11.13.3438	1	5.0	5	IncN
3.4.8.11.13.3326	1	5.0	5	IncFII
3.4.8.11.13.3026	1	2.0	2	IncX1
3.4.8.11.13.2743	1	5.0	5	IncFII
3.4.8.11.13.2260	1	12.0	12	IncN
3.10.20.34.548.3446	1	1.0	1	IncX1
3.10.20.34.46.85	1	1.0	1	IncX4
3.4.8.11.443.2357	1	1.0	1	IncX1
3.4.8.11.510.1772	1	2.0	2	IncX1
3.4.8.11.510.2578	1	2.0	2	IncX1
3.4.8.70.424.3611	1	1.0	1	IncX1
3.6.13.19.24.2004	1	1.0	1	IncX1
3.6.13.19.24.1850	1	2.0	2	IncX1
3.6.13.19.24.1701	1	1.0	1	IncX1
3.4.8.70.98.950	1	1.0	1	IncI2
3.4.8.70.647.3393	1	1.0	1	IncX1
3.4.8.70.445.3407	1	1.0	1	IncX1
3.4.8.70.445.1373	1	1.0	1	IncX1
3.4.8.70.439.2745	1	1.0	1	IncX1
3.4.8.70.439.1935	1	2.0	2	IncX1
3.4.8.70.424.958	1	3.0	3	IncX4
3.4.8.70.201.1942	1	1.0	1	IncX1
3.4.8.11.568.2828	1	1.0	1	IncX1
3.4.8.70.201.1622	1	3.0	3	IncX1
3.4.8.70.201.1063	1	1.0	1	IncX1
3.4.8.314.683.3793	1	2.0	2	IncFII
3.4.8.236.464.1236	1	1.0	1	IncX1
3.4.8.144.570.3030	1	1.0	1	IncX1
3.4.8.11.643.3367	1	2.0	2	IncX1
3.4.8.11.614.3225	1	2.0	2	IncX1
3.4.8.11.569.3580	1	5.0	5	IncX1
3.4.8.11.569.3301	1	5.0	5	IncX1
3.4.8.11.569.2831	1	4.0	4	IncX1
3.6.7.10.12.695	1	2.0	2	IncX3
3.6.7.10.184.324	1	3.0	3	IncX3
3.6.7.20.674.3774	1	1.0	1	IncX1
3.6.7.20.202.1775	1	2.0	2	IncFII
3.6.7.20.25.1048	1	1.0	1	IncX1
3.6.7.20.202.935	1	7.0	7	IncHI2
3.6.7.20.202.400	1	13.0	13	IncHI1
3.6.7.20.202.3736	1	3.0	3	IncN
3.6.7.20.202.361	1	4.0	4	IncR
3.6.7.20.202.3526	1	14.0	14	IncX1
3.6.7.20.202.3489	1	3.0	3	IncN
3.6.7.20.202.3474	1	3.0	3	IncN
3.6.7.20.202.3365	1	12.0	12	IncX1
3.6.7.20.202.3128	1	7.0	7	IncFII
3.6.7.20.202.3084	1	5.0	5	IncX1
3.6.7.20.202.3040	1	4.0	4	IncX1
3.6.7.20.202.2924	1	8.0	8	IncFII
3.6.7.20.202.2834	1	5.0	5	IncX1
3.6.7.20.202.2637	1	6.0	6	IncX1
3.6.7.20.202.2587	1	4.0	4	IncX1
3.6.7.20.202.2577	1	15.0	15	IncX1
3.6.7.20.202.2475	1	3.0	3	IncN
3.6.7.20.202.2426	1	1.0	1	IncX1
3.6.7.20.202.2346	1	7.0	7	IncN
3.6.7.20.202.2233	1	1.0	1	IncX1
3.6.7.20.202.1996	1	4.0	4	IncX1
3.6.7.20.202.1977	1	5.0	5	IncX1
3.6.7.20.25.1973	1	6.0	6	IncX1
3.6.7.20.25.2151	1	6.0	6	IncX1
3.6.7.20.25.2539	1	5.0	5	IncX1
3.6.7.20.438.1022	1	7.0	7	IncFII
3.6.7.20.664.3658	1	14.0	14	IncX1
3.6.7.20.653.3525	1	2.0	2	IncX1
3.6.7.20.539.2268	1	1.0	1	IncX1
3.6.7.20.536.2861	1	5.0	5	IncX1
3.6.7.20.536.2234	1	6.0	6	IncX1
3.6.7.20.476.2989	1	4.0	4	IncX1
3.6.7.20.476.1323	1	10.0	10	IncX1
3.6.7.20.462.2852	1	7.0	7	IncX1
3.6.7.20.448.1503	1	2.0	2	IncX1
3.6.7.20.438.3456	1	2.0	2	IncN
3.6.7.20.435.2179	1	6.0	6	IncX1
3.6.7.20.25.3027	1	4.0	4	IncX1
3.6.7.20.435.1480	1	6.0	6	IncX1
3.6.7.20.435.1087	1	10.0	10	IncFII
3.6.7.20.435.1010	1	8.0	8	IncN
3.6.7.20.25.984	1	5.0	5	IncX3
3.6.7.20.25.697	1	5.0	5	IncX3
3.6.7.20.25.62	1	1.0	1	IncX3
3.6.7.20.25.3620	1	4.0	4	IncX1
3.6.7.20.25.3494	1	7.0	7	IncX1
3.6.7.20.25.3250	1	6.0	6	IncX1
3.6.7.20.25.3031	1	8.0	8	IncX1
3.6.7.20.202.1954	1	15.0	15	IncN
3.6.7.20.202.1743	1	16.0	16	IncN
3.6.7.10.457.2236	1	9.0	9	IncX1
3.6.7.20.202.1366	1	1.0	1	IncFII
3.6.7.10.70.237	1	5.0	5	IncHI2
3.6.7.10.70.2340	1	21.0	21	IncN
3.6.7.10.70.2326	1	3.0	3	IncX1
3.6.7.10.70.2235	1	6.0	6	IncX1
3.6.7.10.70.1998	1	4.0	4	IncX1
3.6.7.10.70.1981	1	4.0	4	IncX1
3.6.7.10.70.1945	1	5.0	5	IncX1
3.6.7.10.70.1873	1	4.0	4	IncX1
3.6.7.10.70.1825	1	1.0	1	IncFII
3.6.7.10.70.1742	1	3.0	3	IncX1
3.6.7.10.70.1460	1	6.0	6	IncX1
3.6.7.10.70.1458	1	11.0	11	IncFII
3.6.7.10.70.1406	1	5.0	5	IncFII
3.6.7.10.70.1388	1	17.0	17	IncN
3.6.7.10.652.3524	1	1.0	1	IncX1
3.6.7.10.579.3845	1	2.0	2	IncX1
3.6.7.10.579.3000	1	4.0	4	IncX1
3.6.7.10.547.3622	1	15.0	15	IncX1
3.6.7.10.547.2385	1	14.0	14	IncX1
3.6.7.10.471.2856	1	1.0	1	IncFII
3.6.7.10.463.1233	1	1.0	1	IncX1
3.6.7.10.457.3410	1	3.0	3	IncX1
3.6.7.10.457.2359	1	4.0	4	IncX1
3.6.7.10.70.2444	1	6.0	6	IncX1
3.6.7.10.70.2661	1	27.0	27	IncN
3.6.7.10.70.2800	1	36.0	36	IncX1
3.6.7.186.328.3602	1	3.0	3	IncX1
3.6.7.20.202.1203	1	2.0	2	IncX1
3.6.7.20.202.1186	1	1.0	1	IncN
3.6.7.186.535.2213	1	1.0	1	IncX1
3.6.7.186.533.2188	1	1.0	1	IncX1
3.6.7.186.530.3660	1	5.0	5	IncX1
3.6.7.186.530.2164	1	3.0	3	IncX1
3.6.7.186.530.2141	1	13.0	13	IncX1
3.6.7.186.444.3626	1	2.0	2	IncN
3.6.7.186.444.2693	1	1.0	1	IncN
3.6.7.186.444.1046	1	2.0	2	IncN
3.6.7.142.248.461	1	1.0	1	IncFIB
3.6.7.10.70.3298	1	3.0	3	IncX1
3.6.7.113.573.2875	1	13.0	13	IncX1
3.6.7.113.563.3731	1	5.0	5	IncX1
3.6.7.113.563.2728	1	5.0	5	IncX1
3.6.7.113.211.382	1	1.0	1	ColE
3.6.7.10.70.716	1	9.0	9	IncHI2
3.6.7.10.70.637	1	1.0	1	IncHI1
3.6.7.10.70.503	1	13.0	13	IncFIB
3.6.7.10.70.3662	1	20.0	20	IncN
3.6.7.10.70.3657	1	12.0	12	IncX1
3.6.7.10.70.3517	1	7.0	7	IncX1
3.6.7.9.14.3666	1	11.0	11	IncX1
3.6.7.9.14.3668	1	1.0	1	IncX1
3.6.7.9.14.3688	1	2.0	2	IncX1
4.5.6.7.20.1028	1	9.0	9	IncN
4.5.6.7.20.1844	1	2.0	2	IncN
4.5.6.7.20.1843	1	6.0	6	IncN
4.5.6.7.20.1802	1	18.0	18	IncFII
4.5.6.7.20.1799	1	1.0	1	IncFII
4.5.6.7.20.1728	1	11.0	11	IncN
4.5.6.7.20.1721	1	6.0	6	IncFII
4.5.6.7.20.170	1	15.0	15	IncR
4.5.6.7.20.1656	1	8.0	8	IncFII
4.5.6.7.20.1608	1	7.0	7	IncFII
4.5.6.7.20.1553	1	13.0	13	IncN
4.5.6.7.20.1540	1	9.0	9	IncFII
4.5.6.7.20.1539	1	4.0	4	IncN
4.5.6.7.20.1525	1	15.0	15	IncFII
4.5.6.7.20.1524	1	7.0	7	IncFII
4.5.6.7.20.1518	1	10.0	10	IncFII
4.5.6.7.20.1486	1	4.0	4	IncFII
4.5.6.7.20.1473	1	9.0	9	IncFII
4.5.6.7.20.1470	1	4.0	4	IncN
4.5.6.7.20.1417	1	3.0	3	IncFII
4.5.6.7.20.1374	1	4.0	4	IncFII
4.5.6.7.20.1336	1	2.0	2	IncN
4.5.6.7.20.1181	1	8.0	8	IncN
4.5.6.7.20.1135	1	10.0	10	IncN
4.5.6.7.20.1877	1	14.0	14	IncFII
4.5.6.7.20.1946	1	13.0	13	IncX1
4.5.6.7.20.1949	1	9.0	9	IncFII
4.5.6.7.20.2264	1	7.0	7	IncFII
4.5.6.7.20.2396	1	11.0	11	IncX1
4.5.6.7.20.2395	1	12.0	12	IncX1
4.5.6.7.20.2381	1	12.0	12	IncFII
4.5.6.7.20.2372	1	10.0	10	IncFII
4.5.6.7.20.2361	1	2.0	2	IncN
4.5.6.7.20.2339	1	15.0	15	IncN
4.5.6.7.20.2321	1	7.0	7	IncFII
4.5.6.7.20.2314	1	8.0	8	IncFII
4.5.6.7.20.2273	1	8.0	8	IncFII
4.5.6.7.20.2269	1	6.0	6	IncX1
4.5.6.7.20.2228	1	18.0	18	IncFII
2.14.33.86.556.2595	1	6.0	6	IncN
4.5.6.7.20.2221	1	8.0	8	IncFII
4.5.6.7.20.2212	1	9.0	9	IncX1
4.5.6.7.20.2178	1	24.0	24	IncX1
4.5.6.7.20.2091	1	11.0	11	IncFII
4.5.6.7.20.208	1	10.0	10	IncR
4.5.6.7.20.2043	1	12.0	12	IncN
4.5.6.7.20.2038	1	8.0	8	IncX1
4.5.6.7.20.2036	1	13.0	13	IncX1
4.5.6.7.20.2021	1	6.0	6	IncN
4.5.6.7.20.1989	1	13.0	13	IncFII
4.5.6.7.20.1045	1	3.0	3	IncN
4.5.6.7.11.3759	1	1.0	1	IncFII
4.5.6.7.20.2458	1	8.0	8	IncFII
4.5.6.7.11.3733	1	1.0	1	IncFII
4.5.6.7.11.3206	1	1.0	1	IncFII
4.5.6.7.11.3119	1	11.0	11	IncFII
4.5.6.7.11.3070	1	9.0	9	IncFII
4.5.6.7.11.3060	1	5.0	5	IncFII
4.5.6.7.11.3052	1	5.0	5	IncFII
4.5.6.7.11.3050	1	10.0	10	IncFII
4.5.6.7.11.3044	1	4.0	4	IncFII
4.5.6.7.11.3032	1	6.0	6	IncFII
4.5.6.7.11.2976	1	10.0	10	IncFII
4.5.6.7.11.2963	1	4.0	4	IncFII
4.5.6.7.11.2943	1	1.0	1	IncFII
4.5.6.7.11.2886	1	7.0	7	IncFII
4.5.6.7.11.2845	1	2.0	2	IncFII
4.5.6.7.11.2822	1	1.0	1	IncFII
4.5.6.7.11.2764	1	4.0	4	IncFII
4.5.6.7.11.2763	1	3.0	3	IncFII
4.5.6.7.11.2691	1	7.0	7	IncFII
4.5.6.7.11.2675	1	3.0	3	IncFII
4.5.6.7.11.2647	1	11.0	11	IncFII
4.5.6.7.11.2635	1	4.0	4	IncFII
4.5.6.7.11.2632	1	7.0	7	IncFII
4.5.6.7.11.2624	1	10.0	10	IncFII
4.5.6.7.11.2605	1	5.0	5	IncFII
4.5.6.7.11.3208	1	5.0	5	IncFII
4.5.6.7.11.3264	1	3.0	3	IncFII
4.5.6.7.11.3299	1	5.0	5	IncFII
4.5.6.7.11.3544	1	4.0	4	IncFII
4.5.6.7.11.3694	1	9.0	9	IncFII
4.5.6.7.11.3685	1	5.0	5	IncFII
4.5.6.7.11.3673	1	7.0	7	IncFII
4.5.6.7.11.3654	1	9.0	9	IncN
4.5.6.7.11.3624	1	10.0	10	IncFII
4.5.6.7.11.3618	1	2.0	2	IncFII
4.5.6.7.11.3590	1	1.0	1	IncFII
4.5.6.7.11.3578	1	10.0	10	IncFII
4.5.6.7.11.3546	1	2.0	2	IncFII
4.5.6.7.11.3545	1	6.0	6	IncFII
4.5.6.7.11.3521	1	6.0	6	IncFII
4.5.6.7.11.3312	1	8.0	8	IncFII
4.5.6.7.11.3476	1	2.0	2	IncFII
4.5.6.7.11.3472	1	4.0	4	IncFII
4.5.6.7.11.3454	1	14.0	14	IncFII
4.5.6.7.11.3452	1	6.0	6	IncN
4.5.6.7.11.3413	1	8.0	8	IncFII
4.5.6.7.11.3368	1	17.0	17	IncFII
4.5.6.7.11.3361	1	4.0	4	IncFII
4.5.6.7.11.3350	1	3.0	3	IncFII
4.5.6.7.11.3335	1	10.0	10	IncFII
4.5.6.7.11.3334	1	8.0	8	IncFII
4.5.6.7.20.2439	1	17.0	17	IncFII
4.5.6.7.20.2460	1	6.0	6	IncFII
4.5.6.7.11.2568	1	1.0	1	IncFII
4.5.6.7.20.3307	1	17.0	17	IncX1
4.5.6.7.20.3630	1	6.0	6	IncN
4.5.6.7.20.3606	1	18.0	18	IncFII
4.5.6.7.20.3594	1	1.0	1	IncFII
4.5.6.7.20.3577	1	2.0	2	IncFII
4.5.6.7.20.3572	1	10.0	10	IncFII
4.5.6.7.20.3564	1	19.0	19	IncX1
4.5.6.7.20.3560	1	4.0	4	IncFII
4.5.6.7.20.3557	1	18.0	18	IncFII
4.5.6.7.20.3547	1	12.0	12	IncN
4.5.6.7.20.3527	1	3.0	3	IncN
4.5.6.7.20.3512	1	16.0	16	IncFII
4.5.6.7.20.3477	1	1.0	1	IncFII
4.5.6.7.20.3471	1	11.0	11	IncN
4.5.6.7.20.3462	1	5.0	5	IncFII
4.5.6.7.20.3443	1	18.0	18	IncX1
4.5.6.7.20.3442	1	5.0	5	IncN
4.5.6.7.20.3436	1	5.0	5	IncFII
4.5.6.7.20.3434	1	10.0	10	IncN
4.5.6.7.20.3403	1	15.0	15	IncN
4.5.6.7.20.3402	1	4.0	4	IncN
4.5.6.7.20.3384	1	18.0	18	IncN
4.5.6.7.20.3382	1	11.0	11	IncFII
4.5.6.7.20.3359	1	9.0	9	IncFII
4.5.6.7.20.3648	1	12.0	12	IncFII
4.5.6.7.20.3649	1	12.0	12	IncFII
4.5.6.7.20.3653	1	10.0	10	IncN
4.5.6.7.20.59	1	6.0	6	IncFIB
4.5.6.7.21.1092	1	5.0	5	IncN
4.5.6.7.21.1091	1	1.0	1	IncFII
4.5.6.7.21.1089	1	12.0	12	IncFII
4.5.6.7.21.1081	1	8.0	8	IncN
4.5.6.7.21.1008	1	10.0	10	IncFII
4.5.6.7.20.986	1	10.0	10	IncR
4.5.6.7.20.947	1	9.0	9	IncR
4.5.6.7.20.946	1	10.0	10	IncR
4.5.6.7.20.945	1	12.0	12	IncR
4.5.6.7.20.711	1	5.0	5	IncHI1
4.5.6.7.20.54	1	6.0	6	IncFIB
4.5.6.7.20.3655	1	7.0	7	IncN
4.5.6.7.20.451	1	11.0	11	IncR
4.5.6.7.20.3783	1	1.0	1	IncFII
4.5.6.7.20.3749	1	2.0	2	IncFII
4.5.6.7.20.3735	1	15.0	15	IncN
4.5.6.7.20.3713	1	2.0	2	IncN
4.5.6.7.20.371	1	9.0	9	IncR
4.5.6.7.20.3708	1	10.0	10	IncN
4.5.6.7.20.3707	1	7.0	7	IncN
4.5.6.7.20.3706	1	6.0	6	IncN
4.5.6.7.20.3656	1	6.0	6	IncFII
4.5.6.7.20.3320	1	7.0	7	IncN
4.5.6.7.20.3304	1	9.0	9	IncN
4.5.6.7.20.2471	1	1.0	1	IncFII
4.5.6.7.20.3302	1	4.0	4	IncN
4.5.6.7.20.2799	1	12.0	12	IncFII
4.5.6.7.20.2797	1	4.0	4	IncN
4.5.6.7.20.2795	1	6.0	6	IncFII
4.5.6.7.20.2790	1	6.0	6	IncFII
4.5.6.7.20.2778	1	3.0	3	IncN
4.5.6.7.20.2746	1	18.0	18	IncX1
4.5.6.7.20.2739	1	11.0	11	IncX1
4.5.6.7.20.2699	1	4.0	4	IncN
4.5.6.7.20.2697	1	2.0	2	IncN
4.5.6.7.20.2688	1	11.0	11	IncX1
4.5.6.7.20.2657	1	4.0	4	IncFII
4.5.6.7.20.2629	1	21.0	21	IncFII
4.5.6.7.20.2628	1	10.0	10	IncFII
4.5.6.7.20.2617	1	17.0	17	IncX1
4.5.6.7.20.2599	1	10.0	10	IncN
4.5.6.7.20.2593	1	1.0	1	IncFII
4.5.6.7.20.2590	1	12.0	12	IncFII
4.5.6.7.20.2584	1	10.0	10	IncFII
4.5.6.7.20.2574	1	15.0	15	IncN
4.5.6.7.20.2570	1	4.0	4	IncN
4.5.6.7.20.2558	1	10.0	10	IncFII
4.5.6.7.20.2521	1	28.0	28	IncFII
4.5.6.7.20.2491	1	6.0	6	IncFII
4.5.6.7.20.2810	1	6.0	6	IncFII
4.5.6.7.20.2811	1	2.0	2	IncFII
4.5.6.7.20.2846	1	4.0	4	IncN
4.5.6.7.20.3042	1	7.0	7	IncX1
4.5.6.7.20.3294	1	2.0	2	IncFII
4.5.6.7.20.3286	1	9.0	9	IncN
4.5.6.7.20.3282	1	9.0	9	IncFII
4.5.6.7.20.3278	1	5.0	5	IncN
4.5.6.7.20.3219	1	2.0	2	IncFII
4.5.6.7.20.3218	1	1.0	1	IncFII
4.5.6.7.20.3076	1	12.0	12	IncFII
4.5.6.7.20.3075	1	12.0	12	IncFII
4.5.6.7.20.3069	1	8.0	8	IncFII
4.5.6.7.20.3049	1	10.0	10	IncN
4.5.6.7.20.3033	1	3.0	3	IncFII
4.5.6.7.20.2851	1	2.0	2	IncFII
4.5.6.7.20.3019	1	6.0	6	IncN
4.5.6.7.20.3018	1	7.0	7	IncN
4.5.6.7.20.3007	1	14.0	14	IncFII
4.5.6.7.20.2998	1	3.0	3	IncFII
4.5.6.7.20.2995	1	4.0	4	IncN
4.5.6.7.20.2965	1	4.0	4	IncFII
4.5.6.7.20.2948	1	14.0	14	IncFII
4.5.6.7.20.2947	1	2.0	2	IncFII
4.5.6.7.20.2942	1	2.0	2	IncFII
4.5.6.7.20.29	1	9.0	9	IncR
4.5.6.7.11.2575	1	2.0	2	IncFII
4.5.6.7.11.2532	1	13.0	13	IncFII
3.6.7.9.14.44	1	1.0	1	IncHI1
3.6.7.9.200.3203	1	5.0	5	IncFII
3.6.7.9.238.2267	1	1.0	1	IncN
3.6.7.9.238.1860	1	8.0	8	IncX1
3.6.7.9.238.1757	1	1.0	1	IncFII
3.6.7.9.238.1184	1	4.0	4	IncFII
3.6.7.9.238.1101	1	4.0	4	IncN
3.6.7.9.200.970	1	8.0	8	IncR
3.6.7.9.200.969	1	8.0	8	IncR
3.6.7.9.200.534	1	1.0	1	IncFIB
3.6.7.9.200.514	1	1.0	1	IncFIB
3.6.7.9.200.387	1	1.0	1	IncFIB
3.6.7.9.200.386	1	10.0	10	IncR
3.6.7.9.200.3751	1	4.0	4	IncFII
3.6.7.9.200.3720	1	7.0	7	IncFII
3.6.7.9.200.3697	1	5.0	5	IncX1
3.6.7.9.200.3612	1	10.0	10	IncX1
3.6.7.9.200.3579	1	4.0	4	IncFII
3.6.7.9.200.3570	1	7.0	7	IncN
3.6.7.9.200.3568	1	6.0	6	IncFII
3.6.7.9.200.356	1	3.0	3	IncX1
3.6.7.9.200.3550	1	12.0	12	IncX1
3.6.7.9.200.3429	1	19.0	19	IncX1
3.6.7.9.200.3389	1	4.0	4	IncN
3.6.7.9.200.3324	1	5.0	5	IncFII
3.6.7.9.238.465	1	4.0	4	IncI
3.6.7.9.238.628	1	3.0	3	IncI
3.6.7.9.238.692	1	5.0	5	IncI1
3.6.7.9.286.3198	1	1.0	1	IncFII
3.6.7.9.90.1733	1	7.0	7	IncFII
3.6.7.9.90.157	1	14.0	14	IncA
3.6.7.9.90.1462	1	10.0	10	IncFII
3.6.7.9.90.1396	1	14.0	14	IncN
3.6.7.9.90.1290	1	8.0	8	IncX1
3.6.7.9.657.3536	1	2.0	2	IncN
3.6.7.9.559.2689	1	9.0	9	IncX1
3.6.7.9.558.2638	1	10.0	10	IncX1
3.6.7.9.540.2323	1	4.0	4	IncFII
3.6.7.9.286.3432	1	3.0	3	IncN
3.6.7.9.286.2706	1	4.0	4	IncFII
3.6.7.9.238.924	1	1.0	1	IncI1
3.6.7.9.286.1421	1	6.0	6	IncFII
3.6.7.9.28.3515	1	7.0	7	IncN
3.6.7.9.28.323	1	3.0	3	IncX3
3.6.7.9.28.2932	1	16.0	16	IncFII
3.6.7.9.28.2408	1	3.0	3	IncX1
3.6.7.9.28.1361	1	9.0	9	IncN
3.6.7.9.28.1324	1	10.0	10	IncX1
3.6.7.9.238.963	1	4.0	4	IncI
3.6.7.9.238.960	1	1.0	1	IncI
3.6.7.9.238.954	1	8.0	8	IncI
3.6.7.9.200.3289	1	2.0	2	IncFII
3.6.7.9.200.3092	1	8.0	8	IncFII
3.6.7.9.90.1936	1	14.0	14	IncFII
3.6.7.9.200.3072	1	1.0	1	IncN
3.6.7.9.200.1769	1	11.0	11	IncX1
3.6.7.9.200.1745	1	6.0	6	IncX1
3.6.7.9.200.1744	1	9.0	9	IncX1
3.6.7.9.200.1739	1	8.0	8	IncX1
3.6.7.9.200.1725	1	3.0	3	IncFII
3.6.7.9.200.1702	1	12.0	12	IncFII
3.6.7.9.200.1676	1	1.0	1	IncFII
3.6.7.9.200.1626	1	6.0	6	IncFII
3.6.7.9.200.1505	1	8.0	8	IncFII
3.6.7.9.200.1485	1	2.0	2	IncN
3.6.7.9.200.1430	1	6.0	6	IncX1
3.6.7.9.200.1238	1	9.0	9	IncX1
3.6.7.9.200.1222	1	6.0	6	IncX1
3.6.7.9.200.1177	1	7.0	7	IncN
3.6.7.9.200.1176	1	6.0	6	IncN
3.6.7.9.200.1175	1	4.0	4	IncFII
3.6.7.9.200.1164	1	4.0	4	IncFII
3.6.7.9.200.1148	1	1.0	1	IncFII
3.6.7.9.200.1147	1	2.0	2	IncFII
3.6.7.9.181.939	1	1.0	1	IncI
3.6.7.9.14.977	1	1.0	1	IncN
3.6.7.9.14.923	1	3.0	3	IncFIB
3.6.7.9.14.634	1	1.0	1	IncHI1
3.6.7.9.200.1804	1	16.0	16	IncX1
3.6.7.9.200.1861	1	8.0	8	IncX1
3.6.7.9.200.1929	1	4.0	4	IncX1
3.6.7.9.200.2646	1	5.0	5	IncFII
3.6.7.9.200.3045	1	12.0	12	IncX1
3.6.7.9.200.3037	1	7.0	7	IncFII
3.6.7.9.200.2907	1	13.0	13	IncX1
3.6.7.9.200.2762	1	1.0	1	IncFII
3.6.7.9.200.2756	1	17.0	17	IncN
3.6.7.9.200.2737	1	7.0	7	IncX1
3.6.7.9.200.2732	1	1.0	1	IncN
3.6.7.9.200.2729	1	11.0	11	IncFII
3.6.7.9.200.2727	1	4.0	4	IncN
3.6.7.9.200.2687	1	6.0	6	IncFII
3.6.7.9.200.2564	1	6.0	6	IncFII
3.6.7.9.200.1947	1	12.0	12	IncX1
3.6.7.9.200.2519	1	12.0	12	IncFII
3.6.7.9.200.2515	1	9.0	9	IncX1
3.6.7.9.200.2425	1	10.0	10	IncX1
3.6.7.9.200.2423	1	2.0	2	IncX1
3.6.7.9.200.2421	1	2.0	2	IncFII
3.6.7.9.200.2299	1	8.0	8	IncX1
3.6.7.9.200.2240	1	6.0	6	IncFII
3.6.7.9.200.2237	1	6.0	6	IncX1
3.6.7.9.200.2214	1	2.0	2	IncX1
3.6.7.9.200.2042	1	7.0	7	IncX1
3.6.7.9.90.1734	1	12.0	12	IncX1
3.6.7.9.90.2017	1	16.0	16	IncFII
4.5.6.7.11.2500	1	2.0	2	IncFII
4.5.6.59.79.138	1	1.0	1	ColRNAI
4.5.6.7.11.1837	1	1.0	1	IncFII
4.5.6.7.11.1808	1	5.0	5	IncFII
4.5.6.7.11.1738	1	5.0	5	IncFII
4.5.6.7.11.1724	1	3.0	3	IncFII
4.5.6.7.11.1723	1	1.0	1	IncFII
4.5.6.7.11.1698	1	5.0	5	IncFII
4.5.6.7.11.1679	1	3.0	3	IncFII
4.5.6.7.11.1634	1	7.0	7	IncFII
4.5.6.7.11.1598	1	3.0	3	IncFII
4.5.6.7.11.1584	1	1.0	1	IncFII
4.5.6.7.11.1447	1	9.0	9	IncFII
4.5.6.7.11.1442	1	4.0	4	IncFII
4.5.6.7.11.1414	1	9.0	9	IncFII
4.5.6.7.11.1393	1	6.0	6	IncFII
4.5.6.7.11.1357	1	32.0	32	IncFII
4.5.6.7.11.1264	1	3.0	3	IncFII
4.5.6.7.11.1257	1	4.0	4	IncFII
4.5.6.7.11.1199	1	6.0	6	IncFII
4.5.6.7.11.1170	1	6.0	6	IncFII
4.5.6.7.11.1141	1	16.0	16	IncFII
4.5.6.7.11.1130	1	5.0	5	IncFII
4.5.6.7.11.1129	1	7.0	7	IncN
4.5.6.7.11.1051	1	1.0	1	IncFII
4.5.6.7.11.1898	1	19.0	19	IncX1
4.5.6.7.11.1901	1	6.0	6	IncFII
4.5.6.7.11.1964	1	6.0	6	IncFII
4.5.6.7.11.2265	1	7.0	7	IncFII
4.5.6.7.11.2483	1	3.0	3	IncN
4.5.6.7.11.2477	1	19.0	19	IncFII
4.5.6.7.11.2398	1	10.0	10	IncFII
4.5.6.7.11.2375	1	11.0	11	IncFII
4.5.6.7.11.2367	1	9.0	9	IncFII
4.5.6.7.11.2347	1	5.0	5	IncFII
4.5.6.7.11.2342	1	3.0	3	IncFII
4.5.6.7.11.2325	1	6.0	6	IncFII
4.5.6.7.11.2308	1	8.0	8	IncFII
4.5.6.7.11.2294	1	3.0	3	IncFII
4.5.6.7.11.2246	1	3.0	3	IncFII
4.5.6.7.11.1983	1	7.0	7	IncFII
4.5.6.7.11.2229	1	17.0	17	IncFII
4.5.6.7.11.2218	1	7.0	7	IncFII
4.5.6.7.11.2203	1	11.0	11	IncN
4.5.6.7.11.2195	1	7.0	7	IncFII
4.5.6.7.11.2191	1	9.0	9	IncFII
4.5.6.7.11.2100	1	7.0	7	IncFII
4.5.6.7.11.2031	1	4.0	4	IncFII
4.5.6.7.11.2007	1	2.0	2	IncFII
4.5.6.7.11.1987	1	3.0	3	IncFII
4.5.6.7.11.1984	1	8.0	8	IncFII
4.5.6.7.11.1007	1	6.0	6	IncFII
4.5.6.59.78.3680	1	3.0	3	IncFII
3.6.7.9.90.2300	1	16.0	16	IncX1
4.5.6.59.78.3587	1	1.0	1	IncFII
4.5.6.21.26.983	1	16.0	16	IncC
4.5.6.21.26.45	1	4.0	4	IncA
4.5.6.21.26.244	1	5.0	5	IncA
4.5.6.21.26.236	1	11.0	11	IncAC2
4.5.6.21.26.205	1	17.0	17	IncAC2
4.5.6.21.26.1298	1	12.0	12	IncN
4.5.6.21.246.456	1	4.0	4	IncFIB
4.5.6.21.241.444	1	1.0	1	ColRNAI
4.5.43.99.149.362	1	2.0	2	ColRNAI
4.5.34.71.99.364	1	1.0	1	ColRNAI
4.5.34.71.99.259	1	1.0	1	ColRNAI
4.5.23.225.428.981	1	2.0	2	ColE
3.6.7.9.90.918	1	17.0	17	IncFIB
3.6.7.9.90.568	1	17.0	17	IncR
3.6.7.9.90.532	1	4.0	4	IncF
3.6.7.9.90.3842	1	11.0	11	IncFII
3.6.7.9.90.3717	1	13.0	13	IncFII
3.6.7.9.90.3646	1	11.0	11	IncFII
3.6.7.9.90.3621	1	15.0	15	IncX1
3.6.7.9.90.3313	1	9.0	9	IncX1
3.6.7.9.90.3308	1	17.0	17	IncFII
3.6.7.9.90.2835	1	8.0	8	IncX1
3.6.7.9.90.2609	1	8.0	8	IncX1
4.5.6.21.498.2167	1	16.0	16	IncFII
4.5.6.21.498.2567	1	7.0	7	IncFII
4.5.6.22.34.2277	1	1.0	1	IncFII
4.5.6.59.472.2420	1	1.0	1	IncFII
4.5.6.59.78.136	1	2.0	2	ColRNAI
4.5.6.59.78.1254	1	4.0	4	IncFII
4.5.6.59.78.1071	1	1.0	1	IncFII
4.5.6.59.625.3269	1	9.0	9	IncFII
4.5.6.59.550.2476	1	23.0	23	IncFII
4.5.6.59.494.3784	1	1.0	1	IncFII
4.5.6.59.494.3574	1	4.0	4	IncFII
4.5.6.59.494.3518	1	1.0	1	IncN
4.5.6.59.494.3020	1	2.0	2	IncFII
4.5.6.59.472.3002	1	3.0	3	IncFII
4.5.6.59.472.1293	1	1.0	1	IncFII
4.5.6.22.434.2644	1	6.0	6	IncFII
4.5.6.51.69.124	1	3.0	3	IncFIB
4.5.6.306.666.3686	1	5.0	5	IncX1
4.5.6.259.701.3844	1	2.0	2	IncX1
4.5.6.259.534.2201	1	3.0	3	IncX1
4.5.6.235.459.2786	1	1.0	1	IncX1
4.5.6.224.423.2292	1	1.0	1	IncFII
4.5.6.224.423.1789	1	1.0	1	IncFII
4.5.6.224.423.1437	1	1.0	1	IncN
4.5.6.22.622.3592	1	1.0	1	IncFII
4.5.6.22.501.1632	1	1.0	1	IncFII
4.5.87.253.519.1958	1	1.0	1	IncFII
