pLIN	n_plasmids	mean_amr	total_amr	inc_types
1.1.1.7.30.1240	657	6.919330289193303	4546	IncFII, IncN
1.1.1.7.30.1313	225	5.551111111111111	1249	IncFII, IncN, IncX1
1.1.1.7.30.1346	148	7.506756756756757	1111	IncFII
1.1.1.7.30.1248	111	6.8108108108108105	756	IncFII
1.1.1.7.30.743	108	15.75	1701	IncFII, IncN, IncX1
1.1.1.7.30.567	90	13.21111111111111	1189	IncN
1.1.1.7.30.1271	88	6.840909090909091	602	IncFII, IncX1
1.1.1.7.30.1099	87	5.0344827586206895	438	IncFII
1.1.1.7.30.1135	79	4.9113924050632916	388	IncFII
1.1.1.7.30.1270	70	4.242857142857143	297	IncFII
1.1.1.7.30.1330	60	5.0	300	IncFII
1.1.1.7.30.644	51	6.078431372549019	310	IncN
1.1.1.7.30.968	43	3.697674418604651	159	IncFII
1.1.1.7.30.1166	41	8.414634146341463	345	IncFII, IncN
1.1.1.7.30.649	34	2.176470588235294	74	IncN
1.1.1.7.30.1336	32	4.84375	155	IncFII, IncN
1.1.1.7.30.1237	29	3.9310344827586206	114	IncFII
1.1.1.7.30.1162	27	8.222222222222221	222	IncFII
1.1.1.7.30.572	27	5.851851851851852	158	IncN
1.1.1.7.30.1326	26	4.0	104	IncFII
1.1.1.7.30.648	24	5.0	120	IncN
1.1.1.7.30.1223	21	1.6666666666666667	35	IncFII
1.1.1.7.30.1344	21	17.142857142857142	360	IncFII
1.1.1.7.30.1343	20	7.35	147	IncFII
1.1.1.7.30.555	19	2.0526315789473686	39	IncN
1.1.1.7.30.1067	18	3.7777777777777777	68	IncFII
1.1.1.7.30.356	16	1.25	20	IncN
1.1.1.7.30.1262	16	4.5625	73	IncFII
1.1.1.7.30.1233	16	9.875	158	IncFII, IncN
1.1.1.7.30.1311	15	1.0	15	IncFII
1.1.1.7.30.1121	15	17.2	258	IncFII
1.1.1.7.30.1212	14	1.8571428571428572	26	IncFII
1.1.1.7.30.816	14	9.285714285714286	130	IncX1
1.1.1.7.30.839	13	5.076923076923077	66	IncFII
1.1.1.7.30.597	13	10.153846153846153	132	IncN
1.1.1.7.30.344	12	2.0	24	IncN
1.1.1.7.30.642	12	4.25	51	IncN
1.1.1.7.30.253	12	5.0	60	IncX1
1.1.1.7.30.568	12	1.1666666666666667	14	IncN
1.1.1.7.30.630	11	1.6363636363636365	18	IncN
1.1.1.7.30.622	10	11.9	119	IncN
1.1.1.7.30.1192	10	8.8	88	IncFII
1.1.1.7.30.1076	10	10.7	107	IncFII
1.1.1.7.30.164	10	1.0	10	IncN
1.1.1.7.30.796	10	5.9	59	IncFII
1.1.1.7.30.225	9	6.0	54	IncX1
1.1.1.7.30.1266	9	5.0	45	IncFII
1.1.1.7.30.1158	9	3.7777777777777777	34	IncFII
1.1.1.7.30.556	8	3.0	24	IncN
1.1.1.7.30.633	8	7.75	62	IncN
1.1.1.7.30.805	8	18.0	144	IncFII
1.1.1.7.30.636	8	7.0	56	IncN
1.1.1.7.30.187	8	2.125	17	IncX1
1.1.1.7.30.325	8	1.0	8	IncFII
1.1.1.7.30.362	8	8.0	64	IncN
1.1.1.7.30.1958	8	2.125	17	IncX1
1.1.1.7.30.1345	7	12.428571428571429	87	IncFII
1.1.1.7.30.1165	7	12.0	84	IncFII
1.1.1.7.30.1340	7	10.714285714285714	75	IncFII, IncX1
1.1.1.7.30.247	7	4.0	28	IncX1
1.1.1.7.30.1247	7	2.0	14	IncFII
1.1.1.7.30.765	6	1.0	6	IncFII
1.1.1.7.30.1108	6	3.5	21	IncFII
1.1.1.7.30.607	6	5.0	30	IncN
1.1.1.7.30.1106	6	5.0	30	IncFII
1.1.1.7.30.627	6	1.0	6	IncN
1.1.1.7.30.1043	6	2.6666666666666665	16	IncFII
1.1.1.7.30.261	6	6.0	36	IncX1
1.1.1.7.30.1235	6	10.333333333333334	62	IncFII
1.1.1.7.30.1059	6	7.833333333333333	47	IncFII
1.1.1.7.30.1161	6	10.0	60	IncFII
1.1.1.7.30.381	6	13.833333333333334	83	IncFII
1.1.1.7.30.550	6	3.0	18	IncN
1.1.1.7.30.1468	6	18.666666666666668	112	IncFII
1.1.1.7.30.1965	6	1.6666666666666667	10	IncX1
1.1.1.7.30.751	5	13.8	69	IncN, IncX1
1.1.1.7.30.935	5	3.0	15	IncFII
1.1.1.7.30.309	5	1.0	5	IncFII
1.1.1.7.30.1008	5	8.6	43	IncFII
1.1.1.7.30.563	5	6.0	30	IncN
1.1.1.7.30.619	5	5.6	28	IncN
1.1.1.7.30.228	5	6.2	31	IncX1
1.1.1.7.30.1050	5	2.0	10	IncFII
1.1.1.7.30.621	5	13.2	66	IncN
1.1.1.7.30.1184	5	3.8	19	IncFII
1.1.1.7.30.1095	5	1.6	8	IncFII
1.1.1.7.30.1086	5	10.8	54	IncFII
1.1.1.7.30.1071	5	10.8	54	IncFII
1.1.1.7.30.1264	5	5.6	28	IncFII
1.1.1.7.30.1074	5	7.2	36	IncFII
1.1.1.7.30.260	5	5.4	27	IncX1
1.1.1.7.30.509	5	9.0	45	IncN
1.1.1.7.30.1084	5	5.6	28	IncFII
1.1.1.7.30.949	5	7.2	36	IncN
1.1.1.7.30.961	4	4.0	16	IncFII
1.1.1.7.30.1312	4	6.25	25	IncFII
1.1.1.7.30.257	4	2.0	8	IncX1
1.1.1.7.30.910	4	1.75	7	IncFII
1.1.1.7.30.1093	4	7.0	28	IncFII
1.1.1.7.30.1342	4	14.5	58	IncFII
1.1.1.7.30.1229	4	13.5	54	IncFII
1.1.1.7.30.489	4	9.0	36	IncN
1.1.1.7.30.967	4	6.5	26	IncFII
1.1.1.7.30.1201	4	1.0	4	IncFII
1.1.1.7.30.984	4	10.25	41	IncFII
1.1.1.7.30.1070	4	3.5	14	IncFII
1.1.1.7.30.994	4	2.5	10	IncFII
1.1.1.7.30.1190	4	14.75	59	IncX1
1.1.1.7.30.1153	4	14.0	56	IncFII
1.1.1.7.30.1142	4	2.0	8	IncFII
1.1.1.7.30.1265	4	3.0	12	IncFII
1.1.1.7.30.623	4	2.75	11	IncN
1.1.1.7.30.140	4	7.0	28	IncX1
1.1.1.7.30.1977	4	1.0	4	IncX1
1.1.1.7.30.932	4	3.75	15	IncFII
1.1.1.7.30.111	4	1.75	7	IncFII
1.1.1.7.30.792	4	1.0	4	IncFII
1.1.1.7.30.407	4	5.75	23	IncX1
1.1.1.7.30.259	4	6.0	24	IncX1
1.1.1.7.30.740	3	7.666666666666667	23	IncN
1.1.1.7.30.537	3	17.0	51	IncX1
1.1.1.7.30.1194	3	1.0	3	IncFII
1.1.1.7.30.1195	3	8.0	24	IncFII
1.1.1.7.30.323	3	1.0	3	IncX1
1.1.1.7.30.133	3	4.0	12	IncX1
1.1.1.7.30.1268	3	5.333333333333333	16	IncFII
1.1.1.7.30.1199	3	3.3333333333333335	10	IncFII
1.1.1.7.30.553	3	4.666666666666667	14	IncN
1.1.1.7.30.838	3	5.0	15	IncFII
1.1.1.7.30.343	3	2.0	6	IncN
1.1.1.7.30.745	3	26.333333333333332	79	IncFII, IncX1
1.1.1.7.30.566	3	2.3333333333333335	7	IncN
1.1.1.7.30.1309	3	3.3333333333333335	10	IncFII
1.1.1.7.30.1218	3	6.666666666666667	20	IncFII
1.1.1.7.30.810	3	12.333333333333334	37	IncX1
1.1.1.7.30.519	3	1.0	3	IncFII
1.1.1.7.30.508	3	4.333333333333333	13	IncN
1.1.1.7.30.1069	3	5.666666666666667	17	IncFII
1.1.1.7.30.1159	3	5.0	15	IncFII
1.1.1.7.30.948	3	5.333333333333333	16	IncFII
1.1.1.7.30.629	3	3.0	9	IncN
1.1.1.7.30.1144	3	1.0	3	IncFII
1.1.1.7.30.931	3	6.0	18	IncFII
1.1.1.7.30.515	3	4.0	12	IncFII
1.1.1.7.30.964	3	14.0	42	IncFII
1.1.1.7.30.518	3	1.0	3	IncFII
1.1.1.7.30.1085	3	10.0	30	IncFII
1.1.1.7.30.624	3	1.0	3	IncN
1.1.1.7.30.445	3	6.0	18	IncFII
1.1.1.7.30.819	3	12.666666666666666	38	IncX1
1.1.1.7.30.1092	3	5.0	15	IncFII
1.1.1.7.30.372	3	8.666666666666666	26	IncFII
1.1.1.7.30.891	3	4.666666666666667	14	IncFII
1.1.1.7.30.213	3	6.333333333333333	19	IncX1
1.1.1.7.30.892	3	3.0	9	IncN
1.1.1.7.30.359	3	2.6666666666666665	8	IncN
1.1.1.7.30.446	2	2.0	4	IncN
1.1.1.7.30.452	2	2.0	4	IncFII
1.1.1.7.30.778	2	5.0	10	IncFII
1.1.1.7.30.451	2	1.0	2	IncFII
1.1.1.7.30.570	2	10.0	20	IncN
1.1.1.7.30.160	2	1.0	2	IncN
1.1.1.7.30.779	2	1.0	2	IncFII
1.1.1.7.30.594	2	2.0	4	IncN
1.1.1.7.30.444	2	4.0	8	IncFII
1.1.1.7.30.780	2	6.0	12	IncFII
1.1.1.7.30.458	2	5.0	10	IncN
1.1.1.7.30.346	2	8.5	17	IncN
1.1.1.7.30.256	2	6.0	12	IncX1
1.1.1.7.30.172	2	6.0	12	IncX1
1.1.1.7.30.538	2	6.0	12	IncN
1.1.1.7.30.500	2	34.0	68	IncFII
1.1.1.7.30.818	2	11.5	23	IncX1
1.1.1.7.30.490	2	6.0	12	IncFII
1.1.1.7.30.166	2	3.0	6	IncX1
1.1.1.7.30.1938	2	3.5	7	IncX1
1.1.1.7.30.1338	2	13.0	26	IncFII
1.1.1.7.30.813	2	11.0	22	IncN
1.1.1.7.30.571	2	9.5	19	IncN
1.1.1.7.30.488	2	9.0	18	IncN
1.1.1.7.30.554	2	2.0	4	IncN
1.1.1.7.30.482	2	1.0	2	IncX1
1.1.1.7.30.466	2	9.0	18	IncFII
1.1.1.7.30.465	2	2.5	5	IncFII
1.1.1.7.30.777	2	11.0	22	IncFII
1.1.1.7.30.459	2	5.0	10	IncN
1.1.1.7.30.436	2	8.0	16	IncX1
1.1.1.7.30.503	2	3.5	7	IncFII
1.1.1.7.30.769	2	6.0	12	IncFII
1.1.1.7.30.643	2	11.5	23	IncN
1.1.1.7.30.507	2	2.0	4	IncN
1.1.1.7.30.716	2	8.0	16	IncFII
1.1.1.7.30.715	2	6.0	12	IncFII
1.1.1.7.30.308	2	1.0	2	IncFII
1.1.1.7.30.398	2	2.0	4	IncFII
1.1.1.7.30.641	2	4.0	8	IncN
1.1.1.7.30.322	2	1.0	2	IncX1
1.1.1.7.30.514	2	4.0	8	IncFII
1.1.1.7.30.522	2	2.0	4	IncN
1.1.1.7.30.152	2	3.5	7	IncX1
1.1.1.7.30.380	2	14.0	28	IncFII
1.1.1.7.30.334	2	1.0	2	IncFII
1.1.1.7.30.379	2	13.0	26	IncFII
1.1.1.7.30.339	2	7.0	14	IncN
1.1.1.7.30.378	2	13.0	26	IncN
1.1.1.7.30.183	2	1.5	3	IncX1
1.1.1.7.30.732	2	1.0	2	IncFII
1.1.1.7.30.416	2	1.0	2	IncFII
1.1.1.7.30.739	2	18.0	36	IncN
1.1.1.7.30.628	2	1.5	3	IncN
1.1.1.7.30.521	2	12.5	25	IncX1
1.1.1.7.30.177	2	4.5	9	IncX1
1.1.1.7.30.61	2	1.0	2	IncFII
1.1.1.7.30.1467	2	12.5	25	IncFII
1.1.1.7.30.427	2	19.0	38	IncFII
1.1.1.7.30.426	2	16.0	32	IncFII
1.1.1.7.30.421	2	1.0	2	IncX1
1.1.1.7.30.294	2	21.5	43	IncX1
1.1.1.7.30.750	2	1.5	3	IncX1
1.1.1.7.30.625	2	5.0	10	IncN
1.1.1.7.30.188	2	1.0	2	IncX1
1.1.1.7.30.520	2	4.0	8	IncN
1.1.1.7.30.417	2	18.0	36	IncX1
1.1.1.7.30.742	2	26.5	53	IncN
1.1.1.7.30.741	2	7.5	15	IncN
1.1.1.7.30.513	2	7.0	14	IncFII
1.1.1.7.30.530	2	1.0	2	IncFII
1.1.1.7.30.1329	2	3.0	6	IncFII
1.1.1.7.30.1107	2	2.5	5	IncFII, IncN
1.1.1.7.30.1204	2	6.0	12	IncFII
1.1.1.7.30.1104	2	1.0	2	IncFII
1.1.1.7.30.960	2	4.5	9	IncFII
1.1.1.7.30.1098	2	2.0	4	IncFII
1.1.1.7.30.1210	2	1.5	3	IncFII
1.1.1.7.30.1097	2	5.5	11	IncFII
1.1.1.7.30.1090	2	23.0	46	IncFII
1.1.1.7.30.880	2	1.0	2	IncFII
1.1.1.7.30.1225	2	8.0	16	IncFII
1.1.1.7.30.1228	2	5.0	10	IncFII
1.1.1.7.30.1230	2	1.0	2	IncFII
1.1.1.7.30.1231	2	3.0	6	IncFII
1.1.1.7.30.1234	2	11.0	22	IncFII
1.1.1.7.30.965	2	10.0	20	IncFII
1.1.1.7.30.1083	2	8.0	16	IncFII
1.1.1.7.30.966	2	2.0	4	IncFII
1.1.1.7.30.1238	2	14.0	28	IncFII
1.1.1.7.30.87	2	1.0	2	IncFII
1.1.1.7.30.1995	2	3.5	7	IncX1
1.1.1.7.30.861	2	3.5	7	IncFII
1.1.1.7.30.86	2	1.0	2	IncFII
1.1.1.7.30.950	2	8.0	16	IncFII
1.1.1.7.30.227	2	6.0	12	IncX1
1.1.1.7.30.851	2	4.0	8	IncFII
1.1.1.7.30.226	2	5.0	10	IncX1
1.1.1.7.30.217	2	2.0	4	IncX1
1.1.1.7.30.928	2	2.0	4	IncFII
1.1.1.7.30.1150	2	6.5	13	IncFII
1.1.1.7.30.1149	2	8.0	16	IncFII
1.1.1.7.30.1145	2	1.0	2	IncFII
1.1.1.7.30.1143	2	13.0	26	IncFII
1.1.1.7.30.905	2	9.5	19	IncFII
1.1.1.7.30.1139	2	9.0	18	IncFII
1.1.1.7.30.934	2	4.0	8	IncFII
1.1.1.7.30.1134	2	4.0	8	IncFII
1.1.1.7.30.1132	2	5.5	11	IncFII
1.1.1.7.30.219	2	2.0	4	IncX1
1.1.1.7.30.1125	2	12.0	24	IncFII
1.1.1.7.30.1124	2	1.5	3	IncN
1.1.1.7.30.1123	2	4.0	8	IncFII
1.1.1.7.30.1118	2	11.0	22	IncFII
1.1.1.7.30.894	2	3.5	7	IncFII
1.1.1.7.30.893	2	4.0	8	IncN
1.1.1.7.30.1183	2	2.5	5	IncFII
1.1.1.7.30.223	2	3.0	6	IncX1
1.1.1.7.30.1114	2	5.5	11	IncN
1.1.1.7.30.978	2	4.0	8	IncFII
1.1.1.7.30.1157	2	8.5	17	IncFII
1.1.1.7.30.824	2	8.5	17	IncN, IncX1
1.1.1.7.30.1325	2	3.0	6	IncFII
1.1.1.7.24.42	2	2.0	4	IncX1
1.1.1.7.30.1319	2	5.5	11	IncFII
1.1.1.7.30.1957	2	4.0	8	IncX1
1.1.1.7.30.132	2	7.0	14	IncX1
1.1.1.7.30.990	2	6.5	13	IncFII
1.1.1.7.30.843	2	17.5	35	IncX1
1.1.1.7.30.243	2	2.0	4	IncX1
1.1.1.7.30.997	2	14.0	28	IncFII
1.1.1.7.30.989	2	6.0	12	IncFII
1.1.1.7.30.988	2	13.0	26	IncFII
1.1.1.7.30.823	2	15.0	30	IncN
1.1.1.7.30.821	2	14.0	28	IncX1
1.1.1.7.30.849	2	5.0	10	IncFII
1.1.1.7.30.1033	2	3.0	6	IncFII
1.1.1.7.30.1324	2	1.0	2	IncFII
1.1.1.7.30.1269	2	9.0	18	IncFII
1.1.1.7.30.1327	2	6.0	12	IncFII
1.1.1.7.30.1951	2	1.0	2	IncX1
1.1.1.7.30.1308	2	5.0	10	IncFII
1.1.1.7.30.999	2	5.0	10	IncFII
1.1.1.7.30.992	2	3.0	6	IncFII
1.1.1.7.30.1041	2	4.0	8	IncFII
1.1.1.7.30.832	2	4.0	8	IncFII
1.1.1.7.30.1040	2	2.5	5	IncFII
1.1.1.7.30.2103	1	1.0	1	IncFII
1.1.1.7.30.2101	1	6.0	6	IncX1
1.1.1.7.30.430	1	12.0	12	IncX1
1.1.1.7.30.523	1	7.0	7	IncN
1.1.1.7.30.431	1	13.0	13	IncX1
1.1.1.7.30.2141	1	6.0	6	IncX1
1.1.1.7.30.432	1	6.0	6	IncX1
1.1.1.7.30.2104	1	5.0	5	IncX1
1.1.1.7.30.422	1	8.0	8	IncN
1.1.1.7.30.423	1	18.0	18	IncX1
1.1.1.7.30.2121	1	3.0	3	IncX1
1.1.1.7.30.2142	1	6.0	6	IncX1
1.1.1.7.30.526	1	8.0	8	IncFII
1.1.1.7.30.2160	1	14.0	14	IncX1
1.1.1.7.30.216	1	15.0	15	IncFII
1.1.1.7.30.403	1	8.0	8	IncX1
1.1.1.7.30.404	1	10.0	10	IncX1
1.1.1.7.30.527	1	8.0	8	IncFII
1.1.1.7.30.406	1	1.0	1	IncN
1.1.1.7.30.2153	1	4.0	4	IncX1
1.1.1.7.30.2146	1	5.0	5	IncX1
1.1.1.7.30.408	1	1.0	1	IncX1
1.1.1.7.30.409	1	5.0	5	IncX1
1.1.1.7.30.2150	1	2.0	2	IncX1
1.1.1.7.30.2100	1	9.0	9	IncX1
1.1.1.7.30.215	1	3.0	3	IncFII
1.1.1.7.30.2149	1	4.0	4	IncX1
1.1.1.7.30.214	1	4.0	4	IncX1
1.1.1.7.30.443	1	11.0	11	IncX1
1.1.1.7.30.433	1	4.0	4	IncN
1.1.1.7.30.2128	1	4.0	4	IncX1
1.1.1.7.30.2114	1	23.0	23	IncFII
1.1.1.7.30.2161	1	3.0	3	IncX1
1.1.1.7.30.468	1	5.0	5	IncX1
1.1.1.7.30.2115	1	9.0	9	IncX1
1.1.1.7.30.2116	1	2.0	2	IncFII
1.1.1.7.30.2129	1	1.0	1	IncX1
1.1.1.7.30.491	1	4.0	4	IncFII
1.1.1.7.30.501	1	22.0	22	IncFII
1.1.1.7.30.434	1	1.0	1	IncN
1.1.1.7.30.502	1	13.0	13	IncFII
1.1.1.7.30.2127	1	2.0	2	IncN
1.1.1.7.30.2126	1	10.0	10	IncFII
1.1.1.7.30.2124	1	3.0	3	IncX1
1.1.1.7.30.504	1	4.0	4	IncFII
1.1.1.7.30.2118	1	2.0	2	IncX1
1.1.1.7.30.2123	1	16.0	16	IncFII
1.1.1.7.30.2130	1	4.0	4	IncX1
1.1.1.7.30.2132	1	12.0	12	IncN
1.1.1.7.30.464	1	2.0	2	IncFII
1.1.1.7.30.463	1	2.0	2	IncFII
1.1.1.7.30.2137	1	1.0	1	IncN
1.1.1.7.30.441	1	11.0	11	IncX1
1.1.1.7.30.442	1	11.0	11	IncX1
1.1.1.7.30.2120	1	4.0	4	IncFII
1.1.1.7.30.2135	1	10.0	10	IncX1
1.1.1.7.30.2105	1	3.0	3	IncX1
1.1.1.7.30.517	1	1.0	1	IncFII
1.1.1.7.30.2106	1	11.0	11	IncX1
1.1.1.7.30.2108	1	4.0	4	IncX1
1.1.1.7.30.2134	1	2.0	2	IncX1
1.1.1.7.30.512	1	1.0	1	IncN
1.1.1.7.30.511	1	6.0	6	IncN
1.1.1.7.30.457	1	1.0	1	IncFII
1.1.1.7.30.510	1	18.0	18	IncN
1.1.1.7.30.2113	1	7.0	7	IncX1
1.1.1.7.30.467	1	8.0	8	IncN
1.1.1.7.30.377	1	12.0	12	IncX1
1.1.1.7.30.2166	1	1.0	1	IncX1
1.1.1.7.30.300	1	4.0	4	IncX1
1.1.1.7.30.274	1	1.0	1	IncX1
1.1.1.7.30.275	1	3.0	3	IncX1
1.1.1.7.30.276	1	3.0	3	IncX1
1.1.1.7.30.277	1	9.0	9	IncX1
1.1.1.7.30.293	1	1.0	1	IncX1
1.1.1.7.30.295	1	10.0	10	IncX1
1.1.1.7.30.296	1	6.0	6	IncX1
1.1.1.7.30.297	1	2.0	2	IncN
1.1.1.7.30.298	1	6.0	6	IncN
1.1.1.7.30.299	1	6.0	6	IncX1
1.1.1.7.30.236	1	5.0	5	IncX1
1.1.1.7.30.272	1	4.0	4	IncX1
1.1.1.7.30.301	1	2.0	2	IncX1
1.1.1.7.30.235	1	4.0	4	IncX1
1.1.1.7.30.234	1	1.0	1	IncX1
1.1.1.7.30.233	1	7.0	7	IncX1
1.1.1.7.30.232	1	6.0	6	IncX1
1.1.1.7.30.302	1	8.0	8	IncX1
1.1.1.7.30.303	1	11.0	11	IncX1
1.1.1.7.30.304	1	1.0	1	IncFII
1.1.1.7.30.231	1	6.0	6	IncX1
1.1.1.7.30.230	1	6.0	6	IncX1
1.1.1.7.30.273	1	5.0	5	IncX1
1.1.1.7.30.271	1	2.0	2	IncX1
1.1.1.7.30.391	1	5.0	5	IncX1
1.1.1.7.30.262	1	3.0	3	IncX1
1.1.1.7.30.250	1	4.0	4	IncX1
1.1.1.7.30.252	1	4.0	4	IncX1
1.1.1.7.30.528	1	8.0	8	IncFII
1.1.1.7.30.246	1	5.0	5	IncX1
1.1.1.7.30.245	1	5.0	5	IncX1
1.1.1.7.30.254	1	5.0	5	IncX1
1.1.1.7.30.244	1	7.0	7	IncX1
1.1.1.7.30.255	1	3.0	3	IncX1
1.1.1.7.30.242	1	6.0	6	IncX1
1.1.1.7.30.241	1	4.0	4	IncX1
1.1.1.7.30.263	1	4.0	4	IncX1
1.1.1.7.30.237	1	8.0	8	IncX1
1.1.1.7.30.264	1	3.0	3	IncX1
1.1.1.7.30.240	1	6.0	6	IncX1
1.1.1.7.30.265	1	5.0	5	IncX1
1.1.1.7.30.266	1	5.0	5	IncX1
1.1.1.7.30.267	1	3.0	3	IncX1
1.1.1.7.30.268	1	4.0	4	IncX1
1.1.1.7.30.269	1	4.0	4	IncX1
1.1.1.7.30.270	1	5.0	5	IncX1
1.1.1.7.30.239	1	2.0	2	IncX1
1.1.1.7.30.238	1	2.0	2	IncX1
1.1.1.7.30.229	1	4.0	4	IncX1
1.1.1.7.30.324	1	13.0	13	IncX1
1.1.1.7.30.327	1	1.0	1	IncFII
1.1.1.7.30.2177	1	2.0	2	IncX1
1.1.1.7.30.368	1	2.0	2	IncN
1.1.1.7.30.369	1	1.0	1	IncN
1.1.1.7.30.370	1	1.0	1	IncN
1.1.1.7.30.373	1	16.0	16	IncFII
1.1.1.7.30.374	1	8.0	8	IncX1
1.1.1.7.30.375	1	7.0	7	IncFII
1.1.1.7.30.376	1	10.0	10	IncFII
1.1.1.7.30.251	1	4.0	4	IncX1
1.1.1.7.30.218	1	2.0	2	IncX1
1.1.1.7.30.2179	1	5.0	5	IncX1
1.1.1.7.30.382	1	15.0	15	IncFII
1.1.1.7.30.329	1	1.0	1	IncX1
1.1.1.7.30.383	1	11.0	11	IncFII
1.1.1.7.30.384	1	22.0	22	IncFII
1.1.1.7.30.385	1	7.0	7	IncFII
1.1.1.7.30.2172	1	2.0	2	IncX1
1.1.1.7.30.386	1	14.0	14	IncN
1.1.1.7.30.387	1	10.0	10	IncN
1.1.1.7.30.388	1	11.0	11	IncN
1.1.1.7.30.389	1	9.0	9	IncX1
1.1.1.7.30.2167	1	2.0	2	IncX1
1.1.1.7.30.390	1	11.0	11	IncN
1.1.1.7.30.367	1	14.0	14	IncN
1.1.1.7.30.366	1	4.0	4	IncN
1.1.1.7.30.365	1	7.0	7	IncN
1.1.1.7.30.364	1	6.0	6	IncN
1.1.1.7.30.332	1	9.0	9	IncN
1.1.1.7.30.333	1	7.0	7	IncN
1.1.1.7.30.335	1	10.0	10	IncFII
1.1.1.7.30.336	1	14.0	14	IncFII
1.1.1.7.30.337	1	3.0	3	IncN
1.1.1.7.30.338	1	3.0	3	IncN
1.1.1.7.30.340	1	7.0	7	IncN
1.1.1.7.30.341	1	2.0	2	IncN
1.1.1.7.30.345	1	2.0	2	IncN
1.1.1.7.30.224	1	3.0	3	IncX1
1.1.1.7.30.347	1	2.0	2	IncN
1.1.1.7.30.351	1	1.0	1	IncN
1.1.1.7.30.353	1	6.0	6	IncN
1.1.1.7.30.355	1	1.0	1	IncN
1.1.1.7.30.357	1	2.0	2	IncN
1.1.1.7.30.358	1	1.0	1	IncN
1.1.1.7.30.360	1	3.0	3	IncN
1.1.1.7.30.361	1	5.0	5	IncN
1.1.1.7.30.222	1	1.0	1	IncX1
1.1.1.7.30.221	1	2.0	2	IncX1
1.1.1.7.30.363	1	4.0	4	IncN
1.1.1.16.78.2228	1	1.0	1	IncFII
1.1.1.7.30.651	1	2.0	2	IncN
1.1.1.7.30.531	1	1.0	1	IncFII
1.1.1.7.30.822	1	12.0	12	IncX1
1.1.1.7.30.799	1	9.0	9	IncFII
1.1.1.7.30.800	1	10.0	10	IncFII
1.1.1.7.30.801	1	6.0	6	IncFII
1.1.1.7.30.802	1	1.0	1	IncFII
1.1.1.7.30.806	1	12.0	12	IncFII
1.1.1.7.30.808	1	8.0	8	IncX1
1.1.1.7.30.809	1	13.0	13	IncX1
1.1.1.7.30.811	1	10.0	10	IncX1
1.1.1.7.30.812	1	12.0	12	IncX1
1.1.1.7.30.814	1	13.0	13	IncN
1.1.1.7.30.815	1	13.0	13	IncN
1.1.1.7.30.817	1	9.0	9	IncX1
1.1.1.7.30.820	1	15.0	15	IncX1
1.1.1.7.30.825	1	7.0	7	IncN
1.1.1.7.30.863	1	4.0	4	IncFII
1.1.1.7.30.826	1	8.0	8	IncX1
1.1.1.7.30.827	1	6.0	6	IncX1
1.1.1.7.30.828	1	16.0	16	IncX1
1.1.1.7.30.829	1	13.0	13	IncX1
1.1.1.7.30.830	1	11.0	11	IncX1
1.1.1.7.30.831	1	4.0	4	IncX1
1.1.1.7.30.835	1	4.0	4	IncFII
1.1.1.7.30.836	1	6.0	6	IncFII
1.1.1.7.30.841	1	2.0	2	IncFII
1.1.1.7.30.844	1	17.0	17	IncX1
1.1.1.7.30.845	1	18.0	18	IncX1
1.1.1.7.30.846	1	18.0	18	IncX1
1.1.1.7.30.847	1	19.0	19	IncX1
1.1.1.7.30.798	1	11.0	11	IncFII
1.1.1.7.30.797	1	6.0	6	IncFII
1.1.1.7.30.791	1	3.0	3	IncN
1.1.1.7.30.790	1	8.0	8	IncFII
1.1.1.7.30.710	1	7.0	7	IncN
1.1.1.7.30.713	1	13.0	13	IncX1
1.1.1.7.30.714	1	4.0	4	IncN
1.1.1.7.30.728	1	6.0	6	IncFII
1.1.1.7.30.733	1	5.0	5	IncFII
1.1.1.7.30.735	1	5.0	5	IncFII
1.1.1.7.30.744	1	5.0	5	IncFII
1.1.1.7.30.746	1	15.0	15	IncFII
1.1.1.7.30.747	1	11.0	11	IncFII
1.1.1.7.30.748	1	27.0	27	IncN
1.1.1.7.30.749	1	15.0	15	IncN
1.1.1.7.30.752	1	21.0	21	IncN
1.1.1.7.30.753	1	5.0	5	IncFII
1.1.1.7.30.754	1	14.0	14	IncFII
1.1.1.7.30.755	1	14.0	14	IncX1
1.1.1.7.30.756	1	9.0	9	IncX1
1.1.1.7.30.757	1	5.0	5	IncFII
1.1.1.7.30.758	1	7.0	7	IncFII
1.1.1.7.30.760	1	3.0	3	IncX1
1.1.1.7.30.763	1	5.0	5	IncFII
1.1.1.7.30.766	1	2.0	2	IncN
1.1.1.7.30.767	1	2.0	2	IncN
1.1.1.7.30.768	1	4.0	4	IncX1
1.1.1.7.30.781	1	6.0	6	IncFII
1.1.1.7.30.782	1	19.0	19	IncFII
1.1.1.7.30.783	1	13.0	13	IncFII
1.1.1.7.30.789	1	14.0	14	IncFII
1.1.1.7.30.848	1	13.0	13	IncX1
1.1.1.7.30.865	1	3.0	3	IncFII
1.1.1.7.30.532	1	1.0	1	IncFII
1.1.1.7.30.975	1	1.0	1	IncFII
1.1.1.7.30.939	1	1.0	1	IncFII
1.1.1.7.30.945	1	9.0	9	IncFII
1.1.1.7.30.946	1	8.0	8	IncFII
1.1.1.7.30.947	1	9.0	9	IncFII
1.1.1.7.30.951	1	12.0	12	IncFII
1.1.1.7.30.962	1	8.0	8	IncFII
1.1.1.7.30.963	1	2.0	2	IncFII
1.1.1.7.30.969	1	5.0	5	IncX1
1.1.1.7.30.970	1	15.0	15	IncN
1.1.1.7.30.971	1	12.0	12	IncN
1.1.1.7.30.972	1	10.0	10	IncN
1.1.1.7.30.973	1	6.0	6	IncN
1.1.1.7.30.974	1	4.0	4	IncFII
1.1.1.7.30.979	1	3.0	3	IncFII
1.1.1.7.30.866	1	3.0	3	IncFII
1.1.1.7.30.980	1	1.0	1	IncFII
1.1.1.7.30.985	1	2.0	2	IncFII
1.1.1.7.30.986	1	5.0	5	IncFII
1.1.1.7.30.987	1	8.0	8	IncFII
1.1.1.7.30.99	1	2.0	2	IncFII
1.1.1.7.30.991	1	3.0	3	IncFII
1.1.1.7.30.995	1	5.0	5	IncFII
1.1.1.7.30.996	1	2.0	2	IncFII
1.1.1.7.30.998	1	14.0	14	IncFII
1.1.1.7.32.2182	1	1.0	1	IncX1
1.1.1.7.33.2183	1	9.0	9	IncFII
1.1.1.7.45.2195	1	2.0	2	IncFII
1.1.1.7.61.2211	1	6.0	6	IncN
1.1.1.7.30.938	1	7.0	7	IncFII
1.1.1.7.30.937	1	3.0	3	IncFII
1.1.1.7.30.936	1	3.0	3	IncFII
1.1.1.7.30.933	1	6.0	6	IncFII
1.1.1.7.30.867	1	6.0	6	IncFII
1.1.1.7.30.869	1	1.0	1	IncFII
1.1.1.7.30.873	1	6.0	6	IncFII
1.1.1.7.30.874	1	6.0	6	IncFII
1.1.1.7.30.875	1	9.0	9	IncFII
1.1.1.7.30.876	1	8.0	8	IncFII
1.1.1.7.30.881	1	2.0	2	IncFII
1.1.1.7.30.885	1	1.0	1	IncFII
1.1.1.7.30.888	1	11.0	11	IncN
1.1.1.7.30.889	1	9.0	9	IncX1
1.1.1.7.30.89	1	7.0	7	IncFII
1.1.1.7.30.890	1	7.0	7	IncFII
1.1.1.7.30.896	1	10.0	10	IncFII
1.1.1.7.30.897	1	7.0	7	IncFII
1.1.1.7.30.898	1	9.0	9	IncFII
1.1.1.7.30.90	1	2.0	2	IncFII
1.1.1.7.30.903	1	1.0	1	IncFII
1.1.1.7.30.904	1	3.0	3	IncFII
1.1.1.7.30.906	1	3.0	3	IncFII
1.1.1.7.30.908	1	13.0	13	IncFII
1.1.1.7.30.909	1	9.0	9	IncFII
1.1.1.7.30.911	1	2.0	2	IncFII
1.1.1.7.30.912	1	6.0	6	IncFII
1.1.1.7.30.915	1	7.0	7	IncFII
1.1.1.7.30.921	1	4.0	4	IncFII
1.1.1.7.30.929	1	4.0	4	IncFII
1.1.1.7.30.930	1	6.0	6	IncFII
1.1.1.7.30.709	1	2.0	2	IncN
1.1.1.7.30.708	1	3.0	3	IncN
1.1.1.7.30.707	1	4.0	4	IncN
1.1.1.7.30.602	1	11.0	11	IncN
1.1.1.7.30.586	1	5.0	5	IncN
1.1.1.7.30.587	1	11.0	11	IncN
1.1.1.7.30.588	1	3.0	3	IncN
1.1.1.7.30.589	1	2.0	2	IncN
1.1.1.7.30.590	1	5.0	5	IncN
1.1.1.7.30.591	1	8.0	8	IncN
1.1.1.7.30.592	1	7.0	7	IncN
1.1.1.7.30.593	1	8.0	8	IncN
1.1.1.7.30.595	1	2.0	2	IncN
1.1.1.7.30.598	1	2.0	2	IncN
1.1.1.7.30.599	1	9.0	9	IncN
1.1.1.7.30.600	1	6.0	6	IncN
1.1.1.7.30.601	1	8.0	8	IncN
1.1.1.7.30.605	1	5.0	5	IncN
1.1.1.7.30.706	1	6.0	6	IncN
1.1.1.7.30.606	1	9.0	9	IncN
1.1.1.7.30.608	1	6.0	6	IncN
1.1.1.7.30.609	1	6.0	6	IncN
1.1.1.7.30.610	1	7.0	7	IncN
1.1.1.7.30.612	1	1.0	1	IncN
1.1.1.7.30.615	1	3.0	3	IncN
1.1.1.7.30.616	1	6.0	6	IncN
1.1.1.7.30.617	1	10.0	10	IncN
1.1.1.7.30.618	1	8.0	8	IncN
1.1.1.7.30.620	1	6.0	6	IncN
1.1.1.7.30.626	1	4.0	4	IncN
1.1.1.7.30.631	1	2.0	2	IncN
1.1.1.7.30.632	1	2.0	2	IncN
1.1.1.7.30.585	1	3.0	3	IncN
1.1.1.7.30.584	1	5.0	5	IncN
1.1.1.7.30.583	1	6.0	6	IncN
1.1.1.7.30.582	1	15.0	15	IncN
1.1.1.7.30.539	1	15.0	15	IncN
1.1.1.7.30.540	1	24.0	24	IncX1
1.1.1.7.30.541	1	8.0	8	IncFII
1.1.1.7.30.542	1	11.0	11	IncX1
1.1.1.7.30.543	1	8.0	8	IncN
1.1.1.7.30.544	1	6.0	6	IncX1
1.1.1.7.30.545	1	1.0	1	IncX1
1.1.1.7.30.546	1	5.0	5	IncN
1.1.1.7.30.547	1	9.0	9	IncN
1.1.1.7.30.548	1	4.0	4	IncN
1.1.1.7.30.549	1	4.0	4	IncN
1.1.1.7.30.551	1	4.0	4	IncN
1.1.1.7.30.552	1	4.0	4	IncN
1.1.1.7.30.557	1	3.0	3	IncN
1.1.1.7.30.559	1	7.0	7	IncN
1.1.1.7.30.560	1	3.0	3	IncN
1.1.1.7.30.564	1	5.0	5	IncN
1.1.1.7.30.565	1	4.0	4	IncN
1.1.1.7.30.569	1	3.0	3	IncN
1.1.1.7.30.573	1	9.0	9	IncN
1.1.1.7.30.574	1	3.0	3	IncN
1.1.1.7.30.575	1	4.0	4	IncN
1.1.1.7.30.576	1	9.0	9	IncN
1.1.1.7.30.577	1	5.0	5	IncN
1.1.1.7.30.579	1	7.0	7	IncN
1.1.1.7.30.580	1	6.0	6	IncN
1.1.1.7.30.581	1	3.0	3	IncN
1.1.1.7.30.634	1	2.0	2	IncN
1.1.1.7.30.635	1	5.0	5	IncN
1.1.1.7.30.637	1	3.0	3	IncN
1.1.1.7.30.675	1	4.0	4	IncN
1.1.1.7.30.677	1	10.0	10	IncN
1.1.1.7.30.679	1	2.0	2	IncN
1.1.1.7.30.680	1	5.0	5	IncN
1.1.1.7.30.681	1	7.0	7	IncN
1.1.1.7.30.682	1	13.0	13	IncN
1.1.1.7.30.684	1	7.0	7	IncN
1.1.1.7.30.685	1	6.0	6	IncN
1.1.1.7.30.686	1	3.0	3	IncN
1.1.1.7.30.687	1	5.0	5	IncN
1.1.1.7.30.688	1	4.0	4	IncN
1.1.1.7.30.689	1	3.0	3	IncN
1.1.1.7.30.690	1	4.0	4	IncN
1.1.1.7.30.691	1	12.0	12	IncN
1.1.1.7.30.692	1	1.0	1	IncN
1.1.1.7.30.693	1	4.0	4	IncN
1.1.1.7.30.694	1	6.0	6	IncN
1.1.1.7.30.695	1	1.0	1	IncN
1.1.1.7.30.696	1	8.0	8	IncN
1.1.1.7.30.697	1	2.0	2	IncN
1.1.1.7.30.698	1	2.0	2	IncN
1.1.1.7.30.699	1	4.0	4	IncN
1.1.1.7.30.700	1	1.0	1	IncN
1.1.1.7.30.701	1	7.0	7	IncN
1.1.1.7.30.702	1	1.0	1	IncN
1.1.1.7.30.703	1	5.0	5	IncN
1.1.1.7.30.704	1	4.0	4	IncN
1.1.1.7.30.705	1	4.0	4	IncN
1.1.1.7.30.676	1	10.0	10	IncN
1.1.1.7.30.674	1	7.0	7	IncN
1.1.1.7.30.638	1	2.0	2	IncN
1.1.1.7.30.673	1	4.0	4	IncN
1.1.1.7.30.639	1	4.0	4	IncN
1.1.1.7.30.640	1	3.0	3	IncN
1.1.1.7.30.645	1	2.0	2	IncN
1.1.1.7.30.646	1	3.0	3	IncN
1.1.1.7.30.650	1	1.0	1	IncN
1.1.1.7.30.2094	1	5.0	5	IncX1
1.1.1.7.30.652	1	2.0	2	IncN
1.1.1.7.30.653	1	5.0	5	IncN
1.1.1.7.30.654	1	2.0	2	IncN
1.1.1.7.30.655	1	4.0	4	IncN
1.1.1.7.30.656	1	4.0	4	IncN
1.1.1.7.30.657	1	3.0	3	IncN
1.1.1.7.30.658	1	4.0	4	IncN
1.1.1.7.30.659	1	4.0	4	IncN
1.1.1.7.30.660	1	5.0	5	IncN
1.1.1.7.30.661	1	7.0	7	IncN
1.1.1.7.30.662	1	9.0	9	IncN
1.1.1.7.30.663	1	5.0	5	IncN
1.1.1.7.30.664	1	7.0	7	IncN
1.1.1.7.30.665	1	3.0	3	IncN
1.1.1.7.30.666	1	7.0	7	IncN
1.1.1.7.30.667	1	7.0	7	IncN
1.1.1.7.30.668	1	11.0	11	IncN
1.1.1.7.30.669	1	10.0	10	IncN
1.1.1.7.30.670	1	8.0	8	IncN
1.1.1.7.30.671	1	10.0	10	IncN
1.1.1.7.30.672	1	5.0	5	IncN
1.1.1.7.30.2098	1	7.0	7	IncN
1.1.1.7.30.1981	1	1.0	1	IncX1
1.1.1.7.30.2091	1	4.0	4	IncX1
1.1.1.7.30.1446	1	12.0	12	IncFII
1.1.1.7.30.1444	1	2.0	2	IncFII
1.1.1.7.30.1443	1	9.0	9	IncFII
1.1.1.7.30.1439	1	7.0	7	IncFII
1.1.1.7.30.1438	1	7.0	7	IncN
1.1.1.7.30.1437	1	7.0	7	IncFII
1.1.1.7.30.1434	1	3.0	3	IncFII
1.1.1.7.30.1433	1	1.0	1	IncFII
1.1.1.7.30.1431	1	6.0	6	IncFII
1.1.1.7.30.1430	1	4.0	4	IncFII
1.1.1.7.30.143	1	1.0	1	IncN
1.1.1.7.30.1429	1	3.0	3	IncFII
1.1.1.7.30.1426	1	1.0	1	IncFII
1.1.1.7.30.1425	1	3.0	3	IncFII
1.1.1.7.30.1424	1	3.0	3	IncFII
1.1.1.7.30.1423	1	2.0	2	IncFII
1.1.1.7.30.1445	1	10.0	10	IncFII
1.1.1.7.30.145	1	1.0	1	IncN
1.1.1.7.30.1365	1	22.0	22	IncFII
1.1.1.7.30.1451	1	1.0	1	IncFII
1.1.1.7.30.1480	1	6.0	6	IncN
1.1.1.7.30.1479	1	11.0	11	IncFII
1.1.1.7.30.1478	1	3.0	3	IncFII
1.1.1.7.30.1477	1	6.0	6	IncFII
1.1.1.7.30.1476	1	3.0	3	IncFII
1.1.1.7.30.1470	1	5.0	5	IncFII
1.1.1.7.30.1469	1	18.0	18	IncFII
1.1.1.7.30.1466	1	2.0	2	IncFII
1.1.1.7.30.1462	1	6.0	6	IncFII
1.1.1.7.30.1461	1	14.0	14	IncFII
1.1.1.7.30.1460	1	4.0	4	IncFII
1.1.1.7.30.1457	1	6.0	6	IncFII
1.1.1.7.30.1456	1	1.0	1	IncFII
1.1.1.7.30.1455	1	9.0	9	IncFII
1.1.1.7.30.1454	1	3.0	3	IncFII
1.1.1.7.30.1422	1	1.0	1	IncFII
1.1.1.7.30.1421	1	1.0	1	IncFII
1.1.1.7.30.1420	1	1.0	1	IncFII
1.1.1.7.30.1419	1	19.0	19	IncX1
1.1.1.7.30.1387	1	7.0	7	IncFII
1.1.1.7.30.1386	1	6.0	6	IncFII
1.1.1.7.30.1384	1	5.0	5	IncFII
1.1.1.7.30.1383	1	3.0	3	IncFII
1.1.1.7.30.1382	1	7.0	7	IncFII
1.1.1.7.30.1381	1	11.0	11	IncN
1.1.1.7.30.1380	1	2.0	2	IncFII
1.1.1.7.30.1379	1	2.0	2	IncFII
1.1.1.7.30.1377	1	6.0	6	IncFII
1.1.1.7.30.1376	1	4.0	4	IncFII
1.1.1.7.30.1375	1	4.0	4	IncFII
1.1.1.7.30.1374	1	4.0	4	IncFII
1.1.1.7.30.1369	1	11.0	11	IncFII
1.1.1.7.30.1368	1	3.0	3	IncFII
1.1.1.7.30.1367	1	7.0	7	IncFII
1.1.1.7.30.1388	1	1.0	1	IncFII
1.1.1.7.30.1389	1	5.0	5	IncFII
1.1.1.7.30.1390	1	6.0	6	IncFII
1.1.1.7.30.1406	1	16.0	16	IncFII
1.1.1.7.30.1418	1	5.0	5	IncFII
1.1.1.7.30.1415	1	6.0	6	IncN
1.1.1.7.30.1414	1	12.0	12	IncFII
1.1.1.7.30.1412	1	2.0	2	IncFII
1.1.1.7.30.1410	1	3.0	3	IncFII
1.1.1.7.30.1407	1	19.0	19	IncX1
1.1.1.7.30.1405	1	14.0	14	IncFII
1.1.1.7.30.1392	1	1.0	1	IncFII
1.1.1.7.30.1404	1	11.0	11	IncFII
1.1.1.7.30.1399	1	12.0	12	IncFII
1.1.1.7.30.1397	1	11.0	11	IncFII
1.1.1.7.30.1396	1	2.0	2	IncFII
1.1.1.7.30.1394	1	8.0	8	IncFII
1.1.1.7.30.1393	1	1.0	1	IncFII
1.1.1.7.30.1482	1	1.0	1	IncFII
1.1.1.7.30.1484	1	1.0	1	IncFII
1.1.1.7.30.1485	1	14.0	14	IncFII
1.1.1.7.30.1548	1	3.0	3	IncX1
1.1.1.7.30.1571	1	1.0	1	IncFII
1.1.1.7.30.1569	1	1.0	1	IncFII
1.1.1.7.30.1567	1	3.0	3	IncN
1.1.1.7.30.1566	1	6.0	6	IncN
1.1.1.7.30.1563	1	10.0	10	IncFII
1.1.1.7.30.1560	1	2.0	2	IncFII
1.1.1.7.30.1559	1	7.0	7	IncN
1.1.1.7.30.1557	1	6.0	6	IncFII
1.1.1.7.30.1556	1	1.0	1	IncFII
1.1.1.7.30.1555	1	8.0	8	IncFII
1.1.1.7.30.1554	1	1.0	1	IncFII
1.1.1.7.30.1552	1	18.0	18	IncFII
1.1.1.7.30.1551	1	12.0	12	IncFII
1.1.1.7.30.1550	1	15.0	15	IncFII
1.1.1.7.30.155	1	2.0	2	IncX1
1.1.1.7.30.1572	1	4.0	4	IncFII
1.1.1.7.30.1575	1	4.0	4	IncFII
1.1.1.7.30.1576	1	12.0	12	IncFII
1.1.1.7.30.1589	1	1.0	1	IncFII
1.1.1.7.30.1598	1	6.0	6	IncFII
1.1.1.7.30.1597	1	6.0	6	IncFII
1.1.1.7.30.1595	1	6.0	6	IncFII
1.1.1.7.30.1594	1	6.0	6	IncFII
1.1.1.7.30.1593	1	7.0	7	IncN
1.1.1.7.30.1591	1	1.0	1	IncFII
1.1.1.7.30.1588	1	13.0	13	IncFII
1.1.1.7.30.1578	1	1.0	1	IncFII
1.1.1.7.30.1586	1	6.0	6	IncFII
1.1.1.7.30.1585	1	4.0	4	IncFII
1.1.1.7.30.1584	1	5.0	5	IncX1
1.1.1.7.30.1583	1	2.0	2	IncFII
1.1.1.7.30.1581	1	2.0	2	IncN
1.1.1.7.30.1579	1	3.0	3	IncFII
1.1.1.7.30.1549	1	1.0	1	IncFII
1.1.1.7.30.1547	1	23.0	23	IncFII
1.1.1.7.30.1488	1	3.0	3	IncFII
1.1.1.7.30.1545	1	4.0	4	IncFII
1.1.1.7.30.1512	1	10.0	10	IncFII
1.1.1.7.30.1511	1	5.0	5	IncFII
1.1.1.7.30.1510	1	5.0	5	IncFII
1.1.1.7.30.1507	1	7.0	7	IncFII
1.1.1.7.30.1506	1	12.0	12	IncFII
1.1.1.7.30.1505	1	3.0	3	IncFII
1.1.1.7.30.1503	1	5.0	5	IncFII
1.1.1.7.30.1502	1	1.0	1	IncFII
1.1.1.7.30.1501	1	5.0	5	IncFII
1.1.1.7.30.1500	1	5.0	5	IncFII
1.1.1.7.30.1499	1	3.0	3	IncFII
1.1.1.7.30.1497	1	15.0	15	IncFII
1.1.1.7.30.1495	1	1.0	1	IncFII
1.1.1.7.30.1494	1	11.0	11	IncFII
1.1.1.7.30.1491	1	1.0	1	IncFII
1.1.1.7.30.1513	1	2.0	2	IncFII
1.1.1.7.30.1514	1	7.0	7	IncN
1.1.1.7.30.1516	1	5.0	5	IncFII
1.1.1.7.30.1536	1	10.0	10	IncFII
1.1.1.7.30.1544	1	1.0	1	IncFII
1.1.1.7.30.1542	1	4.0	4	IncFII
1.1.1.7.30.1541	1	9.0	9	IncN
1.1.1.7.30.1540	1	18.0	18	IncFII
1.1.1.7.30.154	1	2.0	2	IncX1
1.1.1.7.30.1539	1	6.0	6	IncFII
1.1.1.7.30.1533	1	2.0	2	IncFII
1.1.1.7.30.1518	1	1.0	1	IncFII
1.1.1.7.30.1531	1	5.0	5	IncFII
1.1.1.7.30.153	1	6.0	6	IncX1
1.1.1.7.30.1528	1	9.0	9	IncFII
1.1.1.7.30.1522	1	3.0	3	IncFII
1.1.1.7.30.1521	1	1.0	1	IncFII
1.1.1.7.30.1519	1	4.0	4	IncFII
1.1.1.7.30.1366	1	3.0	3	IncFII
1.1.1.7.30.1364	1	10.0	10	IncFII
1.1.1.7.30.1600	1	1.0	1	IncN
1.1.1.7.30.114	1	1.0	1	IncFII
1.1.1.7.30.1137	1	2.0	2	IncFII
1.1.1.7.30.1136	1	5.0	5	IncFII
1.1.1.7.30.1133	1	3.0	3	IncN
1.1.1.7.30.1129	1	8.0	8	IncFII
1.1.1.7.30.1126	1	1.0	1	IncFII
1.1.1.7.30.112	1	1.0	1	IncFII
1.1.1.7.30.1117	1	7.0	7	IncFII
1.1.1.7.30.1116	1	12.0	12	IncN
1.1.1.7.30.1115	1	8.0	8	IncN
1.1.1.7.30.1111	1	1.0	1	IncFII
1.1.1.7.30.1109	1	2.0	2	IncFII
1.1.1.7.30.1105	1	1.0	1	IncFII
1.1.1.7.30.1101	1	3.0	3	IncFII
1.1.1.7.30.1100	1	5.0	5	IncFII
1.1.1.7.30.1094	1	7.0	7	IncFII
1.1.1.7.30.1138	1	5.0	5	IncFII
1.1.1.7.30.1140	1	3.0	3	IncN
1.1.1.7.30.1363	1	10.0	10	IncFII
1.1.1.7.30.1141	1	5.0	5	IncN
1.1.1.7.30.1173	1	8.0	8	IncFII
1.1.1.7.30.1172	1	1.0	1	IncFII
1.1.1.7.30.1171	1	10.0	10	IncFII
1.1.1.7.30.1170	1	8.0	8	IncFII
1.1.1.7.30.1169	1	1.0	1	IncFII
1.1.1.7.30.1168	1	13.0	13	IncFII
1.1.1.7.30.1167	1	9.0	9	IncFII
1.1.1.7.30.1164	1	8.0	8	IncFII
1.1.1.7.30.1163	1	1.0	1	IncFII
1.1.1.7.30.1160	1	3.0	3	IncFII
1.1.1.7.30.1156	1	16.0	16	IncFII
1.1.1.7.30.1155	1	5.0	5	IncFII
1.1.1.7.30.1154	1	10.0	10	IncFII
1.1.1.7.30.1152	1	10.0	10	IncFII
1.1.1.7.30.1151	1	8.0	8	IncFII
1.1.1.7.30.109	1	1.0	1	IncX1
1.1.1.7.30.1089	1	16.0	16	IncFII
1.1.1.7.30.1088	1	10.0	10	IncFII
1.1.1.7.30.1087	1	11.0	11	IncFII
1.1.1.7.30.1029	1	8.0	8	IncFII
1.1.1.7.30.1024	1	10.0	10	IncFII
1.1.1.7.30.1023	1	11.0	11	IncFII
1.1.1.7.30.1022	1	15.0	15	IncFII
1.1.1.7.30.1018	1	9.0	9	IncFII
1.1.1.7.30.1017	1	10.0	10	IncFII
1.1.1.7.30.1014	1	2.0	2	IncFII
1.1.1.7.30.1013	1	4.0	4	IncFII
1.1.1.7.30.1012	1	9.0	9	IncFII
1.1.1.7.30.1011	1	9.0	9	IncFII
1.1.1.7.30.1003	1	2.0	2	IncFII
1.1.1.7.29.54	1	1.0	1	IncX1
1.1.1.7.29.53	1	1.0	1	IncX1
1.1.1.7.27.47	1	1.0	1	IncX1
1.1.1.7.18.28	1	4.0	4	IncFII
1.1.1.7.30.1030	1	5.0	5	IncFII
1.1.1.7.30.1031	1	2.0	2	IncFII
1.1.1.7.30.1038	1	5.0	5	IncFII
1.1.1.7.30.1068	1	1.0	1	IncFII
1.1.1.7.30.1082	1	5.0	5	IncFII
1.1.1.7.30.1081	1	9.0	9	IncFII
1.1.1.7.30.108	1	1.0	1	IncX1
1.1.1.7.30.1075	1	1.0	1	IncFII
1.1.1.7.30.1073	1	7.0	7	IncFII
1.1.1.7.30.1072	1	4.0	4	IncFII
1.1.1.7.30.1062	1	9.0	9	IncFII
1.1.1.7.30.1045	1	2.0	2	IncFII
1.1.1.7.30.1061	1	9.0	9	IncFII
1.1.1.7.30.1060	1	1.0	1	IncFII
1.1.1.7.30.1058	1	3.0	3	IncFII
1.1.1.7.30.1057	1	2.0	2	IncFII
1.1.1.7.30.1056	1	3.0	3	IncFII
1.1.1.7.30.1052	1	1.0	1	IncFII
1.1.1.7.30.1174	1	6.0	6	IncFII
1.1.1.7.30.1175	1	6.0	6	IncFII
1.1.1.7.30.1176	1	6.0	6	IncFII
1.1.1.7.30.1302	1	1.0	1	IncFII
1.1.1.7.30.1335	1	2.0	2	IncFII
1.1.1.7.30.1334	1	4.0	4	IncFII
1.1.1.7.30.1333	1	4.0	4	IncFII
1.1.1.7.30.1332	1	4.0	4	IncFII
1.1.1.7.30.1331	1	3.0	3	IncFII
1.1.1.7.30.1328	1	6.0	6	IncFII
1.1.1.7.30.1323	1	1.0	1	IncFII
1.1.1.7.30.1322	1	2.0	2	IncFII
1.1.1.7.30.1321	1	6.0	6	IncFII
1.1.1.7.30.1320	1	5.0	5	IncFII
1.1.1.7.30.1318	1	6.0	6	IncN
1.1.1.7.30.1317	1	8.0	8	IncFII
1.1.1.7.30.1316	1	6.0	6	IncFII
1.1.1.7.30.1315	1	13.0	13	IncFII
1.1.1.7.30.1314	1	11.0	11	IncX1
1.1.1.7.30.1337	1	5.0	5	IncFII
1.1.1.7.30.1339	1	9.0	9	IncFII
1.1.1.7.30.1341	1	17.0	17	IncFII
1.1.1.7.30.1356	1	11.0	11	IncFII
1.1.1.7.30.1362	1	8.0	8	IncX1
1.1.1.7.30.1361	1	3.0	3	IncFII
1.1.1.7.30.1360	1	7.0	7	IncN
1.1.1.7.30.1359	1	10.0	10	IncFII
1.1.1.7.30.1358	1	6.0	6	IncFII
1.1.1.7.30.1357	1	6.0	6	IncFII
1.1.1.7.30.1355	1	15.0	15	IncFII
1.1.1.7.30.1347	1	1.0	1	IncFII
1.1.1.7.30.1353	1	10.0	10	IncFII
1.1.1.7.30.1352	1	19.0	19	IncFII
1.1.1.7.30.1351	1	1.0	1	IncFII
1.1.1.7.30.1350	1	1.0	1	IncFII
1.1.1.7.30.1349	1	8.0	8	IncFII
1.1.1.7.30.1348	1	11.0	11	IncFII
1.1.1.7.30.1304	1	7.0	7	IncFII
1.1.1.7.30.1297	1	1.0	1	IncFII
1.1.1.7.30.1177	1	6.0	6	IncN
1.1.1.7.30.1296	1	5.0	5	IncFII
1.1.1.7.30.1245	1	5.0	5	IncFII
1.1.1.7.30.1243	1	1.0	1	IncFII
1.1.1.7.30.1236	1	1.0	1	IncFII
1.1.1.7.30.1232	1	3.0	3	IncFII
1.1.1.7.30.1227	1	4.0	4	IncN
1.1.1.7.30.1226	1	6.0	6	IncFII
1.1.1.7.30.1220	1	3.0	3	IncFII
1.1.1.7.30.1206	1	3.0	3	IncFII
1.1.1.7.30.1202	1	4.0	4	IncFII
1.1.1.7.30.1197	1	10.0	10	IncN
1.1.1.7.30.1196	1	16.0	16	IncFII
1.1.1.7.30.1193	1	1.0	1	IncFII
1.1.1.7.30.1189	1	3.0	3	IncFII
1.1.1.7.30.1188	1	6.0	6	IncFII
1.1.1.7.30.1185	1	8.0	8	IncFII
1.1.1.7.30.1246	1	3.0	3	IncN
1.1.1.7.30.1249	1	3.0	3	IncFII
1.1.1.7.30.1252	1	4.0	4	IncFII
1.1.1.7.30.1286	1	3.0	3	IncFII
1.1.1.7.30.1295	1	10.0	10	IncFII
1.1.1.7.30.1293	1	8.0	8	IncFII
1.1.1.7.30.1292	1	8.0	8	IncN
1.1.1.7.30.1291	1	1.0	1	IncFII
1.1.1.7.30.1289	1	11.0	11	IncN
1.1.1.7.30.1288	1	11.0	11	IncFII
1.1.1.7.30.1284	1	7.0	7	IncFII
1.1.1.7.30.1254	1	3.0	3	IncFII
1.1.1.7.30.128	1	1.0	1	IncFII
1.1.1.7.30.1275	1	5.0	5	IncFII
1.1.1.7.30.1272	1	32.0	32	IncFII
1.1.1.7.30.1261	1	11.0	11	IncFII
1.1.1.7.30.1257	1	5.0	5	IncFII
1.1.1.7.30.1256	1	5.0	5	IncFII
1.1.1.7.30.1599	1	5.0	5	IncFII
1.1.1.7.30.1601	1	4.0	4	IncFII
1.1.1.7.30.209	1	1.0	1	IncX1
1.1.1.7.30.1905	1	4.0	4	IncFII
1.1.1.7.30.1901	1	2.0	2	IncFII
1.1.1.7.30.1900	1	3.0	3	IncN
1.1.1.7.30.1899	1	2.0	2	IncN
1.1.1.7.30.1898	1	5.0	5	IncN
1.1.1.7.30.1897	1	2.0	2	IncN
1.1.1.7.30.1894	1	12.0	12	IncX1
1.1.1.7.30.1892	1	1.0	1	IncFII
1.1.1.7.30.1889	1	1.0	1	IncFII
1.1.1.7.30.1888	1	1.0	1	IncFII
1.1.1.7.30.1886	1	5.0	5	IncFII
1.1.1.7.30.1885	1	2.0	2	IncX1
1.1.1.7.30.1884	1	5.0	5	IncN
1.1.1.7.30.1882	1	3.0	3	IncFII
1.1.1.7.30.1881	1	6.0	6	IncN
1.1.1.7.30.1880	1	1.0	1	IncN
1.1.1.7.30.1904	1	2.0	2	IncN
1.1.1.7.30.1911	1	12.0	12	IncN
1.1.1.7.30.1825	1	15.0	15	IncX1
1.1.1.7.30.1912	1	12.0	12	IncX1
1.1.1.7.30.1939	1	3.0	3	IncX1
1.1.1.7.30.1937	1	4.0	4	IncN
1.1.1.7.30.1936	1	4.0	4	IncFII
1.1.1.7.30.1934	1	3.0	3	IncN
1.1.1.7.30.1932	1	9.0	9	IncN
1.1.1.7.30.1930	1	5.0	5	IncX1
1.1.1.7.30.1929	1	2.0	2	IncFII
1.1.1.7.30.1928	1	4.0	4	IncFII
1.1.1.7.30.1927	1	1.0	1	IncN
1.1.1.7.30.1925	1	6.0	6	IncN
1.1.1.7.30.1923	1	8.0	8	IncX1
1.1.1.7.30.1917	1	11.0	11	IncN
1.1.1.7.30.1915	1	5.0	5	IncFII
1.1.1.7.30.1914	1	18.0	18	IncX1
1.1.1.7.30.1913	1	15.0	15	IncFII
1.1.1.7.30.1879	1	7.0	7	IncFII
1.1.1.7.30.1877	1	2.0	2	IncFII
1.1.1.7.30.1876	1	10.0	10	IncFII
1.1.1.7.30.1875	1	6.0	6	IncFII
1.1.1.7.30.1850	1	10.0	10	IncN
1.1.1.7.30.1849	1	2.0	2	IncFII
1.1.1.7.30.1848	1	2.0	2	IncN
1.1.1.7.30.1844	1	4.0	4	IncFII
1.1.1.7.30.1843	1	9.0	9	IncN
1.1.1.7.30.1840	1	8.0	8	IncN
1.1.1.7.30.184	1	3.0	3	IncX1
1.1.1.7.30.1839	1	1.0	1	IncFII
1.1.1.7.30.1838	1	1.0	1	IncFII
1.1.1.7.30.1836	1	16.0	16	IncFII
1.1.1.7.30.1833	1	2.0	2	IncN
1.1.1.7.30.1832	1	5.0	5	IncN
1.1.1.7.30.1830	1	8.0	8	IncN
1.1.1.7.30.1828	1	1.0	1	IncFII
1.1.1.7.30.1827	1	10.0	10	IncFII
1.1.1.7.30.1854	1	1.0	1	IncFII
1.1.1.7.30.1855	1	1.0	1	IncFII
1.1.1.7.30.1856	1	2.0	2	IncFII
1.1.1.7.30.1866	1	12.0	12	IncX1
1.1.1.7.30.1874	1	1.0	1	IncFII
1.1.1.7.30.1873	1	12.0	12	IncX1
1.1.1.7.30.1872	1	1.0	1	IncN
1.1.1.7.30.1870	1	5.0	5	IncN
1.1.1.7.30.1869	1	7.0	7	IncX1
1.1.1.7.30.1868	1	2.0	2	IncFII
1.1.1.7.30.1864	1	1.0	1	IncFII
1.1.1.7.30.1857	1	2.0	2	IncFII
1.1.1.7.30.1863	1	3.0	3	IncX1
1.1.1.7.30.1862	1	12.0	12	IncFII
1.1.1.7.30.1861	1	3.0	3	IncFII
1.1.1.7.30.1860	1	5.0	5	IncN
1.1.1.7.30.1859	1	15.0	15	IncX1
1.1.1.7.30.1858	1	8.0	8	IncN
1.1.1.7.30.1940	1	1.0	1	IncX1
1.1.1.7.30.1941	1	4.0	4	IncX1
1.1.1.7.30.1942	1	1.0	1	IncX1
1.1.1.7.30.2027	1	3.0	3	IncX1
1.1.1.7.30.2056	1	1.0	1	IncX1
1.1.1.7.30.2055	1	5.0	5	IncX1
1.1.1.7.30.2054	1	10.0	10	IncX1
1.1.1.7.30.205	1	7.0	7	IncX1
1.1.1.7.30.2048	1	2.0	2	IncN
1.1.1.7.30.2047	1	4.0	4	IncX1
1.1.1.7.30.2044	1	5.0	5	IncFII
1.1.1.7.30.2041	1	4.0	4	IncX1
1.1.1.7.30.2040	1	6.0	6	IncX1
1.1.1.7.30.2037	1	6.0	6	IncX1
1.1.1.7.30.2035	1	3.0	3	IncN
1.1.1.7.30.2033	1	6.0	6	IncN
1.1.1.7.30.2032	1	8.0	8	IncX1
1.1.1.7.30.2031	1	7.0	7	IncX1
1.1.1.7.30.2030	1	1.0	1	IncN
1.1.1.7.30.2058	1	9.0	9	IncN
1.1.1.7.30.2061	1	1.0	1	IncX1
1.1.1.7.30.2064	1	5.0	5	IncX1
1.1.1.7.30.2076	1	5.0	5	IncFII
1.1.1.7.30.2088	1	2.0	2	IncFII
1.1.1.7.30.2087	1	6.0	6	IncX1
1.1.1.7.30.2084	1	6.0	6	IncX1
1.1.1.7.30.2083	1	11.0	11	IncN
1.1.1.7.30.2080	1	3.0	3	IncN
1.1.1.7.30.2078	1	1.0	1	IncFII
1.1.1.7.30.2075	1	4.0	4	IncFII
1.1.1.7.30.2065	1	6.0	6	IncX1
1.1.1.7.30.2073	1	5.0	5	IncX1
1.1.1.7.30.2070	1	1.0	1	IncX1
1.1.1.7.30.207	1	3.0	3	IncX1
1.1.1.7.30.2068	1	9.0	9	IncFII
1.1.1.7.30.2067	1	1.0	1	IncX1
1.1.1.7.30.2066	1	2.0	2	IncFII
1.1.1.7.30.203	1	1.0	1	IncX1
1.1.1.7.30.2026	1	3.0	3	IncFII
1.1.1.7.30.1943	1	2.0	2	IncX1
1.1.1.7.30.2025	1	7.0	7	IncN
1.1.1.7.30.1998	1	4.0	4	IncX1
1.1.1.7.30.1997	1	6.0	6	IncX1
1.1.1.7.30.1996	1	3.0	3	IncX1
1.1.1.7.30.1994	1	1.0	1	IncX1
1.1.1.7.30.1989	1	2.0	2	IncX1
1.1.1.7.30.1982	1	1.0	1	IncX1
1.1.1.7.18.27	1	3.0	3	IncFII
1.1.1.7.30.1974	1	1.0	1	IncX1
1.1.1.7.30.1966	1	3.0	3	IncX1
1.1.1.7.30.1959	1	1.0	1	IncX1
1.1.1.7.30.1954	1	1.0	1	IncX1
1.1.1.7.30.1953	1	1.0	1	IncX1
1.1.1.7.30.1947	1	1.0	1	IncX1
1.1.1.7.30.1946	1	1.0	1	IncX1
1.1.1.7.30.1945	1	4.0	4	IncX1
1.1.1.7.30.1999	1	2.0	2	IncX1
1.1.1.7.30.2000	1	4.0	4	IncX1
1.1.1.7.30.2001	1	3.0	3	IncX1
1.1.1.7.30.2010	1	2.0	2	IncX1
1.1.1.7.30.2024	1	2.0	2	IncFII
1.1.1.7.30.2023	1	6.0	6	IncX1
1.1.1.7.30.2019	1	1.0	1	IncX1
1.1.1.7.30.2014	1	6.0	6	IncX1
1.1.1.7.30.2012	1	13.0	13	IncX1
1.1.1.7.30.2011	1	1.0	1	IncN
1.1.1.7.30.201	1	1.0	1	IncX1
1.1.1.7.30.2002	1	3.0	3	IncX1
1.1.1.7.30.2008	1	5.0	5	IncX1
1.1.1.7.30.2007	1	5.0	5	IncX1
1.1.1.7.30.2006	1	2.0	2	IncX1
1.1.1.7.30.2005	1	2.0	2	IncX1
1.1.1.7.30.2004	1	1.0	1	IncX1
1.1.1.7.30.2003	1	2.0	2	IncX1
1.1.1.7.30.1826	1	5.0	5	IncFII
1.1.1.7.30.1823	1	2.0	2	IncX1
1.1.1.7.30.1603	1	4.0	4	IncFII
1.1.1.7.30.1686	1	3.0	3	IncFII
1.1.1.7.30.1684	1	10.0	10	IncFII
1.1.1.7.30.1683	1	9.0	9	IncFII
1.1.1.7.30.1681	1	1.0	1	IncFII
1.1.1.7.30.1679	1	17.0	17	IncN
1.1.1.7.30.1672	1	6.0	6	IncN
1.1.1.7.30.1670	1	2.0	2	IncFII
1.1.1.7.30.167	1	4.0	4	IncX1
1.1.1.7.30.1669	1	3.0	3	IncFII
1.1.1.7.30.1668	1	6.0	6	IncFII
1.1.1.7.30.1665	1	6.0	6	IncFII
1.1.1.7.30.1664	1	11.0	11	IncFII
1.1.1.7.30.1663	1	10.0	10	IncFII
1.1.1.7.30.1662	1	1.0	1	IncFII
1.1.1.7.30.1661	1	3.0	3	IncFII
1.1.1.7.30.1660	1	1.0	1	IncFII
1.1.1.7.30.1685	1	2.0	2	IncFII
1.1.1.7.30.1687	1	1.0	1	IncFII
1.1.1.7.30.1821	1	2.0	2	IncFII
1.1.1.7.30.1688	1	9.0	9	IncFII
1.1.1.7.30.1717	1	12.0	12	IncN
1.1.1.7.30.1715	1	1.0	1	IncFII
1.1.1.7.30.1709	1	1.0	1	IncFII
1.1.1.7.30.1708	1	3.0	3	IncX1
1.1.1.7.30.1706	1	5.0	5	IncFII
1.1.1.7.30.1705	1	4.0	4	IncFII
1.1.1.7.30.1704	1	2.0	2	IncFII
1.1.1.7.30.1703	1	2.0	2	IncFII
1.1.1.7.30.1700	1	12.0	12	IncFII
1.1.1.7.30.170	1	1.0	1	IncX1
1.1.1.7.30.1698	1	2.0	2	IncFII
1.1.1.7.30.1694	1	10.0	10	IncFII
1.1.1.7.30.1692	1	8.0	8	IncFII
1.1.1.7.30.1690	1	8.0	8	IncX1
1.1.1.7.30.169	1	1.0	1	IncX1
1.1.1.7.30.1657	1	12.0	12	IncFII
1.1.1.7.30.1656	1	2.0	2	IncFII
1.1.1.7.30.1653	1	3.0	3	IncFII
1.1.1.7.30.1651	1	6.0	6	IncFII
1.1.1.7.30.1622	1	8.0	8	IncFII
1.1.1.7.30.162	1	7.0	7	IncX1
1.1.1.7.30.1619	1	17.0	17	IncFII
1.1.1.7.30.1618	1	9.0	9	IncFII
1.1.1.7.30.1617	1	7.0	7	IncFII
1.1.1.7.30.1615	1	2.0	2	IncFII
1.1.1.7.30.1614	1	11.0	11	IncFII
1.1.1.7.30.1612	1	32.0	32	IncFII
1.1.1.7.30.1611	1	17.0	17	IncFII
1.1.1.7.30.1610	1	4.0	4	IncFII
1.1.1.7.30.161	1	1.0	1	IncN
1.1.1.7.30.1608	1	7.0	7	IncFII
1.1.1.7.30.1606	1	15.0	15	IncX1
1.1.1.7.30.1605	1	2.0	2	IncFII
1.1.1.7.30.1604	1	7.0	7	IncFII
1.1.1.7.30.1624	1	10.0	10	IncN
1.1.1.7.30.1625	1	2.0	2	IncFII
1.1.1.7.30.1628	1	9.0	9	IncFII
1.1.1.7.30.1643	1	9.0	9	IncFII
1.1.1.7.30.1650	1	36.0	36	IncFII
1.1.1.7.30.165	1	1.0	1	IncN
1.1.1.7.30.1649	1	1.0	1	IncFII
1.1.1.7.30.1648	1	10.0	10	IncFII
1.1.1.7.30.1646	1	6.0	6	IncN
1.1.1.7.30.1645	1	5.0	5	IncN
1.1.1.7.30.1639	1	3.0	3	IncFII
1.1.1.7.30.1629	1	3.0	3	IncN
1.1.1.7.30.1637	1	5.0	5	IncFII
1.1.1.7.30.1635	1	18.0	18	IncFII
1.1.1.7.30.1633	1	8.0	8	IncFII
1.1.1.7.30.1632	1	9.0	9	IncFII
1.1.1.7.30.1631	1	8.0	8	IncFII
1.1.1.7.30.163	1	3.0	3	IncX1
1.1.1.7.30.1718	1	4.0	4	IncX1
1.1.1.7.30.1720	1	9.0	9	IncN
1.1.1.7.30.1721	1	3.0	3	IncFII
1.1.1.7.30.1776	1	6.0	6	IncFII
1.1.1.7.30.1798	1	7.0	7	IncX1
1.1.1.7.30.1796	1	9.0	9	IncX1
1.1.1.7.30.1794	1	11.0	11	IncX1
1.1.1.7.30.1792	1	4.0	4	IncX1
1.1.1.7.30.1791	1	1.0	1	IncN
1.1.1.7.30.1790	1	7.0	7	IncFII
1.1.1.7.30.179	1	1.0	1	IncX1
1.1.1.7.30.1789	1	6.0	6	IncN
1.1.1.7.30.1788	1	8.0	8	IncN
1.1.1.7.30.1787	1	10.0	10	IncFII
1.1.1.7.30.1786	1	3.0	3	IncFII
1.1.1.7.30.1785	1	5.0	5	IncN
1.1.1.7.30.1783	1	5.0	5	IncFII
1.1.1.7.30.1781	1	9.0	9	IncX1
1.1.1.7.30.178	1	2.0	2	IncX1
1.1.1.7.30.1799	1	14.0	14	IncFII
1.1.1.7.30.180	1	7.0	7	IncX1
1.1.1.7.30.1800	1	2.0	2	IncFII
1.1.1.7.30.1813	1	2.0	2	IncN
1.1.1.7.30.1820	1	1.0	1	IncFII
1.1.1.7.30.1819	1	10.0	10	IncN
1.1.1.7.30.1818	1	11.0	11	IncN
1.1.1.7.30.1816	1	2.0	2	IncX1
1.1.1.7.30.1815	1	9.0	9	IncX1
1.1.1.7.30.1814	1	2.0	2	IncN
1.1.1.7.30.1811	1	9.0	9	IncFII
1.1.1.7.30.1801	1	2.0	2	IncFII
1.1.1.7.30.1810	1	17.0	17	IncX1
1.1.1.7.30.181	1	1.0	1	IncX1
1.1.1.7.30.1809	1	2.0	2	IncFII
1.1.1.7.30.1806	1	1.0	1	IncFII
1.1.1.7.30.1805	1	8.0	8	IncX1
1.1.1.7.30.1802	1	1.0	1	IncX1
1.1.1.7.30.1778	1	5.0	5	IncFII
1.1.1.7.30.1775	1	8.0	8	IncX1
1.1.1.7.30.1722	1	9.0	9	IncFII
1.1.1.7.30.1774	1	3.0	3	IncFII
1.1.1.7.30.1747	1	1.0	1	IncFII
1.1.1.7.30.1744	1	7.0	7	IncFII
1.1.1.7.30.1743	1	2.0	2	IncFII
1.1.1.7.30.1742	1	7.0	7	IncFII
1.1.1.7.30.1741	1	1.0	1	IncFII
1.1.1.7.30.1740	1	14.0	14	IncX1
1.1.1.7.30.174	1	3.0	3	IncX1
1.1.1.7.30.1734	1	11.0	11	IncX1
1.1.1.7.30.1731	1	9.0	9	IncX1
1.1.1.7.30.173	1	2.0	2	IncX1
1.1.1.7.30.1727	1	9.0	9	IncFII
1.1.1.7.30.1726	1	4.0	4	IncN
1.1.1.7.30.1725	1	2.0	2	IncFII
1.1.1.7.30.1724	1	17.0	17	IncFII
1.1.1.7.30.1723	1	5.0	5	IncFII
1.1.1.7.30.175	1	1.0	1	IncX1
1.1.1.7.30.1750	1	9.0	9	IncFII
1.1.1.7.30.1751	1	4.0	4	IncFII
1.1.1.7.30.1763	1	1.0	1	IncN
1.1.1.7.30.1772	1	1.0	1	IncFII
1.1.1.7.30.1771	1	4.0	4	IncFII
1.1.1.7.30.1770	1	3.0	3	IncFII
1.1.1.7.30.1769	1	4.0	4	IncFII
1.1.1.7.30.1766	1	4.0	4	IncFII
1.1.1.7.30.1764	1	7.0	7	IncX1
1.1.1.7.30.1762	1	9.0	9	IncN
1.1.1.7.30.1752	1	5.0	5	IncFII
1.1.1.7.30.1760	1	2.0	2	IncN
1.1.1.7.30.176	1	2.0	2	IncX1
1.1.1.7.30.1759	1	1.0	1	IncFII
1.1.1.7.30.1758	1	6.0	6	IncN
1.1.1.7.30.1757	1	5.0	5	IncN
1.1.1.7.30.1755	1	1.0	1	IncFII
1.1.1.7.65.2215	1	1.0	1	IncX1
