accession	pLIN_v41	excluded_database_rows
NZ_JAUFNX020000002.1	328.356.371.2564.2704.93441	1
NZ_JAUFNX020000003.1	159.167.171.172.173.1356	0
NZ_JAUFNX020000004.1	330.358.374.402.406.2536	1
NZ_JAUFNY020000002.1	1409.14216.16852.20357.72686.93442	1
NZ_JAUFNY020000003.1	276.19720.23547.29037.31962.39548	1
NZ_JAUFNY020000004.1	159.167.171.172.173.1356	0
NZ_JAUFNY020000005.1	5587.7372.8634.10340.11252.13554	0
NZ_JAUFNY020000006.1	27333.39727.49523.62736.72687.93443	1
NZ_JAUFNY020000007.1	191.203.208.21618.23668.59521	1
NZ_JAUFNZ020000002.1	276.19720.23547.29037.31962.39548	0
NZ_JAUFNZ020000003.1	159.167.171.172.173.1356	0
NZ_JAUFNZ020000004.1	5587.7372.8634.10340.11252.13554	0
NZ_JAUFNZ020000005.1	18567.27596.33654.42226.47339.59520	0
NZ_JAUFNZ020000006.1	191.203.208.21618.23668.59521	0
NZ_JAUFOA020000002.1	1409.14216.16852.20357.47338.59519	0
NZ_JAUFOA020000004.1	159.167.171.172.173.1356	0
NZ_JAUFOA020000005.1	5587.7372.8634.10340.11252.13554	0
NZ_JAUFOA020000006.1	18568.27597.33655.42227.47340.93444	1
NZ_JAUFOA020000008.1	18567.27596.33654.42226.47339.59520	0
NZ_JAUFOA020000009.1	191.203.208.21618.23668.59521	1
NZ_JAUFOB020000006.1	159.167.171.172.173.1356	0
NZ_JAUFOB020000007.1	27334.39728.49524.62737.72688.93445	1
NZ_JAUFOB020000010.1	1301.1623.1762.1985.2087.2309	1
NZ_JAUFOC020000002.1	205.24627.29798.37355.41327.93446	1
NZ_JAUFOC020000003.1	154.947.1027.8353.9008.93447	1
NZ_JAUFOC020000004.1	159.167.171.172.173.1356	0
NZ_JAUFOD020000002.1	205.217.222.226.14164.93448	1
NZ_JAUFOD020000003.1	159.167.171.172.173.93449	1
NZ_JAUFOD020000004.1	179.189.194.197.198.201	0
NZ_JAUFOD020000005.1	1328.1662.1806.2062.2171.2441	0
NZ_JAUFOE020000002.1	159.167.171.172.173.1356	0
NZ_JAUFOF020000002.1	205.217.222.226.14164.93450	1
NZ_JAUFOF020000003.1	205.1188.49525.62738.72689.93451	1
NZ_JAUFOF020000004.1	159.167.171.172.173.1356	0
NZ_JAUFOF020000005.1	179.189.194.197.198.201	0
NZ_JAUFOF020000006.1	446.508.548.604.618.656	0
NZ_JAUFOI020000002.1	205.217.222.226.14164.59526	0
NZ_JAUFOI020000003.1	159.167.171.172.173.1356	0
NZ_JAUFOI020000004.1	179.189.194.197.198.201	0
NZ_JAUFOI020000005.1	27335.39729.49526.62739.72690.93452	1
NZ_JAUFOI020000006.1	27336.39730.49527.62740.72691.93453	1
NZ_JAUFOJ020000003.1	159.167.171.172.173.1356	0
NZ_JAUFOL020000002.1	205.217.222.226.14164.59526	0
NZ_JAUFOL020000003.1	51.53.1061.3046.3239.93454	1
NZ_JAUFOL020000004.1	159.167.171.172.173.1356	0
NZ_JAUFOL020000005.1	179.189.194.197.198.201	0
NZ_JAUFOL020000006.1	18570.27599.33658.42230.47343.59530	0
NZ_JAUFOL020000007.1	18571.27600.33659.42231.47344.59531	0
NZ_JAUFOM020000002.1	159.167.171.172.173.1356	0
NZ_JAUFOM020000003.1	15955.39731.49528.62741.72692.93455	1
NZ_JAUFOO020000002.1	178.771.839.935.966.93456	1
NZ_JAUFOO020000003.1	205.217.222.226.14164.59528	0
NZ_JAUFOO020000004.1	159.167.171.172.173.1356	0
NZ_JAUFOO020000005.1	179.189.194.197.198.201	0
NZ_JAUFOO020000006.1	446.508.548.604.618.656	0
NZ_JAUFOP020000002.1	178.771.839.935.966.93457	1
NZ_JAUFOP020000003.1	205.217.222.226.14164.59528	0
NZ_JAUFOP020000004.1	159.167.171.172.173.1356	0
NZ_JAUFOP020000005.1	179.189.194.197.198.201	0
NZ_JAUFOP020000006.1	446.508.548.604.618.656	0
NZ_JBRZET010000007.1	17492.26114.49529.62742.72693.93458	1
NZ_JBRZET010000008.1	435.490.527.580.594.632	0
NZ_JBRZEU010000002.1	156.1759.1922.2199.2316.93459	1
NZ_JBRZEU010000003.1	159.167.171.172.173.1356	0
NZ_JBRZEU010000004.1	284.306.316.332.335.343	7
NZ_JBRZEU010000005.1	285.307.317.333.336.344	0
NZ_JBRZEV010000002.1	160.168.172.2758.16206.93460	1
NZ_JBRZEV010000003.1	51.39732.49530.62743.72694.93461	1
NZ_JBRZEW010000002.1	160.225.230.236.237.10139	0
NZ_JBRZEX010000002.1	261.28570.35067.62744.72695.93462	1
NZ_JBRZEX010000003.1	685.940.22648.27966.30815.38142	1
NZ_JBRZEX010000004.1	27337.39733.49531.62745.72696.93463	1
NZ_JBRZEY010000003.1	159.167.171.172.173.1356	0
NZ_JBRZEZ010000002.1	160.1600.1732.62746.72697.93464	1
NZ_JBRZEZ010000003.1	51.53.747.62747.72698.93465	1
NZ_JBRZEZ010000004.1	5258.6902.8077.9650.10497.12660	0
NZ_JBRZEZ010000006.1	7949.10797.12724.15306.16700.20089	0
NZ_JBRZFA010000003.1	277.39734.49532.62748.72699.93466	1
NZ_JBRZFA010000004.1	428.483.520.573.587.625	0
NZ_JBRZFB010000003.1	684.791.861.36600.40502.50854	1
NZ_JBRZFC010000002.1	194.7252.8499.10184.32325.67290	0
NZ_JBRZFC010000003.1	158.166.170.62749.72700.93467	1
NZ_JBRZFC010000004.1	52.1798.10406.12513.13640.93468	1
NZ_JBRZFC010000005.1	52.14530.17229.20832.72701.93469	1
NZ_JBRZFC010000006.1	687.795.866.3952.72702.93470	1
NZ_JBRZFC010000007.1	5288.6965.49533.62750.72703.93471	1
NZ_JBRZFC010000008.1	1577.2061.2295.2720.2867.3270	0
NZ_JBRZFC010000009.1	5974.7957.25528.31629.34881.43372	0
NZ_JBRZFD010000002.1	9183.39735.49534.62751.72704.93472	1
NZ_JBRZFD010000003.1	154.947.1027.8353.9008.93473	1
NZ_JBRZFD010000004.1	159.167.171.172.173.1356	0
NZ_JBRZFD010000005.1	1410.39736.49535.62752.72705.93474	1
NZ_JBRZFD010000006.1	292.314.325.341.344.353	0
NZ_JBRZFE010000002.1	1045.1274.1373.1527.27059.93475	0
NZ_JBRZFE010000003.1	159.167.171.172.173.1356	0
NZ_JBRZFF010000002.1	264.2927.3302.4062.4379.6905	0
NZ_JBRZFF010000003.1	281.303.313.11910.16717.21486	0
NZ_JBRZFG010000002.1	160.225.230.236.237.10139	0
NZ_JBRZFG010000003.1	156.182.187.895.3672.93476	1
NZ_JBRZFG010000004.1	323.2166.31087.62753.72706.93477	1
NZ_JBRZFG010000005.1	425.480.517.570.584.622	0
NZ_JBRZFG010000006.1	428.483.520.573.587.625	0
NZ_JBRZFH010000002.1	161.169.173.174.175.24546	0
NZ_JBRZFH010000003.1	446.508.548.2037.2145.2406	0
NZ_JBRZFI010000002.1	169.371.388.1163.1207.93478	1
NZ_JBRZFI010000003.1	205.217.222.7166.22357.93479	1
NZ_JBRZFJ010000002.1	159.167.171.172.173.1356	0
NZ_JBRZFJ010000003.1	5167.6780.7947.62754.72707.93480	1
NZ_JBRZFJ010000004.1	12734.18277.21844.26909.29627.93481	1
NZ_JBRZFK010000002.1	159.167.171.172.173.1356	0
NZ_JBRZFK010000003.1	168.177.182.3361.3594.4231	0
NZ_JBRZFL010000002.1	157.23127.27840.62755.72708.93482	1
NZ_JBRZFL010000003.1	447.17793.21240.26152.28790.35409	0
NZ_JBRZFL010000004.1	13834.19971.23843.29406.32370.93483	1
NZ_JBRZFM010000002.1	157.23127.27840.48158.54465.68482	0
NZ_JBRZFM010000003.1	447.17793.21240.26152.28790.35409	0
NZ_JBRZFM010000004.1	13834.19971.23843.29406.32370.68483	0
NZ_JBRZFN010000003.1	160.168.172.2758.16206.67281	0
NZ_JBRZFN010000004.1	157.165.169.18708.72709.93484	1
