sample	contig_id	length_bp	key_genes	pLIN	provisional_from	nearest_database_plasmid	nearest_similarity	blaVIM1_lineage_by_alignment	pLIN_v3_legacy
NARACHVIM11	NARACHVIM11_contig_3	249474	blaCTX-M-9;blaSHV-12;blaVIM-1	169.178.183.208.209.93441	L6	NZ_PV686675.1	0.9137	A	3.4.8.11.13.15
NARACHVIM11	NARACHVIM11_contig_4	53411	qnrB19	882.3993.4584.62736.72686.93442	L4	CP066261.1	0.7746		4.5.6.8.452.82478
NARACHVIM12	NARACHVIM12_contig_5	5356	qnrA1	158.15885.18893.23038.38221.47863		NZ_CP154357.1	0.9954		4.5.667.11640.18631.82479
NARACHVIM12	NARACHVIM12_contig_6	299362	blaCTX-M-9;blaSHV-12;blaVIM-1	169.178.183.208.209.2438		NZ_KP975077.1	0.9645	A	3.4.8.11.13.47
NARACHVIM20	NARACHVIM20_contig_5	284079	blaCTX-M-9;blaSHV-12;blaVIM-1	169.178.183.208.209.13150		NZ_CP099761.1	0.9704	A	3.4.8.11.13.17
NARACHVIM31	NARACHVIM31_contig_4	271025	blaCTX-M-9;blaSHV-12;blaVIM-1;qnrA1	169.178.183.208.209.13150		NZ_AP023448.1	0.9508	A	3.4.8.11.13.47
NARACHVIM31	NARACHVIM31_contig_6	9520		179.189.194.197.11253.13555		NZ_AP025893.1	1.0		4.5.209.4827.7166.15501
NARACHVIM36	NARACHVIM36_contig_2	39259		13838.19975.23849.62737.72687.93443	L4	NZ_CP115126.1	0.3816		3.6.7.9.14.82480
NARACHVIM36	NARACHVIM36_contig_3	325037	blaVIM-1;qnrB2	169.178.183.208.17250.93444	L6	NZ_CP026661.1	0.853	B	3.6.7.10.70.125
NARACHVIM36	NARACHVIM36_contig_5	47271		50.248.254.62738.72688.93445	L4	NZ_JBLLJW010000023.1	0.5207		4.5.6.7.592.82481
NARACHVIM48	NARACHVIM48_contig_2	342211	blaVIM-1;qnrB2	169.178.183.208.17250.93444	L6	NZ_CP048697.1	0.8725	B	3.6.7.10.70.125
NARACHVIM48	NARACHVIM48_contig_3	56685		6644.8829.10412.44740.50486.93446	L6	NZ_JBNRLR010000018.1	0.9173		3.4.8.11.11789.59739
NARACHVIM52	NARACHVIM52_contig_4	310079	blaCTX-M-9;blaSHV-12;blaVIM-1;qnrA1	169.178.183.208.209.2438		OW849303.1	0.9639	A	3.4.8.11.13.47
NARACHVIM52	NARACHVIM52_contig_5	5356	qnrA1	158.15885.18893.23038.38221.47863		NZ_CP154357.1	1.0		4.5.23.12216.19502.42894
NARACHVIM52	NARACHVIM52_contig_6	5022		435.490.527.580.594.632		NZ_AP025850.1	0.9873		4.5.211.567.1060.4391
NARACHVIM56	NARACHVIM56_contig_1	335344	blaVIM-1;qnrB4	169.371.388.62739.72689.93447	L4	NZ_CP048697.1	0.7607	C	3.6.7.10.70.125
NARACHVIM56	NARACHVIM56_contig_2	167394		205.217.1204.62740.72690.93448	L4	NZ_JBRAVI010000003.1	0.7402		4.5.6.7.7.235
NARACHVIM56	NARACHVIM56_contig_4	108584	blaSHV-12;qnrS1	159.167.171.1605.72691.93449	L5	NZ_CP092451.1	0.3669		4.5.6.8.7402.82482
NARACHVIM56	NARACHVIM56_contig_5	87410		291.313.324.12707.13847.93450	L6	NZ_CP010365.1	0.8822		4.5.6.7.21.82483
