scope	method	truth	precision_w	recall_w	F1_w	positive_pairs	pairs	F1_w_lo	F1_w_hi
pooled	MOB-suite primary	same_lineage	0.5855836948209439	0.9979880400156486	0.7380853181492024	790	4992	0.6631252941016903	0.8110843977593947
E1	MOB-suite primary	same_lineage	0.8842561745474257	0.9886363636363636	0.9335376067815605	264	1572		
E3	MOB-suite primary	same_lineage	0.5463335361600452	1.0	0.7066179752095861	526	3420		
pooled	MOB-suite primary	related_backbone	0.9662534317821392	0.8068355697604241	0.879377896413163	1810	4992	0.8339766430999629	0.9188856522042622
E1	MOB-suite primary	related_backbone	0.9316875402319619	0.6924103433516018	0.7944226713786363	379	1572		
E3	MOB-suite primary	related_backbone	0.9707959216989953	0.8240098760455508	0.8914005382754743	1431	3420		
pooled	MOB-suite secondary	same_lineage	0.7320210182882593	0.9755602749678646	0.836423576088493	790	4992	0.7663903958951467	0.8992089625635535
E1	MOB-suite secondary	same_lineage	0.9595588235294118	0.9886363636363636	0.9738805970149255	264	1572		
E3	MOB-suite secondary	same_lineage	0.695936721099607	0.9727470288624789	0.8113824776460127	526	3420		
pooled	MOB-suite secondary	related_backbone	1.0	0.6529624124715631	0.7900511318889973	1810	4992	0.7323070012340164	0.8404007549469006
E1	MOB-suite secondary	related_backbone	1.0	0.6848567759695843	0.812955481720955	379	1572		
E3	MOB-suite secondary	related_backbone	1.0	0.6481753250025194	0.7865368631235014	1431	3420		
pooled	pLIN v4.1 L1	same_lineage	0.4819044800238508	0.9973173866875314	0.6498169442544821	790	4992	0.581887281354062	0.7209513291027212
E1	pLIN v4.1 L1	same_lineage	0.87248322147651	0.9848484848484849	0.9252669039145909	264	1572		
E3	pLIN v4.1 L1	same_lineage	0.4401545278673864	1.0	0.6112601382008321	526	3420		
pooled	pLIN v4.1 L1	related_backbone	0.7673355988739988	0.778064138779328	0.7726626287632364	1810	4992	0.7031341000610579	0.8423088964348289
E1	pLIN v4.1 L1	related_backbone	0.9765100671140939	0.7326960360556949	0.8372133167744751	379	1572		
E3	pLIN v4.1 L1	related_backbone	0.7449764095108053	0.7848735261513656	0.7644047272901264	1431	3420		
pooled	pLIN v4.1 L2	same_lineage	0.6643490458987197	0.9973173866875314	0.7974727554348361	790	4992	0.7264234299159589	0.8621763938830442
E1	pLIN v4.1 L2	same_lineage	0.9629629629629629	0.9848484848484849	0.9737827715355806	264	1572		
E3	pLIN v4.1 L2	same_lineage	0.6233891370685598	1.0	0.7680094967177701	526	3420		
pooled	pLIN v4.1 L2	related_backbone	1.0	0.7355203622387564	0.8476078739749991	1810	4992	0.7942079232890138	0.8970664022165092
E1	pLIN v4.1 L2	related_backbone	1.0	0.6798210643815726	0.8093969992355695	379	1572		
E3	pLIN v4.1 L2	related_backbone	1.0	0.743880378917666	0.853132345441438	1431	3420		
pooled	pLIN v4.1 L3	same_lineage	0.6656455997636576	0.9973173866875314	0.7984061406358078	790	4992	0.727489006691128	0.8629305240976427
E1	pLIN v4.1 L3	same_lineage	0.966542750929368	0.9848484848484849	0.975609756097561	264	1572		
E3	pLIN v4.1 L3	same_lineage	0.6244550595914602	1.0	0.7688178948434641	526	3420		
pooled	pLIN v4.1 L3	related_backbone	1.0	0.7340877053283227	0.846655798403616	1810	4992	0.7931373102569316	0.8965483674662783
E1	pLIN v4.1 L3	related_backbone	1.0	0.6773032085875668	0.8076097453577451	379	1572		
E3	pLIN v4.1 L3	related_backbone	1.0	0.7426106016325709	0.8522966644835668	1431	3420		
pooled	pLIN v4.1 L4	same_lineage	0.7755519521888705	0.9933046442742971	0.8710252233284911	790	4992	0.8027046203203044	0.9267825982711544
E1	pLIN v4.1 L4	same_lineage	1.0	0.9810606060606061	0.9904397705544934	264	1572		
E3	pLIN v4.1 L4	same_lineage	0.7403361327568904	0.9959388794567061	0.8493234462197079	526	3420		
pooled	pLIN v4.1 L4	related_backbone	1.0	0.6275223469286049	0.7711382250607373	1810	4992	0.7028902614825896	0.8322794505722205
E1	pLIN v4.1 L4	related_backbone	1.0	0.6521246506475086	0.7894375892181317	379	1572		
E3	pLIN v4.1 L4	related_backbone	1.0	0.6238297389902246	0.7683437789212456	1431	3420		
pooled	pLIN v4.1 L5	same_lineage	0.802550980310574	0.9702062258983959	0.8784507601729585	790	4992	0.8116006835948876	0.9334539329359174
E1	pLIN v4.1 L5	same_lineage	1.0	0.9772727272727273	0.9885057471264368	264	1572		
E3	pLIN v4.1 L5	same_lineage	0.7695698385208444	0.9686859083191849	0.8577235650137252	526	3420		
pooled	pLIN v4.1 L5	related_backbone	1.0	0.5923099840195227	0.743963160394604	1810	4992	0.6698001877100508	0.8097173680127716
E1	pLIN v4.1 L5	related_backbone	1.0	0.6496067948535027	0.7875898630875761	379	1572		
E3	pLIN v4.1 L5	related_backbone	1.0	0.5837101934898721	0.737142686697754	1431	3420		
pooled	pLIN v4.1 L6	same_lineage	0.7911507346871389	0.69631699547309	0.740710795096489	790	4992	0.6671340394092483	0.8131945467088063
E1	pLIN v4.1 L6	same_lineage	1.0	0.8371212121212122	0.911340206185567	264	1572		
E3	pLIN v4.1 L6	same_lineage	0.7488584474885843	0.6660237691001697	0.7050163184909349	526	3420		
pooled	pLIN v4.1 L6	related_backbone	1.0	0.431226444130214	0.6025970885302908	1810	4992	0.5109430864269313	0.6910215088574599
E1	pLIN v4.1 L6	related_backbone	1.0	0.5564461304752872	0.7150213805412808	379	1572		
E3	pLIN v4.1 L6	related_backbone	1.0	0.41243197621686994	0.5840026042479566	1431	3420		
pooled	pling community	same_lineage	0.21576372345850392	0.9993293466718829	0.3549012435337851	790	4992	0.2760166946856209	0.4419614848425974
E1	pling community	same_lineage	0.6707786218007303	0.9962121212121212	0.8017294594931018	264	1572		
E3	pling community	same_lineage	0.18837612488371216	1.0	0.3170311502213083	526	3420		
pooled	pling community	related_backbone	0.4231898761793037	0.9603357762251243	0.587490918617918	1810	4992	0.5027931235190071	0.6824141124465554
E1	pling community	related_backbone	0.8493128557400882	0.8384459794039396	0.8438444336042673	379	1572		
E3	pling community	related_backbone	0.39754129818718853	0.9786304544996475	0.5654032944183532	1431	3420		
pooled	pling subcommunity	same_lineage	0.6395609490070859	0.7956798748113786	0.7091294609169656	790	4992	0.6102952712628997	0.8011982602743973
E1	pling subcommunity	same_lineage	0.7850746268656716	0.9962121212121212	0.8781302170283807	264	1572		
E3	pling subcommunity	same_lineage	0.607491801319464	0.7525365025466892	0.6722797668124543	526	3420		
pooled	pling subcommunity	related_backbone	0.8904223309737233	0.5427628372302404	0.6744252751346965	1810	4992	0.5837356745772988	0.7581648810556939
E1	pling subcommunity	related_backbone	0.9253731343283582	0.7805352961418056	0.8468055852746882	379	1572		
E3	pling subcommunity	related_backbone	0.8827196703642505	0.5070751032953743	0.6441313156649332	1431	3420		
